opportunity_id,opportunity_name,account_id,industry_group,product,stage,stage_index,close_probability,deal_value_usd,fee_pct,expected_fee_usd,open_date,close_date,is_closed,is_won,lead_md_id
OPP00001,CONS-M&A-0001,A0215,Consumer,M&A,Qualification,1,0.15,85920134.0,0.01732,1488136.72,2024-07-19,,False,False,B0074
OPP00002,CONS-ECM-0002,A0270,Consumer,ECM,Pitch,2,0.3,24180118.0,0.01688,408160.39,2024-12-02,,False,False,B0072
OPP00003,CONS-DebtAdvisory-0003,A0219,Consumer,Debt Advisory,Qualification,1,0.15,53824321.0,0.0072,387535.11,2023-08-29,,False,False,B0075
OPP00004,CONS-Restructuring-0004,A0213,Consumer,Restructuring,Closed Won,5,1.0,11858551.0,0.01649,195547.51,2023-01-09,2024-03-11,True,True,B0073
OPP00005,HEAL-M&A-0005,A0141,Healthcare,M&A,Mandate,3,0.55,34358911.0,0.00583,200312.45,2024-04-04,,False,False,B0074
OPP00006,HEAL-ECM-0006,A0181,Healthcare,ECM,Mandate,3,0.55,32560273.0,0.01416,461053.47,2025-05-06,,False,False,B0073
OPP00007,HEAL-DebtAdvisory-0007,A0112,Healthcare,Debt Advisory,Mandate,3,0.55,89882382.0,0.00449,403571.9,2024-07-08,,False,False,B0072
OPP00008,HEAL-Restructuring-0008,A0131,Healthcare,Restructuring,Qualification,1,0.15,13962452.0,0.00774,108069.38,2023-10-05,,False,False,B0075
OPP00009,INDU-M&A-0009,A0041,Industrial,M&A,Qualification,1,0.15,50032491.0,0.01459,729974.04,2023-03-01,,False,False,B0073
OPP00010,INDU-ECM-0010,A0103,Industrial,ECM,Closed Won,5,1.0,33317326.0,0.01702,567060.89,2025-09-24,2026-09-27,True,True,B0070
OPP00011,INDU-DebtAdvisory-0011,A0029,Industrial,Debt Advisory,Prospecting,0,0.05,15002754.0,0.01139,170881.37,2023-04-18,,False,False,B0074
OPP00012,INDU-Restructuring-0012,A0159,Industrial,Restructuring,Mandate,3,0.55,67840641.0,0.01514,1027107.3,2023-06-12,,False,False,B0072
OPP00013,TECH-M&A-0013,A0097,Technology & Services,M&A,Pitch,2,0.3,40966024.0,0.00979,401057.37,2023-08-28,,False,False,B0076
OPP00014,TECH-ECM-0014,A0159,Technology & Services,ECM,Prospecting,0,0.05,17938824.0,0.01854,332585.8,2023-03-30,,False,False,B0074
OPP00015,TECH-DebtAdvisory-0015,A0311,Technology & Services,Debt Advisory,Qualification,1,0.15,31939768.0,0.01547,494108.21,2025-02-04,,False,False,B0075
OPP00016,TECH-Restructuring-0016,A0041,Technology & Services,Restructuring,Qualification,1,0.15,18717700.0,0.01844,345154.39,2024-03-26,,False,False,B0072
OPP00017,INDU-M&A-0017,A0186,Industrial,M&A,Qualification,1,0.15,25784009.0,0.01771,456634.8,2025-03-20,,False,False,B0069
OPP00018,TECH-ECM-0018,A0031,Technology & Services,ECM,Pitch,2,0.3,44887366.0,0.01335,599246.34,2024-12-21,,False,False,B0074
OPP00019,INDU-M&A-0019,A0014,Industrial,M&A,Pitch,2,0.3,149569065.0,0.00928,1388000.92,2025-02-26,,False,False,B0074
OPP00020,CONS-DebtAdvisory-0020,A0317,Consumer,Debt Advisory,Execution,4,0.8,24747218.0,0.0188,465247.7,2023-04-15,,False,False,B0073
OPP00021,HEAL-ECM-0021,A0008,Healthcare,ECM,Execution,4,0.8,11713755.0,0.01172,137285.21,2023-10-23,,False,False,B0072
OPP00022,TECH-M&A-0022,A0052,Technology & Services,M&A,Mandate,3,0.55,606051922.0,0.01901,11521047.04,2023-03-25,,False,False,B0073
OPP00023,INDU-ECM-0023,A0107,Industrial,ECM,Qualification,1,0.15,30285465.0,0.01102,333745.82,2025-08-12,,False,False,B0071
OPP00024,CONS-ECM-0024,A0045,Consumer,ECM,Closed Lost,6,0.0,17329341.0,0.00574,99470.42,2025-04-07,2026-02-07,True,False,B0074
OPP00025,INDU-M&A-0025,A0103,Industrial,M&A,Execution,4,0.8,216075172.0,0.0163,3522025.3,2023-10-10,,False,False,B0069
OPP00026,INDU-Restructuring-0026,A0012,Industrial,Restructuring,Qualification,1,0.15,22914869.0,0.00993,227544.65,2023-08-26,,False,False,B0071
OPP00027,TECH-ECM-0027,A0199,Technology & Services,ECM,Pitch,2,0.3,101789317.0,0.00865,880477.59,2025-03-20,,False,False,B0073
OPP00028,TECH-ECM-0028,A0311,Technology & Services,ECM,Closed Lost,6,0.0,29224410.0,0.01096,320299.53,2023-07-01,2023-10-22,True,False,B0076
OPP00029,CONS-Restructuring-0029,A0151,Consumer,Restructuring,Closed Won,5,1.0,39555903.0,0.0123,486537.61,2025-04-26,2026-08-23,True,True,B0071
OPP00030,CONS-Restructuring-0030,A0120,Consumer,Restructuring,Execution,4,0.8,64739417.0,0.01595,1032593.7,2024-02-16,,False,False,B0072
OPP00031,HEAL-M&A-0031,A0286,Healthcare,M&A,Qualification,1,0.15,194479076.0,0.0173,3364488.01,2025-07-26,,False,False,B0070
OPP00032,INDU-M&A-0032,A0280,Industrial,M&A,Execution,4,0.8,155918445.0,0.00897,1398588.45,2024-12-21,,False,False,B0076
OPP00033,TECH-ECM-0033,A0056,Technology & Services,ECM,Mandate,3,0.55,37992578.0,0.00422,160328.68,2025-08-30,,False,False,B0070
OPP00034,HEAL-M&A-0034,A0039,Healthcare,M&A,Execution,4,0.8,42125063.0,0.01511,636509.7,2025-08-28,,False,False,B0075
OPP00035,INDU-ECM-0035,A0229,Industrial,ECM,Closed Won,5,1.0,13339586.0,0.0061,81371.47,2023-07-20,2023-08-31,True,True,B0072
OPP00036,CONS-DebtAdvisory-0036,A0163,Consumer,Debt Advisory,Pitch,2,0.3,32772300.0,0.01182,387368.59,2025-07-17,,False,False,B0074
OPP00037,HEAL-Restructuring-0037,A0296,Healthcare,Restructuring,Qualification,1,0.15,35981917.0,0.01288,463447.09,2025-08-19,,False,False,B0070
OPP00038,INDU-Restructuring-0038,A0054,Industrial,Restructuring,Prospecting,0,0.05,54049211.0,0.01946,1051797.65,2023-04-17,,False,False,B0073
OPP00039,CONS-Restructuring-0039,A0213,Consumer,Restructuring,Closed Won,5,1.0,25864028.0,0.00429,110956.68,2024-03-09,2024-12-02,True,True,B0069
OPP00040,HEAL-Restructuring-0040,A0299,Healthcare,Restructuring,Closed Won,5,1.0,38019155.0,0.0137,520862.42,2024-04-09,2024-09-04,True,True,B0075
OPP00041,TECH-DebtAdvisory-0041,A0120,Technology & Services,Debt Advisory,Pitch,2,0.3,121021002.0,0.01443,1746333.06,2023-04-30,,False,False,B0076
OPP00042,TECH-ECM-0042,A0270,Technology & Services,ECM,Qualification,1,0.15,13815748.0,0.01594,220223.02,2024-03-30,,False,False,B0075
OPP00043,TECH-M&A-0043,A0191,Technology & Services,M&A,Prospecting,0,0.05,59852873.0,0.01719,1028870.89,2024-04-21,,False,False,B0071
OPP00044,HEAL-Restructuring-0044,A0053,Healthcare,Restructuring,Closed Lost,6,0.0,31373042.0,0.00646,202669.85,2023-05-25,2024-04-24,True,False,B0072
OPP00045,CONS-DebtAdvisory-0045,A0138,Consumer,Debt Advisory,Prospecting,0,0.05,54241285.0,0.00485,263070.23,2023-01-23,,False,False,B0073
OPP00046,INDU-DebtAdvisory-0046,A0102,Industrial,Debt Advisory,Pitch,2,0.3,46169955.0,0.018,831059.19,2025-04-09,,False,False,B0075
OPP00047,TECH-DebtAdvisory-0047,A0206,Technology & Services,Debt Advisory,Qualification,1,0.15,554000129.0,0.00799,4426461.03,2023-02-14,,False,False,B0073
OPP00048,TECH-ECM-0048,A0120,Technology & Services,ECM,Prospecting,0,0.05,55675010.0,0.00563,313450.31,2023-01-09,,False,False,B0069
OPP00049,TECH-M&A-0049,A0032,Technology & Services,M&A,Closed Lost,6,0.0,101411254.0,0.01844,1870023.52,2023-02-22,2024-03-09,True,False,B0070
OPP00050,TECH-ECM-0050,A0206,Technology & Services,ECM,Closed Won,5,1.0,33836340.0,0.00615,208093.49,2025-03-14,2026-02-27,True,True,B0075
OPP00051,INDU-ECM-0051,A0149,Industrial,ECM,Closed Won,5,1.0,35563656.0,0.01423,506070.82,2024-05-30,2025-08-28,True,True,B0070
OPP00052,HEAL-M&A-0052,A0109,Healthcare,M&A,Mandate,3,0.55,59126864.0,0.00772,456459.39,2023-05-21,,False,False,B0071
OPP00053,INDU-ECM-0053,A0122,Industrial,ECM,Pitch,2,0.3,17062461.0,0.00875,149296.53,2024-03-10,,False,False,B0075
OPP00054,TECH-DebtAdvisory-0054,A0308,Technology & Services,Debt Advisory,Mandate,3,0.55,126996578.0,0.01257,1596346.99,2025-07-06,,False,False,B0075
OPP00055,HEAL-DebtAdvisory-0055,A0057,Healthcare,Debt Advisory,Closed Won,5,1.0,46729735.0,0.00861,402343.02,2024-07-08,2025-05-05,True,True,B0074
OPP00056,CONS-M&A-0056,A0276,Consumer,M&A,Execution,4,0.8,46892006.0,0.01383,648516.44,2024-05-19,,False,False,B0074
OPP00057,CONS-DebtAdvisory-0057,A0308,Consumer,Debt Advisory,Prospecting,0,0.05,10693683.0,0.0062,66300.83,2024-12-27,,False,False,B0076
OPP00058,CONS-Restructuring-0058,A0251,Consumer,Restructuring,Execution,4,0.8,23463642.0,0.01914,449094.11,2024-03-22,,False,False,B0069
OPP00059,HEAL-DebtAdvisory-0059,A0003,Healthcare,Debt Advisory,Prospecting,0,0.05,58282272.0,0.01304,760000.83,2024-08-14,,False,False,B0073
OPP00060,HEAL-ECM-0060,A0245,Healthcare,ECM,Mandate,3,0.55,63879002.0,0.01187,758243.75,2024-12-29,,False,False,B0070
OPP00061,INDU-M&A-0061,A0157,Industrial,M&A,Prospecting,0,0.05,10602125.0,0.0054,57251.48,2025-07-21,,False,False,B0074
OPP00062,INDU-ECM-0062,A0262,Industrial,ECM,Closed Won,5,1.0,115135977.0,0.01837,2115047.9,2023-07-29,2024-08-04,True,True,B0075
OPP00063,INDU-ECM-0063,A0101,Industrial,ECM,Pitch,2,0.3,38367823.0,0.00636,244019.35,2024-06-17,,False,False,B0069
OPP00064,TECH-DebtAdvisory-0064,A0304,Technology & Services,Debt Advisory,Pitch,2,0.3,166967542.0,0.01285,2145532.91,2024-03-14,,False,False,B0076
OPP00065,HEAL-Restructuring-0065,A0121,Healthcare,Restructuring,Mandate,3,0.55,145554993.0,0.01548,2253191.29,2023-05-21,,False,False,B0075
OPP00066,TECH-ECM-0066,A0204,Technology & Services,ECM,Closed Won,5,1.0,7252305.0,0.01341,97253.41,2023-04-30,2024-08-19,True,True,B0069
OPP00067,INDU-DebtAdvisory-0067,A0310,Industrial,Debt Advisory,Mandate,3,0.55,10406763.0,0.00873,90851.04,2023-01-14,,False,False,B0072
OPP00068,HEAL-ECM-0068,A0294,Healthcare,ECM,Qualification,1,0.15,56437634.0,0.00577,325645.15,2024-05-31,,False,False,B0072
OPP00069,TECH-M&A-0069,A0214,Technology & Services,M&A,Qualification,1,0.15,66548875.0,0.0057,379328.59,2025-05-30,,False,False,B0076
OPP00070,CONS-DebtAdvisory-0070,A0029,Consumer,Debt Advisory,Execution,4,0.8,54097051.0,0.00446,241272.85,2024-09-16,,False,False,B0070
OPP00071,CONS-ECM-0071,A0064,Consumer,ECM,Closed Won,5,1.0,30880422.0,0.0145,447766.12,2023-05-25,2024-08-09,True,True,B0076
OPP00072,CONS-M&A-0072,A0309,Consumer,M&A,Prospecting,0,0.05,7320913.0,0.01682,123137.76,2023-01-07,,False,False,B0070
OPP00073,HEAL-Restructuring-0073,A0257,Healthcare,Restructuring,Prospecting,0,0.05,34058982.0,0.01635,556864.36,2024-11-01,,False,False,B0075
OPP00074,INDU-Restructuring-0074,A0224,Industrial,Restructuring,Prospecting,0,0.05,22020631.0,0.006,132123.79,2025-04-18,,False,False,B0073
OPP00075,INDU-DebtAdvisory-0075,A0273,Industrial,Debt Advisory,Execution,4,0.8,25778199.0,0.01575,406006.63,2023-03-29,,False,False,B0069
OPP00076,CONS-M&A-0076,A0314,Consumer,M&A,Closed Won,5,1.0,12686343.0,0.00487,61782.49,2023-09-29,2024-07-21,True,True,B0069
OPP00077,INDU-M&A-0077,A0228,Industrial,M&A,Closed Lost,6,0.0,101489641.0,0.00547,555148.34,2023-02-13,2023-11-04,True,False,B0075
OPP00078,CONS-ECM-0078,A0280,Consumer,ECM,Mandate,3,0.55,64688978.0,0.01418,917289.71,2025-09-08,,False,False,B0073
OPP00079,HEAL-M&A-0079,A0083,Healthcare,M&A,Closed Lost,6,0.0,11650131.0,0.0152,177081.99,2024-06-26,2024-12-26,True,False,B0074
OPP00080,HEAL-Restructuring-0080,A0163,Healthcare,Restructuring,Prospecting,0,0.05,60243082.0,0.01159,698217.32,2024-04-07,,False,False,B0070
OPP00081,CONS-Restructuring-0081,A0252,Consumer,Restructuring,Qualification,1,0.15,115943799.0,0.01085,1257990.22,2023-05-16,,False,False,B0073
OPP00082,HEAL-DebtAdvisory-0082,A0131,Healthcare,Debt Advisory,Pitch,2,0.3,10526319.0,0.01341,141157.94,2023-06-04,,False,False,B0073
OPP00083,HEAL-Restructuring-0083,A0031,Healthcare,Restructuring,Pitch,2,0.3,251639495.0,0.00761,1914976.56,2023-02-07,,False,False,B0073
OPP00084,HEAL-DebtAdvisory-0084,A0079,Healthcare,Debt Advisory,Closed Won,5,1.0,52002018.0,0.00906,471138.28,2024-07-02,2025-06-27,True,True,B0075
OPP00085,HEAL-DebtAdvisory-0085,A0201,Healthcare,Debt Advisory,Pitch,2,0.3,455955764.0,0.0122,5562660.32,2024-06-14,,False,False,B0075
OPP00086,INDU-DebtAdvisory-0086,A0162,Industrial,Debt Advisory,Closed Lost,6,0.0,37755178.0,0.0168,634286.99,2025-06-06,2026-09-12,True,False,B0070
OPP00087,HEAL-DebtAdvisory-0087,A0278,Healthcare,Debt Advisory,Mandate,3,0.55,76380449.0,0.00515,393359.31,2025-04-18,,False,False,B0075
OPP00088,TECH-M&A-0088,A0107,Technology & Services,M&A,Qualification,1,0.15,33337527.0,0.00902,300704.49,2024-07-20,,False,False,B0069
OPP00089,INDU-Restructuring-0089,A0275,Industrial,Restructuring,Closed Won,5,1.0,150199656.0,0.00646,970289.78,2023-01-16,2024-02-10,True,True,B0070
OPP00090,INDU-DebtAdvisory-0090,A0144,Industrial,Debt Advisory,Pitch,2,0.3,26986682.0,0.01993,537844.57,2023-05-01,,False,False,B0075
OPP00091,HEAL-ECM-0091,A0226,Healthcare,ECM,Execution,4,0.8,33679806.0,0.01425,479937.24,2023-05-26,,False,False,B0071
OPP00092,CONS-DebtAdvisory-0092,A0134,Consumer,Debt Advisory,Mandate,3,0.55,80317125.0,0.00665,534108.88,2023-07-30,,False,False,B0075
OPP00093,TECH-Restructuring-0093,A0269,Technology & Services,Restructuring,Mandate,3,0.55,146451651.0,0.00627,918251.85,2023-07-21,,False,False,B0073
OPP00094,HEAL-Restructuring-0094,A0154,Healthcare,Restructuring,Prospecting,0,0.05,49542291.0,0.01094,541992.66,2024-01-29,,False,False,B0072
OPP00095,TECH-M&A-0095,A0291,Technology & Services,M&A,Qualification,1,0.15,66127851.0,0.00773,511168.29,2023-09-03,,False,False,B0070
OPP00096,HEAL-M&A-0096,A0087,Healthcare,M&A,Execution,4,0.8,5102115.0,0.00535,27296.32,2024-05-06,,False,False,B0070
OPP00097,TECH-Restructuring-0097,A0208,Technology & Services,Restructuring,Execution,4,0.8,35038576.0,0.01621,567975.32,2024-07-11,,False,False,B0073
OPP00098,CONS-DebtAdvisory-0098,A0106,Consumer,Debt Advisory,Mandate,3,0.55,79909026.0,0.01751,1399207.05,2024-01-03,,False,False,B0072
OPP00099,INDU-Restructuring-0099,A0039,Industrial,Restructuring,Closed Won,5,1.0,33385262.0,0.01339,447028.66,2024-01-06,2024-10-19,True,True,B0075
OPP00100,HEAL-ECM-0100,A0171,Healthcare,ECM,Mandate,3,0.55,19778033.0,0.01038,205295.98,2025-04-28,,False,False,B0076
OPP00101,TECH-DebtAdvisory-0101,A0083,Technology & Services,Debt Advisory,Qualification,1,0.15,98954045.0,0.00707,699605.1,2024-09-23,,False,False,B0069
OPP00102,INDU-Restructuring-0102,A0099,Industrial,Restructuring,Pitch,2,0.3,11955303.0,0.00412,49255.85,2024-02-26,,False,False,B0072
OPP00103,HEAL-M&A-0103,A0282,Healthcare,M&A,Execution,4,0.8,11883480.0,0.01393,165536.88,2024-12-05,,False,False,B0072
OPP00104,TECH-Restructuring-0104,A0148,Technology & Services,Restructuring,Closed Lost,6,0.0,15545583.0,0.01651,256657.58,2024-05-31,2025-07-02,True,False,B0075
OPP00105,CONS-M&A-0105,A0134,Consumer,M&A,Closed Won,5,1.0,20713225.0,0.01447,299720.37,2025-03-21,2025-11-30,True,True,B0076
OPP00106,CONS-Restructuring-0106,A0235,Consumer,Restructuring,Qualification,1,0.15,9953320.0,0.00466,46382.47,2025-04-02,,False,False,B0073
OPP00107,TECH-Restructuring-0107,A0149,Technology & Services,Restructuring,Closed Lost,6,0.0,8908658.0,0.01059,94342.69,2024-05-05,2025-08-16,True,False,B0069
OPP00108,TECH-DebtAdvisory-0108,A0143,Technology & Services,Debt Advisory,Mandate,3,0.55,24817168.0,0.0188,466562.76,2023-03-27,,False,False,B0075
OPP00109,CONS-M&A-0109,A0016,Consumer,M&A,Pitch,2,0.3,17350342.0,0.0148,256785.06,2025-08-12,,False,False,B0075
OPP00110,INDU-DebtAdvisory-0110,A0237,Industrial,Debt Advisory,Closed Won,5,1.0,83673939.0,0.00478,399961.43,2025-02-13,2026-03-27,True,True,B0076
OPP00111,CONS-M&A-0111,A0002,Consumer,M&A,Closed Won,5,1.0,56064990.0,0.01484,832004.45,2024-09-14,2025-05-28,True,True,B0073
OPP00112,CONS-Restructuring-0112,A0215,Consumer,Restructuring,Closed Lost,6,0.0,17252585.0,0.01764,304335.6,2024-02-07,2025-01-13,True,False,B0073
OPP00113,HEAL-Restructuring-0113,A0037,Healthcare,Restructuring,Qualification,1,0.15,7700885.0,0.01035,79704.16,2025-05-04,,False,False,B0071
OPP00114,INDU-Restructuring-0114,A0028,Industrial,Restructuring,Qualification,1,0.15,70565833.0,0.01548,1092359.09,2024-11-11,,False,False,B0072
OPP00115,TECH-DebtAdvisory-0115,A0039,Technology & Services,Debt Advisory,Qualification,1,0.15,32488845.0,0.00619,201105.95,2025-09-26,,False,False,B0073
OPP00116,CONS-Restructuring-0116,A0071,Consumer,Restructuring,Closed Won,5,1.0,51031397.0,0.01864,951225.24,2025-01-05,2025-12-04,True,True,B0072
OPP00117,HEAL-M&A-0117,A0022,Healthcare,M&A,Pitch,2,0.3,74665840.0,0.00428,319569.8,2023-03-25,,False,False,B0071
OPP00118,HEAL-Restructuring-0118,A0308,Healthcare,Restructuring,Pitch,2,0.3,32886982.0,0.01935,636363.1,2024-09-27,,False,False,B0075
OPP00119,INDU-DebtAdvisory-0119,A0288,Industrial,Debt Advisory,Qualification,1,0.15,9482068.0,0.00921,87329.85,2023-12-14,,False,False,B0076
OPP00120,TECH-ECM-0120,A0190,Technology & Services,ECM,Closed Won,5,1.0,56239661.0,0.00879,494346.62,2024-06-14,2024-10-31,True,True,B0075
OPP00121,CONS-ECM-0121,A0081,Consumer,ECM,Prospecting,0,0.05,375715233.0,0.01298,4876783.72,2023-11-20,,False,False,B0075
OPP00122,INDU-Restructuring-0122,A0153,Industrial,Restructuring,Pitch,2,0.3,135780818.0,0.01479,2008198.3,2025-05-11,,False,False,B0071
OPP00123,TECH-DebtAdvisory-0123,A0060,Technology & Services,Debt Advisory,Closed Won,5,1.0,89676701.0,0.00563,504879.83,2025-06-22,2026-03-18,True,True,B0072
OPP00124,INDU-ECM-0124,A0301,Industrial,ECM,Mandate,3,0.55,35279572.0,0.00457,161227.64,2025-08-14,,False,False,B0076
OPP00125,INDU-M&A-0125,A0079,Industrial,M&A,Prospecting,0,0.05,18489719.0,0.01128,208564.03,2023-02-22,,False,False,B0071
OPP00126,INDU-Restructuring-0126,A0249,Industrial,Restructuring,Prospecting,0,0.05,17404993.0,0.01015,176660.68,2023-11-10,,False,False,B0069
OPP00127,TECH-DebtAdvisory-0127,A0097,Technology & Services,Debt Advisory,Qualification,1,0.15,36057213.0,0.01067,384730.46,2025-09-05,,False,False,B0070
OPP00128,CONS-ECM-0128,A0001,Consumer,ECM,Closed Won,5,1.0,36410909.0,0.01183,430741.05,2023-04-24,2023-08-14,True,True,B0069
OPP00129,HEAL-ECM-0129,A0270,Healthcare,ECM,Closed Won,5,1.0,40363600.0,0.00916,369730.58,2024-03-08,2024-12-01,True,True,B0073
OPP00130,CONS-Restructuring-0130,A0079,Consumer,Restructuring,Execution,4,0.8,163948183.0,0.00929,1523078.62,2024-04-25,,False,False,B0076
OPP00131,HEAL-M&A-0131,A0228,Healthcare,M&A,Mandate,3,0.55,46383154.0,0.00476,220783.81,2025-05-14,,False,False,B0071
OPP00132,CONS-M&A-0132,A0050,Consumer,M&A,Prospecting,0,0.05,88630859.0,0.0045,398838.87,2025-07-08,,False,False,B0069
OPP00133,INDU-DebtAdvisory-0133,A0183,Industrial,Debt Advisory,Qualification,1,0.15,17565359.0,0.01759,308974.66,2023-03-31,,False,False,B0072
OPP00134,CONS-ECM-0134,A0319,Consumer,ECM,Execution,4,0.8,70046356.0,0.01637,1146658.85,2025-05-04,,False,False,B0075
OPP00135,HEAL-ECM-0135,A0026,Healthcare,ECM,Closed Lost,6,0.0,278208137.0,0.01975,5494610.71,2024-07-11,2025-03-29,True,False,B0071
OPP00136,INDU-Restructuring-0136,A0256,Industrial,Restructuring,Pitch,2,0.3,65547856.0,0.00746,488987.01,2024-07-03,,False,False,B0073
OPP00137,HEAL-DebtAdvisory-0137,A0123,Healthcare,Debt Advisory,Prospecting,0,0.05,59811725.0,0.00954,570603.86,2023-11-15,,False,False,B0069
OPP00138,INDU-M&A-0138,A0040,Industrial,M&A,Closed Won,5,1.0,208634778.0,0.00907,1892317.44,2025-04-26,2026-05-22,True,True,B0076
OPP00139,CONS-DebtAdvisory-0139,A0046,Consumer,Debt Advisory,Prospecting,0,0.05,16450654.0,0.00677,111370.93,2025-02-16,,False,False,B0075
OPP00140,INDU-M&A-0140,A0185,Industrial,M&A,Prospecting,0,0.05,40965606.0,0.01989,814805.9,2025-09-19,,False,False,B0073
OPP00141,HEAL-M&A-0141,A0059,Healthcare,M&A,Closed Lost,6,0.0,36666622.0,0.01395,511499.38,2023-04-03,2024-07-24,True,False,B0071
OPP00142,INDU-M&A-0142,A0095,Industrial,M&A,Execution,4,0.8,62591384.0,0.01738,1087838.25,2023-05-14,,False,False,B0070
OPP00143,CONS-M&A-0143,A0199,Consumer,M&A,Qualification,1,0.15,110801754.0,0.00806,893062.14,2024-08-19,,False,False,B0073
OPP00144,CONS-DebtAdvisory-0144,A0217,Consumer,Debt Advisory,Pitch,2,0.3,140202449.0,0.01307,1832446.01,2025-01-22,,False,False,B0071
OPP00145,TECH-DebtAdvisory-0145,A0012,Technology & Services,Debt Advisory,Pitch,2,0.3,53516901.0,0.0042,224770.98,2025-09-11,,False,False,B0075
OPP00146,HEAL-DebtAdvisory-0146,A0031,Healthcare,Debt Advisory,Pitch,2,0.3,58253082.0,0.01032,601171.81,2025-07-29,,False,False,B0070
OPP00147,INDU-ECM-0147,A0058,Industrial,ECM,Closed Lost,6,0.0,160531260.0,0.01774,2847824.55,2023-05-31,2023-11-12,True,False,B0076
OPP00148,TECH-M&A-0148,A0207,Technology & Services,M&A,Mandate,3,0.55,8238587.0,0.01805,148706.5,2023-08-02,,False,False,B0072
OPP00149,HEAL-DebtAdvisory-0149,A0143,Healthcare,Debt Advisory,Closed Won,5,1.0,62854965.0,0.01312,824657.14,2024-10-15,2025-11-21,True,True,B0069
OPP00150,TECH-Restructuring-0150,A0138,Technology & Services,Restructuring,Closed Won,5,1.0,32813947.0,0.00727,238557.39,2025-05-12,2026-07-23,True,True,B0074
OPP00151,HEAL-M&A-0151,A0202,Healthcare,M&A,Closed Lost,6,0.0,213323836.0,0.0182,3882493.82,2025-09-16,2026-04-26,True,False,B0072
OPP00152,INDU-ECM-0152,A0186,Industrial,ECM,Execution,4,0.8,23288306.0,0.01363,317419.61,2024-07-26,,False,False,B0073
OPP00153,TECH-DebtAdvisory-0153,A0247,Technology & Services,Debt Advisory,Qualification,1,0.15,45261939.0,0.01031,466650.59,2024-04-13,,False,False,B0070
OPP00154,HEAL-M&A-0154,A0109,Healthcare,M&A,Execution,4,0.8,80190483.0,0.0079,633504.82,2023-02-17,,False,False,B0070
OPP00155,CONS-ECM-0155,A0089,Consumer,ECM,Closed Lost,6,0.0,92983133.0,0.00697,648092.44,2025-01-24,2025-08-17,True,False,B0072
OPP00156,INDU-M&A-0156,A0029,Industrial,M&A,Qualification,1,0.15,56569349.0,0.0117,661861.38,2024-04-14,,False,False,B0076
OPP00157,CONS-DebtAdvisory-0157,A0036,Consumer,Debt Advisory,Mandate,3,0.55,43527899.0,0.00872,379563.28,2025-06-03,,False,False,B0071
OPP00158,TECH-ECM-0158,A0316,Technology & Services,ECM,Closed Lost,6,0.0,16191640.0,0.01925,311689.07,2025-05-27,2025-08-18,True,False,B0073
OPP00159,CONS-ECM-0159,A0262,Consumer,ECM,Qualification,1,0.15,29852959.0,0.00555,165683.92,2023-05-19,,False,False,B0075
OPP00160,INDU-DebtAdvisory-0160,A0053,Industrial,Debt Advisory,Mandate,3,0.55,45568307.0,0.00656,298928.09,2024-06-05,,False,False,B0069
OPP00161,TECH-ECM-0161,A0095,Technology & Services,ECM,Closed Won,5,1.0,11049792.0,0.01048,115801.82,2024-08-08,2025-09-19,True,True,B0069
OPP00162,TECH-M&A-0162,A0075,Technology & Services,M&A,Qualification,1,0.15,25141069.0,0.00593,149086.54,2025-02-12,,False,False,B0076
OPP00163,INDU-M&A-0163,A0271,Industrial,M&A,Qualification,1,0.15,22374215.0,0.01062,237614.16,2023-06-28,,False,False,B0069
OPP00164,HEAL-M&A-0164,A0273,Healthcare,M&A,Closed Won,5,1.0,160318269.0,0.01249,2002375.18,2023-09-04,2023-12-11,True,True,B0074
OPP00165,CONS-ECM-0165,A0001,Consumer,ECM,Qualification,1,0.15,20169765.0,0.01821,367291.42,2023-09-03,,False,False,B0075
OPP00166,HEAL-DebtAdvisory-0166,A0170,Healthcare,Debt Advisory,Mandate,3,0.55,63873370.0,0.01095,699413.4,2024-03-28,,False,False,B0071
OPP00167,CONS-ECM-0167,A0155,Consumer,ECM,Closed Lost,6,0.0,193861510.0,0.00662,1283363.2,2023-05-07,2023-07-21,True,False,B0071
OPP00168,INDU-Restructuring-0168,A0051,Industrial,Restructuring,Qualification,1,0.15,102590974.0,0.0059,605286.75,2023-07-28,,False,False,B0076
OPP00169,CONS-ECM-0169,A0149,Consumer,ECM,Execution,4,0.8,57106199.0,0.01251,714398.55,2023-03-14,,False,False,B0074
OPP00170,CONS-Restructuring-0170,A0238,Consumer,Restructuring,Closed Won,5,1.0,9331282.0,0.00645,60186.77,2025-09-16,2026-12-06,True,True,B0075
OPP00171,TECH-DebtAdvisory-0171,A0211,Technology & Services,Debt Advisory,Prospecting,0,0.05,151105207.0,0.01671,2524968.01,2023-12-09,,False,False,B0073
OPP00172,CONS-Restructuring-0172,A0092,Consumer,Restructuring,Closed Won,5,1.0,49521843.0,0.01101,545235.49,2025-04-08,2025-08-24,True,True,B0074
OPP00173,TECH-M&A-0173,A0256,Technology & Services,M&A,Closed Lost,6,0.0,22567630.0,0.01133,255691.25,2023-10-09,2024-03-30,True,False,B0070
OPP00174,HEAL-M&A-0174,A0126,Healthcare,M&A,Execution,4,0.8,76678566.0,0.00911,698541.74,2024-05-12,,False,False,B0072
OPP00175,INDU-DebtAdvisory-0175,A0197,Industrial,Debt Advisory,Execution,4,0.8,12296708.0,0.01156,142149.94,2024-04-07,,False,False,B0076
OPP00176,INDU-ECM-0176,A0217,Industrial,ECM,Qualification,1,0.15,61647782.0,0.00464,286045.71,2023-04-02,,False,False,B0076
OPP00177,HEAL-ECM-0177,A0318,Healthcare,ECM,Closed Won,5,1.0,33519644.0,0.01456,488046.02,2025-06-12,2025-11-30,True,True,B0070
OPP00178,HEAL-ECM-0178,A0287,Healthcare,ECM,Pitch,2,0.3,143712752.0,0.01045,1501798.26,2025-08-06,,False,False,B0073
OPP00179,CONS-DebtAdvisory-0179,A0291,Consumer,Debt Advisory,Mandate,3,0.55,92376005.0,0.01435,1325595.67,2024-12-27,,False,False,B0072
OPP00180,HEAL-DebtAdvisory-0180,A0104,Healthcare,Debt Advisory,Pitch,2,0.3,44131923.0,0.00547,241401.62,2024-02-14,,False,False,B0074
OPP00181,CONS-DebtAdvisory-0181,A0007,Consumer,Debt Advisory,Execution,4,0.8,14485638.0,0.00716,103717.17,2023-11-03,,False,False,B0070
OPP00182,TECH-Restructuring-0182,A0279,Technology & Services,Restructuring,Qualification,1,0.15,17558687.0,0.00607,106581.23,2025-05-11,,False,False,B0071
OPP00183,TECH-M&A-0183,A0216,Technology & Services,M&A,Qualification,1,0.15,58494488.0,0.00724,423500.09,2023-10-10,,False,False,B0076
OPP00184,INDU-DebtAdvisory-0184,A0196,Industrial,Debt Advisory,Closed Lost,6,0.0,45465026.0,0.01401,636965.01,2024-12-03,2025-10-26,True,False,B0069
OPP00185,HEAL-DebtAdvisory-0185,A0173,Healthcare,Debt Advisory,Pitch,2,0.3,28054933.0,0.00437,122600.06,2025-09-04,,False,False,B0072
OPP00186,INDU-Restructuring-0186,A0143,Industrial,Restructuring,Execution,4,0.8,90885477.0,0.01766,1605037.52,2023-12-30,,False,False,B0071
OPP00187,HEAL-Restructuring-0187,A0259,Healthcare,Restructuring,Mandate,3,0.55,48241649.0,0.00935,451059.42,2024-06-29,,False,False,B0070
OPP00188,HEAL-Restructuring-0188,A0319,Healthcare,Restructuring,Closed Lost,6,0.0,65251593.0,0.01592,1038805.36,2023-11-14,2025-02-16,True,False,B0075
OPP00189,CONS-Restructuring-0189,A0147,Consumer,Restructuring,Mandate,3,0.55,165554849.0,0.01432,2370745.44,2024-09-19,,False,False,B0074
OPP00190,HEAL-ECM-0190,A0211,Healthcare,ECM,Execution,4,0.8,38327699.0,0.0075,287457.74,2023-09-16,,False,False,B0075
OPP00191,HEAL-Restructuring-0191,A0003,Healthcare,Restructuring,Qualification,1,0.15,16772207.0,0.01676,281102.19,2024-01-02,,False,False,B0070
OPP00192,TECH-M&A-0192,A0038,Technology & Services,M&A,Closed Won,5,1.0,35806379.0,0.01998,715411.45,2023-05-20,2024-04-22,True,True,B0071
OPP00193,CONS-Restructuring-0193,A0093,Consumer,Restructuring,Pitch,2,0.3,551575769.0,0.01893,10441329.31,2023-06-04,,False,False,B0076
OPP00194,INDU-M&A-0194,A0254,Industrial,M&A,Prospecting,0,0.05,46535445.0,0.01816,845083.68,2024-08-12,,False,False,B0070
OPP00195,INDU-ECM-0195,A0057,Industrial,ECM,Closed Won,5,1.0,34310772.0,0.01283,440207.2,2023-04-23,2024-03-11,True,True,B0070
OPP00196,INDU-ECM-0196,A0011,Industrial,ECM,Execution,4,0.8,24386751.0,0.01999,487491.15,2024-11-18,,False,False,B0073
OPP00197,CONS-M&A-0197,A0057,Consumer,M&A,Closed Won,5,1.0,134592735.0,0.01138,1531665.32,2023-04-30,2024-10-09,True,True,B0072
OPP00198,CONS-M&A-0198,A0114,Consumer,M&A,Execution,4,0.8,82693441.0,0.01731,1431423.46,2025-02-03,,False,False,B0076
OPP00199,TECH-Restructuring-0199,A0054,Technology & Services,Restructuring,Pitch,2,0.3,167862955.0,0.01682,2823454.9,2024-02-22,,False,False,B0072
OPP00200,CONS-Restructuring-0200,A0282,Consumer,Restructuring,Prospecting,0,0.05,122095298.0,0.00646,788735.63,2024-07-24,,False,False,B0071
OPP00201,INDU-ECM-0201,A0273,Industrial,ECM,Prospecting,0,0.05,44136501.0,0.01098,484618.78,2023-03-10,,False,False,B0075
OPP00202,CONS-M&A-0202,A0264,Consumer,M&A,Execution,4,0.8,40281328.0,0.00635,255786.43,2025-01-17,,False,False,B0069
OPP00203,TECH-ECM-0203,A0136,Technology & Services,ECM,Mandate,3,0.55,23741440.0,0.00548,130103.09,2025-04-04,,False,False,B0072
OPP00204,INDU-DebtAdvisory-0204,A0241,Industrial,Debt Advisory,Qualification,1,0.15,40632679.0,0.016,650122.86,2023-11-25,,False,False,B0074
OPP00205,HEAL-ECM-0205,A0308,Healthcare,ECM,Qualification,1,0.15,26994569.0,0.01602,432453.0,2024-01-04,,False,False,B0069
OPP00206,TECH-M&A-0206,A0057,Technology & Services,M&A,Qualification,1,0.15,111237250.0,0.01038,1154642.66,2023-06-13,,False,False,B0074
OPP00207,TECH-Restructuring-0207,A0059,Technology & Services,Restructuring,Execution,4,0.8,82477423.0,0.01029,848692.68,2023-05-19,,False,False,B0076
OPP00208,TECH-Restructuring-0208,A0303,Technology & Services,Restructuring,Closed Won,5,1.0,15121628.0,0.0145,219263.61,2024-03-31,2024-08-06,True,True,B0071
OPP00209,HEAL-DebtAdvisory-0209,A0177,Healthcare,Debt Advisory,Mandate,3,0.55,401887068.0,0.01537,6177004.24,2025-01-16,,False,False,B0072
OPP00210,CONS-DebtAdvisory-0210,A0093,Consumer,Debt Advisory,Execution,4,0.8,7902444.0,0.00816,64483.94,2023-02-20,,False,False,B0072
OPP00211,HEAL-Restructuring-0211,A0043,Healthcare,Restructuring,Closed Won,5,1.0,50312514.0,0.00833,419103.24,2023-12-16,2024-10-27,True,True,B0073
OPP00212,CONS-ECM-0212,A0217,Consumer,ECM,Mandate,3,0.55,77793787.0,0.00402,312731.02,2024-10-02,,False,False,B0069
OPP00213,CONS-DebtAdvisory-0213,A0031,Consumer,Debt Advisory,Execution,4,0.8,76413416.0,0.01824,1393780.71,2025-06-14,,False,False,B0072
OPP00214,TECH-ECM-0214,A0149,Technology & Services,ECM,Closed Lost,6,0.0,250862148.0,0.01337,3354026.92,2024-04-20,2024-06-19,True,False,B0070
OPP00215,HEAL-DebtAdvisory-0215,A0032,Healthcare,Debt Advisory,Qualification,1,0.15,13385907.0,0.01076,144032.36,2025-06-12,,False,False,B0073
OPP00216,CONS-M&A-0216,A0103,Consumer,M&A,Closed Won,5,1.0,23182231.0,0.00488,113129.29,2023-05-16,2023-09-14,True,True,B0073
OPP00217,HEAL-ECM-0217,A0011,Healthcare,ECM,Execution,4,0.8,28341289.0,0.01821,516094.87,2023-09-23,,False,False,B0076
OPP00218,INDU-M&A-0218,A0037,Industrial,M&A,Prospecting,0,0.05,5810601.0,0.00595,34573.08,2023-02-21,,False,False,B0070
OPP00219,TECH-Restructuring-0219,A0169,Technology & Services,Restructuring,Closed Won,5,1.0,89013886.0,0.00471,419255.4,2025-01-25,2026-02-11,True,True,B0070
OPP00220,HEAL-M&A-0220,A0185,Healthcare,M&A,Closed Lost,6,0.0,73263199.0,0.00673,493061.33,2023-11-21,2024-02-03,True,False,B0075
OPP00221,TECH-ECM-0221,A0258,Technology & Services,ECM,Mandate,3,0.55,5630234.0,0.01009,56809.06,2024-05-14,,False,False,B0072
OPP00222,TECH-DebtAdvisory-0222,A0103,Technology & Services,Debt Advisory,Prospecting,0,0.05,76773620.0,0.00565,433770.95,2024-10-17,,False,False,B0075
OPP00223,TECH-M&A-0223,A0257,Technology & Services,M&A,Pitch,2,0.3,27292463.0,0.0109,297487.85,2024-08-13,,False,False,B0074
OPP00224,HEAL-Restructuring-0224,A0311,Healthcare,Restructuring,Closed Lost,6,0.0,10816195.0,0.01122,121357.71,2025-01-01,2025-08-18,True,False,B0073
OPP00225,HEAL-ECM-0225,A0178,Healthcare,ECM,Execution,4,0.8,24999434.0,0.00953,238244.61,2023-12-18,,False,False,B0069
OPP00226,HEAL-DebtAdvisory-0226,A0277,Healthcare,Debt Advisory,Qualification,1,0.15,108190346.0,0.01023,1106787.24,2023-04-06,,False,False,B0070
OPP00227,TECH-DebtAdvisory-0227,A0059,Technology & Services,Debt Advisory,Closed Won,5,1.0,20739457.0,0.01884,390731.37,2024-06-17,2024-11-25,True,True,B0073
OPP00228,CONS-DebtAdvisory-0228,A0303,Consumer,Debt Advisory,Prospecting,0,0.05,31407265.0,0.01878,589828.44,2024-10-19,,False,False,B0076
OPP00229,INDU-Restructuring-0229,A0027,Industrial,Restructuring,Prospecting,0,0.05,189152340.0,0.013,2458980.42,2023-01-06,,False,False,B0069
OPP00230,HEAL-DebtAdvisory-0230,A0182,Healthcare,Debt Advisory,Closed Won,5,1.0,90084150.0,0.00409,368444.17,2023-08-29,2024-06-07,True,True,B0075
OPP00231,TECH-ECM-0231,A0216,Technology & Services,ECM,Closed Won,5,1.0,92413133.0,0.00833,769801.4,2025-09-16,2026-04-24,True,True,B0070
OPP00232,HEAL-Restructuring-0232,A0172,Healthcare,Restructuring,Mandate,3,0.55,94200382.0,0.01942,1829371.42,2023-08-04,,False,False,B0075
OPP00233,TECH-Restructuring-0233,A0038,Technology & Services,Restructuring,Execution,4,0.8,46183515.0,0.00999,461373.31,2023-07-08,,False,False,B0069
OPP00234,HEAL-Restructuring-0234,A0181,Healthcare,Restructuring,Mandate,3,0.55,4720203.0,0.01372,64761.19,2023-09-03,,False,False,B0076
OPP00235,HEAL-Restructuring-0235,A0071,Healthcare,Restructuring,Pitch,2,0.3,15218149.0,0.01672,254447.45,2024-01-06,,False,False,B0075
OPP00236,CONS-ECM-0236,A0280,Consumer,ECM,Qualification,1,0.15,36665699.0,0.01233,452088.07,2025-01-01,,False,False,B0073
OPP00237,HEAL-ECM-0237,A0253,Healthcare,ECM,Qualification,1,0.15,26570742.0,0.01003,266504.54,2024-11-22,,False,False,B0073
OPP00238,CONS-M&A-0238,A0168,Consumer,M&A,Mandate,3,0.55,10532668.0,0.00623,65618.52,2025-08-20,,False,False,B0073
OPP00239,CONS-ECM-0239,A0072,Consumer,ECM,Prospecting,0,0.05,96870854.0,0.01048,1015206.55,2023-12-12,,False,False,B0075
OPP00240,HEAL-Restructuring-0240,A0209,Healthcare,Restructuring,Prospecting,0,0.05,504799044.0,0.01415,7142906.47,2024-08-06,,False,False,B0071
OPP00241,HEAL-M&A-0241,A0154,Healthcare,M&A,Prospecting,0,0.05,27397331.0,0.0199,545206.89,2024-03-08,,False,False,B0076
OPP00242,INDU-M&A-0242,A0100,Industrial,M&A,Closed Won,5,1.0,39895311.0,0.00472,188305.87,2024-06-30,2024-12-30,True,True,B0076
OPP00243,TECH-Restructuring-0243,A0020,Technology & Services,Restructuring,Prospecting,0,0.05,246201122.0,0.00649,1597845.28,2023-10-11,,False,False,B0074
OPP00244,INDU-M&A-0244,A0317,Industrial,M&A,Mandate,3,0.55,35020130.0,0.01112,389423.85,2025-07-05,,False,False,B0069
OPP00245,CONS-Restructuring-0245,A0061,Consumer,Restructuring,Pitch,2,0.3,61790056.0,0.01943,1200580.79,2025-03-03,,False,False,B0070
OPP00246,CONS-DebtAdvisory-0246,A0266,Consumer,Debt Advisory,Closed Won,5,1.0,92823367.0,0.01747,1621624.22,2025-05-18,2026-03-19,True,True,B0071
OPP00247,TECH-DebtAdvisory-0247,A0175,Technology & Services,Debt Advisory,Closed Won,5,1.0,51625961.0,0.01838,948885.16,2023-05-08,2023-11-07,True,True,B0070
OPP00248,TECH-ECM-0248,A0090,Technology & Services,ECM,Mandate,3,0.55,33075563.0,0.01018,336709.23,2024-12-06,,False,False,B0071
OPP00249,CONS-ECM-0249,A0025,Consumer,ECM,Prospecting,0,0.05,59575850.0,0.01114,663674.97,2024-12-25,,False,False,B0070
OPP00250,TECH-Restructuring-0250,A0091,Technology & Services,Restructuring,Prospecting,0,0.05,66718394.0,0.00729,486377.09,2024-09-05,,False,False,B0076
OPP00251,TECH-M&A-0251,A0300,Technology & Services,M&A,Mandate,3,0.55,12374674.0,0.00778,96274.96,2024-10-27,,False,False,B0073
OPP00252,CONS-ECM-0252,A0117,Consumer,ECM,Prospecting,0,0.05,26099161.0,0.0131,341899.01,2023-06-04,,False,False,B0076
OPP00253,HEAL-DebtAdvisory-0253,A0065,Healthcare,Debt Advisory,Execution,4,0.8,30190448.0,0.01388,419043.42,2025-03-08,,False,False,B0074
OPP00254,TECH-DebtAdvisory-0254,A0131,Technology & Services,Debt Advisory,Pitch,2,0.3,20441078.0,0.00761,155556.6,2025-08-07,,False,False,B0072
OPP00255,INDU-Restructuring-0255,A0247,Industrial,Restructuring,Pitch,2,0.3,36452918.0,0.00692,252254.19,2023-11-23,,False,False,B0073
OPP00256,HEAL-M&A-0256,A0246,Healthcare,M&A,Execution,4,0.8,92432052.0,0.00766,708029.52,2024-10-16,,False,False,B0074
OPP00257,TECH-M&A-0257,A0170,Technology & Services,M&A,Closed Lost,6,0.0,20148208.0,0.01196,240972.57,2025-02-03,2025-06-08,True,False,B0073
OPP00258,CONS-DebtAdvisory-0258,A0319,Consumer,Debt Advisory,Pitch,2,0.3,14323531.0,0.01165,166869.14,2023-10-05,,False,False,B0076
OPP00259,HEAL-Restructuring-0259,A0196,Healthcare,Restructuring,Execution,4,0.8,160665470.0,0.0142,2281449.67,2023-03-09,,False,False,B0069
OPP00260,INDU-Restructuring-0260,A0287,Industrial,Restructuring,Mandate,3,0.55,25805594.0,0.00497,128253.8,2024-05-10,,False,False,B0075
OPP00261,TECH-DebtAdvisory-0261,A0138,Technology & Services,Debt Advisory,Closed Won,5,1.0,39713872.0,0.0177,702935.53,2024-10-11,2026-02-13,True,True,B0075
OPP00262,INDU-ECM-0262,A0226,Industrial,ECM,Execution,4,0.8,104705742.0,0.01937,2028150.22,2023-12-15,,False,False,B0071
OPP00263,INDU-ECM-0263,A0171,Industrial,ECM,Closed Won,5,1.0,13828552.0,0.01136,157092.35,2024-01-06,2024-10-19,True,True,B0070
OPP00264,INDU-DebtAdvisory-0264,A0064,Industrial,Debt Advisory,Prospecting,0,0.05,43484964.0,0.01596,694020.03,2024-01-23,,False,False,B0070
OPP00265,TECH-DebtAdvisory-0265,A0091,Technology & Services,Debt Advisory,Prospecting,0,0.05,11858742.0,0.00647,76726.06,2023-10-01,,False,False,B0070
OPP00266,HEAL-ECM-0266,A0283,Healthcare,ECM,Mandate,3,0.55,59230619.0,0.01533,908005.39,2023-07-10,,False,False,B0075
OPP00267,CONS-Restructuring-0267,A0080,Consumer,Restructuring,Mandate,3,0.55,59146689.0,0.00837,495057.79,2023-12-25,,False,False,B0071
OPP00268,HEAL-M&A-0268,A0226,Healthcare,M&A,Mandate,3,0.55,32016013.0,0.0117,374587.35,2025-04-10,,False,False,B0070
OPP00269,TECH-DebtAdvisory-0269,A0144,Technology & Services,Debt Advisory,Closed Won,5,1.0,26438572.0,0.00785,207542.79,2025-01-18,2025-06-02,True,True,B0071
OPP00270,HEAL-M&A-0270,A0292,Healthcare,M&A,Mandate,3,0.55,68946920.0,0.00785,541233.32,2023-06-27,,False,False,B0075
OPP00271,CONS-ECM-0271,A0042,Consumer,ECM,Qualification,1,0.15,72082045.0,0.00885,637926.1,2024-01-02,,False,False,B0075
OPP00272,HEAL-Restructuring-0272,A0298,Healthcare,Restructuring,Closed Won,5,1.0,143353295.0,0.01429,2048518.59,2023-08-25,2023-10-24,True,True,B0069
OPP00273,TECH-DebtAdvisory-0273,A0162,Technology & Services,Debt Advisory,Execution,4,0.8,35650974.0,0.01854,660969.06,2025-09-26,,False,False,B0075
OPP00274,HEAL-ECM-0274,A0006,Healthcare,ECM,Prospecting,0,0.05,6444745.0,0.01191,76756.91,2024-12-12,,False,False,B0072
OPP00275,HEAL-ECM-0275,A0229,Healthcare,ECM,Mandate,3,0.55,15427385.0,0.00574,88553.19,2024-07-23,,False,False,B0070
OPP00276,CONS-Restructuring-0276,A0052,Consumer,Restructuring,Closed Won,5,1.0,172297257.0,0.01824,3142701.97,2025-02-10,2026-08-01,True,True,B0071
OPP00277,CONS-ECM-0277,A0195,Consumer,ECM,Qualification,1,0.15,35569784.0,0.00951,338268.65,2025-04-03,,False,False,B0076
OPP00278,INDU-DebtAdvisory-0278,A0202,Industrial,Debt Advisory,Qualification,1,0.15,10741739.0,0.00493,52956.77,2023-10-25,,False,False,B0076
OPP00279,TECH-ECM-0279,A0073,Technology & Services,ECM,Closed Won,5,1.0,22845177.0,0.00681,155575.66,2023-01-05,2024-01-17,True,True,B0075
OPP00280,TECH-ECM-0280,A0135,Technology & Services,ECM,Closed Lost,6,0.0,21106306.0,0.01703,359440.39,2025-02-09,2025-05-21,True,False,B0070
OPP00281,TECH-ECM-0281,A0224,Technology & Services,ECM,Closed Lost,6,0.0,84879580.0,0.01092,926885.01,2024-07-16,2024-12-27,True,False,B0071
OPP00282,TECH-Restructuring-0282,A0217,Technology & Services,Restructuring,Closed Won,5,1.0,11896570.0,0.00741,88153.58,2024-08-02,2025-03-12,True,True,B0069
OPP00283,INDU-DebtAdvisory-0283,A0234,Industrial,Debt Advisory,Closed Lost,6,0.0,128399853.0,0.0123,1579318.19,2025-06-02,2025-07-21,True,False,B0075
OPP00284,TECH-M&A-0284,A0240,Technology & Services,M&A,Pitch,2,0.3,5336556.0,0.00702,37462.62,2023-12-06,,False,False,B0070
OPP00285,CONS-DebtAdvisory-0285,A0237,Consumer,Debt Advisory,Mandate,3,0.55,12373000.0,0.01428,176686.44,2024-02-16,,False,False,B0074
OPP00286,CONS-Restructuring-0286,A0130,Consumer,Restructuring,Pitch,2,0.3,54556134.0,0.00793,432630.14,2024-10-15,,False,False,B0076
OPP00287,INDU-M&A-0287,A0056,Industrial,M&A,Prospecting,0,0.05,137355887.0,0.00721,990335.95,2025-01-25,,False,False,B0070
OPP00288,HEAL-ECM-0288,A0255,Healthcare,ECM,Qualification,1,0.15,36182415.0,0.01684,609311.87,2023-07-13,,False,False,B0074
OPP00289,HEAL-DebtAdvisory-0289,A0165,Healthcare,Debt Advisory,Qualification,1,0.15,47239399.0,0.0191,902272.52,2023-10-03,,False,False,B0072
OPP00290,TECH-M&A-0290,A0252,Technology & Services,M&A,Closed Won,5,1.0,22205019.0,0.00659,146331.08,2024-09-25,2025-05-16,True,True,B0074
OPP00291,HEAL-Restructuring-0291,A0294,Healthcare,Restructuring,Qualification,1,0.15,121916514.0,0.01757,2142073.15,2024-01-29,,False,False,B0069
OPP00292,CONS-DebtAdvisory-0292,A0098,Consumer,Debt Advisory,Closed Won,5,1.0,20838381.0,0.01616,336748.24,2023-02-21,2023-12-24,True,True,B0073
OPP00293,CONS-M&A-0293,A0234,Consumer,M&A,Closed Lost,6,0.0,105734011.0,0.01803,1906384.22,2025-02-20,2025-05-15,True,False,B0070
OPP00294,INDU-Restructuring-0294,A0240,Industrial,Restructuring,Closed Won,5,1.0,29070219.0,0.00589,171223.59,2025-01-15,2025-05-07,True,True,B0076
OPP00295,CONS-ECM-0295,A0267,Consumer,ECM,Mandate,3,0.55,126099815.0,0.01032,1301350.09,2024-05-18,,False,False,B0075
OPP00296,TECH-Restructuring-0296,A0236,Technology & Services,Restructuring,Qualification,1,0.15,31106676.0,0.01237,384789.58,2025-02-14,,False,False,B0075
OPP00297,CONS-ECM-0297,A0231,Consumer,ECM,Closed Lost,6,0.0,49414746.0,0.01975,975941.23,2025-03-07,2025-04-10,True,False,B0072
OPP00298,HEAL-ECM-0298,A0192,Healthcare,ECM,Mandate,3,0.55,128604283.0,0.0055,707323.56,2024-10-01,,False,False,B0072
OPP00299,INDU-Restructuring-0299,A0253,Industrial,Restructuring,Qualification,1,0.15,40613523.0,0.01968,799274.13,2024-06-01,,False,False,B0072
OPP00300,TECH-Restructuring-0300,A0108,Technology & Services,Restructuring,Closed Won,5,1.0,107143399.0,0.01454,1557865.02,2023-10-30,2024-03-13,True,True,B0076
OPP00301,TECH-Restructuring-0301,A0194,Technology & Services,Restructuring,Qualification,1,0.15,17489843.0,0.01302,227717.76,2023-01-26,,False,False,B0072
OPP00302,HEAL-M&A-0302,A0277,Healthcare,M&A,Pitch,2,0.3,55017001.0,0.01034,568875.79,2025-03-30,,False,False,B0072
OPP00303,TECH-Restructuring-0303,A0083,Technology & Services,Restructuring,Closed Won,5,1.0,12688998.0,0.01594,202262.63,2023-02-21,2023-12-22,True,True,B0074
OPP00304,TECH-ECM-0304,A0255,Technology & Services,ECM,Mandate,3,0.55,28942123.0,0.00793,229511.04,2023-08-05,,False,False,B0070
OPP00305,HEAL-M&A-0305,A0297,Healthcare,M&A,Closed Lost,6,0.0,49987200.0,0.0159,794796.48,2024-03-19,2025-04-15,True,False,B0073
OPP00306,CONS-ECM-0306,A0205,Consumer,ECM,Pitch,2,0.3,110710531.0,0.01821,2016038.77,2023-03-04,,False,False,B0075
OPP00307,TECH-M&A-0307,A0055,Technology & Services,M&A,Mandate,3,0.55,39751114.0,0.01956,777531.79,2023-12-17,,False,False,B0076
OPP00308,INDU-Restructuring-0308,A0055,Industrial,Restructuring,Pitch,2,0.3,13196416.0,0.00544,71788.5,2025-04-08,,False,False,B0070
OPP00309,CONS-ECM-0309,A0024,Consumer,ECM,Closed Lost,6,0.0,48054368.0,0.01724,828457.3,2023-03-14,2023-05-27,True,False,B0074
OPP00310,INDU-M&A-0310,A0141,Industrial,M&A,Execution,4,0.8,40556887.0,0.01422,576718.93,2025-02-14,,False,False,B0073
OPP00311,TECH-DebtAdvisory-0311,A0111,Technology & Services,Debt Advisory,Pitch,2,0.3,12845436.0,0.00672,86321.33,2024-12-06,,False,False,B0072
OPP00312,TECH-Restructuring-0312,A0221,Technology & Services,Restructuring,Prospecting,0,0.05,166358274.0,0.01747,2906279.05,2023-09-19,,False,False,B0071
OPP00313,TECH-DebtAdvisory-0313,A0241,Technology & Services,Debt Advisory,Closed Won,5,1.0,58377268.0,0.00892,520725.23,2025-06-01,2025-08-09,True,True,B0070
OPP00314,HEAL-DebtAdvisory-0314,A0109,Healthcare,Debt Advisory,Closed Lost,6,0.0,26454190.0,0.00864,228564.2,2023-04-23,2023-10-20,True,False,B0073
OPP00315,HEAL-DebtAdvisory-0315,A0200,Healthcare,Debt Advisory,Execution,4,0.8,46892918.0,0.0151,708083.06,2023-06-06,,False,False,B0073
OPP00316,INDU-DebtAdvisory-0316,A0140,Industrial,Debt Advisory,Prospecting,0,0.05,17077997.0,0.01054,180002.09,2024-11-14,,False,False,B0069
OPP00317,TECH-M&A-0317,A0238,Technology & Services,M&A,Pitch,2,0.3,29319225.0,0.01617,474091.87,2025-04-13,,False,False,B0076
OPP00318,HEAL-DebtAdvisory-0318,A0307,Healthcare,Debt Advisory,Execution,4,0.8,57495905.0,0.01187,682476.39,2024-05-15,,False,False,B0073
OPP00319,INDU-DebtAdvisory-0319,A0165,Industrial,Debt Advisory,Closed Won,5,1.0,47960827.0,0.01171,561621.28,2023-05-02,2023-07-07,True,True,B0076
OPP00320,HEAL-ECM-0320,A0308,Healthcare,ECM,Mandate,3,0.55,10503177.0,0.00689,72366.89,2025-08-27,,False,False,B0072
OPP00321,CONS-M&A-0321,A0173,Consumer,M&A,Prospecting,0,0.05,56314249.0,0.01631,918485.4,2023-04-07,,False,False,B0074
OPP00322,INDU-M&A-0322,A0050,Industrial,M&A,Mandate,3,0.55,26505842.0,0.00668,177059.02,2025-09-03,,False,False,B0072
OPP00323,INDU-M&A-0323,A0049,Industrial,M&A,Execution,4,0.8,30441457.0,0.01615,491629.53,2023-11-24,,False,False,B0070
OPP00324,CONS-Restructuring-0324,A0242,Consumer,Restructuring,Mandate,3,0.55,104496159.0,0.01998,2087833.26,2023-06-07,,False,False,B0075
OPP00325,CONS-DebtAdvisory-0325,A0241,Consumer,Debt Advisory,Qualification,1,0.15,51297842.0,0.01332,683287.26,2023-10-15,,False,False,B0076
OPP00326,CONS-Restructuring-0326,A0205,Consumer,Restructuring,Mandate,3,0.55,6603296.0,0.01893,125000.39,2023-12-08,,False,False,B0071
OPP00327,CONS-ECM-0327,A0098,Consumer,ECM,Closed Won,5,1.0,95484715.0,0.01977,1887732.82,2024-06-13,2024-11-04,True,True,B0072
OPP00328,TECH-Restructuring-0328,A0087,Technology & Services,Restructuring,Closed Won,5,1.0,16101213.0,0.01276,205451.48,2025-06-26,2026-11-27,True,True,B0069
OPP00329,INDU-M&A-0329,A0259,Industrial,M&A,Execution,4,0.8,34870951.0,0.01599,557586.51,2024-05-21,,False,False,B0071
OPP00330,HEAL-ECM-0330,A0061,Healthcare,ECM,Prospecting,0,0.05,11436999.0,0.01114,127408.17,2024-03-07,,False,False,B0069
OPP00331,CONS-M&A-0331,A0036,Consumer,M&A,Mandate,3,0.55,31136923.0,0.00906,282100.52,2025-01-30,,False,False,B0070
OPP00332,HEAL-DebtAdvisory-0332,A0021,Healthcare,Debt Advisory,Qualification,1,0.15,67498455.0,0.01331,898404.44,2024-11-19,,False,False,B0075
OPP00333,CONS-M&A-0333,A0216,Consumer,M&A,Prospecting,0,0.05,12518701.0,0.01112,139207.96,2025-04-29,,False,False,B0072
OPP00334,HEAL-M&A-0334,A0191,Healthcare,M&A,Closed Won,5,1.0,50703706.0,0.00686,347827.42,2024-09-19,2026-01-17,True,True,B0076
OPP00335,HEAL-DebtAdvisory-0335,A0065,Healthcare,Debt Advisory,Prospecting,0,0.05,26545588.0,0.0156,414111.17,2025-06-17,,False,False,B0070
OPP00336,INDU-Restructuring-0336,A0247,Industrial,Restructuring,Mandate,3,0.55,84888222.0,0.01164,988098.9,2025-08-12,,False,False,B0071
OPP00337,INDU-M&A-0337,A0113,Industrial,M&A,Prospecting,0,0.05,29176409.0,0.0043,125458.56,2023-04-16,,False,False,B0071
OPP00338,HEAL-DebtAdvisory-0338,A0071,Healthcare,Debt Advisory,Execution,4,0.8,52676053.0,0.01697,893912.62,2024-10-07,,False,False,B0074
OPP00339,CONS-M&A-0339,A0194,Consumer,M&A,Mandate,3,0.55,6322209.0,0.00468,29587.94,2024-09-13,,False,False,B0075
OPP00340,CONS-DebtAdvisory-0340,A0182,Consumer,Debt Advisory,Pitch,2,0.3,29356562.0,0.01719,504639.3,2024-03-31,,False,False,B0076
OPP00341,HEAL-M&A-0341,A0163,Healthcare,M&A,Closed Lost,6,0.0,76836820.0,0.01923,1477572.05,2024-06-17,2024-07-26,True,False,B0069
OPP00342,TECH-Restructuring-0342,A0253,Technology & Services,Restructuring,Closed Lost,6,0.0,21804129.0,0.01281,279310.89,2023-07-17,2024-11-20,True,False,B0069
OPP00343,CONS-Restructuring-0343,A0197,Consumer,Restructuring,Execution,4,0.8,25280803.0,0.01315,332442.56,2025-07-28,,False,False,B0073
OPP00344,CONS-DebtAdvisory-0344,A0168,Consumer,Debt Advisory,Prospecting,0,0.05,110908398.0,0.01758,1949769.64,2025-01-10,,False,False,B0072
OPP00345,INDU-DebtAdvisory-0345,A0311,Industrial,Debt Advisory,Pitch,2,0.3,17619170.0,0.0099,174429.78,2025-07-17,,False,False,B0076
OPP00346,CONS-ECM-0346,A0032,Consumer,ECM,Mandate,3,0.55,20239221.0,0.01575,318767.73,2023-08-09,,False,False,B0070
OPP00347,TECH-Restructuring-0347,A0273,Technology & Services,Restructuring,Pitch,2,0.3,23925448.0,0.0139,332563.73,2023-07-20,,False,False,B0072
OPP00348,TECH-M&A-0348,A0145,Technology & Services,M&A,Execution,4,0.8,6185203.0,0.00641,39647.15,2023-09-16,,False,False,B0069
OPP00349,INDU-DebtAdvisory-0349,A0023,Industrial,Debt Advisory,Pitch,2,0.3,266495200.0,0.01606,4279912.91,2023-11-08,,False,False,B0070
OPP00350,HEAL-DebtAdvisory-0350,A0167,Healthcare,Debt Advisory,Closed Won,5,1.0,17503720.0,0.01114,194991.44,2023-12-03,2025-01-08,True,True,B0075
OPP00351,TECH-ECM-0351,A0091,Technology & Services,ECM,Prospecting,0,0.05,51028180.0,0.01183,603663.37,2024-10-13,,False,False,B0070
OPP00352,HEAL-M&A-0352,A0016,Healthcare,M&A,Execution,4,0.8,54545705.0,0.00624,340365.2,2023-05-14,,False,False,B0070
OPP00353,HEAL-DebtAdvisory-0353,A0220,Healthcare,Debt Advisory,Mandate,3,0.55,33396860.0,0.00451,150619.84,2024-02-20,,False,False,B0073
OPP00354,HEAL-ECM-0354,A0035,Healthcare,ECM,Execution,4,0.8,53518923.0,0.00797,426545.82,2025-01-30,,False,False,B0071
OPP00355,HEAL-ECM-0355,A0121,Healthcare,ECM,Closed Won,5,1.0,35080061.0,0.0135,473580.82,2024-01-31,2024-03-03,True,True,B0070
OPP00356,CONS-DebtAdvisory-0356,A0032,Consumer,Debt Advisory,Pitch,2,0.3,21302742.0,0.0056,119295.36,2024-05-31,,False,False,B0075
OPP00357,TECH-Restructuring-0357,A0193,Technology & Services,Restructuring,Prospecting,0,0.05,47635121.0,0.00856,407756.64,2025-09-07,,False,False,B0075
OPP00358,TECH-DebtAdvisory-0358,A0314,Technology & Services,Debt Advisory,Closed Lost,6,0.0,29304279.0,0.01112,325863.58,2024-09-25,2026-03-10,True,False,B0076
OPP00359,INDU-DebtAdvisory-0359,A0025,Industrial,Debt Advisory,Pitch,2,0.3,120892276.0,0.00426,515001.1,2023-05-28,,False,False,B0072
OPP00360,CONS-Restructuring-0360,A0154,Consumer,Restructuring,Pitch,2,0.3,217882080.0,0.0116,2527432.13,2023-01-05,,False,False,B0069
OPP00361,CONS-M&A-0361,A0086,Consumer,M&A,Closed Lost,6,0.0,42914711.0,0.00545,233885.17,2023-02-22,2024-08-07,True,False,B0073
OPP00362,HEAL-M&A-0362,A0282,Healthcare,M&A,Mandate,3,0.55,21617469.0,0.00814,175966.2,2025-07-20,,False,False,B0073
OPP00363,INDU-Restructuring-0363,A0090,Industrial,Restructuring,Pitch,2,0.3,4232488.0,0.01024,43340.68,2023-05-10,,False,False,B0071
OPP00364,INDU-Restructuring-0364,A0130,Industrial,Restructuring,Qualification,1,0.15,79680528.0,0.0045,358562.38,2025-09-04,,False,False,B0072
OPP00365,INDU-M&A-0365,A0059,Industrial,M&A,Execution,4,0.8,17996213.0,0.00822,147928.87,2024-04-08,,False,False,B0073
OPP00366,HEAL-ECM-0366,A0150,Healthcare,ECM,Closed Won,5,1.0,12721012.0,0.01764,224398.65,2023-12-16,2024-09-05,True,True,B0069
OPP00367,INDU-ECM-0367,A0110,Industrial,ECM,Closed Lost,6,0.0,87765634.0,0.01191,1045288.7,2023-08-03,2024-04-07,True,False,B0073
OPP00368,CONS-Restructuring-0368,A0042,Consumer,Restructuring,Closed Won,5,1.0,74387414.0,0.01899,1412616.99,2023-08-28,2024-03-20,True,True,B0070
OPP00369,INDU-M&A-0369,A0318,Industrial,M&A,Closed Won,5,1.0,207392553.0,0.00661,1370864.78,2024-12-12,2025-12-26,True,True,B0069
OPP00370,INDU-Restructuring-0370,A0024,Industrial,Restructuring,Qualification,1,0.15,104855693.0,0.00423,443539.58,2024-06-18,,False,False,B0076
OPP00371,INDU-ECM-0371,A0035,Industrial,ECM,Prospecting,0,0.05,7422495.0,0.00838,62200.51,2025-08-03,,False,False,B0075
OPP00372,CONS-ECM-0372,A0314,Consumer,ECM,Qualification,1,0.15,42668548.0,0.01016,433512.45,2023-10-08,,False,False,B0071
OPP00373,HEAL-ECM-0373,A0009,Healthcare,ECM,Prospecting,0,0.05,15583022.0,0.01611,251042.48,2024-08-28,,False,False,B0073
OPP00374,TECH-ECM-0374,A0011,Technology & Services,ECM,Mandate,3,0.55,28884663.0,0.00903,260828.51,2025-07-18,,False,False,B0075
OPP00375,CONS-Restructuring-0375,A0229,Consumer,Restructuring,Closed Won,5,1.0,91962142.0,0.01627,1496224.05,2024-04-24,2025-08-23,True,True,B0075
OPP00376,TECH-ECM-0376,A0012,Technology & Services,ECM,Closed Lost,6,0.0,176555101.0,0.01632,2881379.25,2024-05-08,2024-07-25,True,False,B0069
OPP00377,HEAL-DebtAdvisory-0377,A0247,Healthcare,Debt Advisory,Prospecting,0,0.05,27761056.0,0.01364,378660.8,2024-10-31,,False,False,B0073
OPP00378,TECH-ECM-0378,A0211,Technology & Services,ECM,Qualification,1,0.15,62545787.0,0.00468,292714.28,2023-04-09,,False,False,B0072
OPP00379,HEAL-ECM-0379,A0137,Healthcare,ECM,Pitch,2,0.3,46568200.0,0.00833,387913.11,2025-05-01,,False,False,B0075
OPP00380,TECH-Restructuring-0380,A0150,Technology & Services,Restructuring,Pitch,2,0.3,45800030.0,0.01068,489144.32,2024-03-02,,False,False,B0071
OPP00381,HEAL-DebtAdvisory-0381,A0113,Healthcare,Debt Advisory,Prospecting,0,0.05,27469985.0,0.01061,291456.54,2025-02-06,,False,False,B0072
OPP00382,TECH-Restructuring-0382,A0252,Technology & Services,Restructuring,Closed Lost,6,0.0,58919361.0,0.01741,1025786.08,2023-09-15,2023-10-18,True,False,B0070
OPP00383,CONS-Restructuring-0383,A0102,Consumer,Restructuring,Qualification,1,0.15,58655116.0,0.01335,783045.8,2024-06-11,,False,False,B0071
OPP00384,CONS-Restructuring-0384,A0181,Consumer,Restructuring,Prospecting,0,0.05,23033647.0,0.00494,113786.22,2023-12-21,,False,False,B0071
OPP00385,INDU-M&A-0385,A0023,Industrial,M&A,Prospecting,0,0.05,49358780.0,0.00814,401780.47,2025-03-27,,False,False,B0074
OPP00386,HEAL-M&A-0386,A0039,Healthcare,M&A,Closed Lost,6,0.0,75592177.0,0.00917,693180.26,2023-09-20,2025-01-18,True,False,B0073
OPP00387,HEAL-DebtAdvisory-0387,A0051,Healthcare,Debt Advisory,Pitch,2,0.3,18820210.0,0.02,376404.2,2024-04-16,,False,False,B0075
OPP00388,HEAL-ECM-0388,A0288,Healthcare,ECM,Mandate,3,0.55,75867127.0,0.0054,409682.49,2025-05-23,,False,False,B0069
OPP00389,INDU-Restructuring-0389,A0236,Industrial,Restructuring,Closed Lost,6,0.0,20465730.0,0.01124,230034.81,2023-12-12,2024-06-19,True,False,B0072
OPP00390,HEAL-M&A-0390,A0190,Healthcare,M&A,Closed Lost,6,0.0,67857861.0,0.00507,344039.36,2025-05-09,2025-10-15,True,False,B0069
OPP00391,CONS-DebtAdvisory-0391,A0210,Consumer,Debt Advisory,Pitch,2,0.3,8233846.0,0.0192,158089.84,2024-08-12,,False,False,B0076
OPP00392,INDU-ECM-0392,A0279,Industrial,ECM,Prospecting,0,0.05,28872983.0,0.00989,285553.8,2025-05-27,,False,False,B0073
OPP00393,HEAL-ECM-0393,A0119,Healthcare,ECM,Prospecting,0,0.05,45495544.0,0.01017,462689.68,2024-04-14,,False,False,B0070
OPP00394,CONS-DebtAdvisory-0394,A0222,Consumer,Debt Advisory,Execution,4,0.8,36265076.0,0.00953,345606.17,2023-09-20,,False,False,B0073
OPP00395,TECH-Restructuring-0395,A0189,Technology & Services,Restructuring,Pitch,2,0.3,116426483.0,0.01235,1437867.07,2023-10-18,,False,False,B0069
OPP00396,TECH-Restructuring-0396,A0173,Technology & Services,Restructuring,Prospecting,0,0.05,29776189.0,0.01517,451704.79,2025-03-05,,False,False,B0076
OPP00397,TECH-ECM-0397,A0180,Technology & Services,ECM,Prospecting,0,0.05,44567185.0,0.01602,713966.3,2024-03-20,,False,False,B0069
OPP00398,INDU-M&A-0398,A0202,Industrial,M&A,Closed Won,5,1.0,22042433.0,0.01607,354221.9,2024-12-25,2025-11-25,True,True,B0073
OPP00399,TECH-DebtAdvisory-0399,A0050,Technology & Services,Debt Advisory,Prospecting,0,0.05,50416516.0,0.00746,376107.21,2025-05-20,,False,False,B0075
OPP00400,TECH-DebtAdvisory-0400,A0061,Technology & Services,Debt Advisory,Pitch,2,0.3,13822155.0,0.01526,210926.09,2023-01-22,,False,False,B0071
OPP00401,CONS-DebtAdvisory-0401,A0245,Consumer,Debt Advisory,Closed Lost,6,0.0,19535505.0,0.00868,169568.18,2023-04-05,2024-05-01,True,False,B0070
OPP00402,TECH-M&A-0402,A0223,Technology & Services,M&A,Execution,4,0.8,102803942.0,0.00879,903646.65,2024-12-10,,False,False,B0069
OPP00403,CONS-DebtAdvisory-0403,A0002,Consumer,Debt Advisory,Prospecting,0,0.05,125661819.0,0.01918,2410193.69,2025-06-19,,False,False,B0071
OPP00404,TECH-M&A-0404,A0252,Technology & Services,M&A,Mandate,3,0.55,111597315.0,0.00919,1025579.32,2024-04-17,,False,False,B0073
OPP00405,INDU-ECM-0405,A0288,Industrial,ECM,Execution,4,0.8,5180637.0,0.00526,27250.15,2024-09-26,,False,False,B0072
OPP00406,HEAL-M&A-0406,A0033,Healthcare,M&A,Pitch,2,0.3,89560945.0,0.00679,608118.82,2023-07-01,,False,False,B0075
OPP00407,TECH-ECM-0407,A0239,Technology & Services,ECM,Closed Lost,6,0.0,16495488.0,0.01045,172377.85,2025-04-23,2025-06-08,True,False,B0069
OPP00408,HEAL-ECM-0408,A0135,Healthcare,ECM,Closed Lost,6,0.0,240341225.0,0.01318,3167697.35,2023-11-29,2024-04-13,True,False,B0072
OPP00409,TECH-DebtAdvisory-0409,A0265,Technology & Services,Debt Advisory,Pitch,2,0.3,56472413.0,0.01085,612725.68,2023-11-10,,False,False,B0069
OPP00410,INDU-M&A-0410,A0104,Industrial,M&A,Pitch,2,0.3,105466687.0,0.00511,538934.77,2025-05-19,,False,False,B0070
OPP00411,INDU-M&A-0411,A0317,Industrial,M&A,Closed Won,5,1.0,125579553.0,0.00506,635432.54,2025-08-07,2026-01-30,True,True,B0075
OPP00412,INDU-Restructuring-0412,A0008,Industrial,Restructuring,Prospecting,0,0.05,28312107.0,0.01766,499991.81,2023-10-29,,False,False,B0074
OPP00413,CONS-ECM-0413,A0009,Consumer,ECM,Pitch,2,0.3,28235775.0,0.01182,333746.86,2024-07-03,,False,False,B0073
OPP00414,TECH-Restructuring-0414,A0266,Technology & Services,Restructuring,Prospecting,0,0.05,56588560.0,0.01164,658690.84,2024-07-27,,False,False,B0069
OPP00415,TECH-M&A-0415,A0020,Technology & Services,M&A,Execution,4,0.8,33954878.0,0.0107,363317.19,2024-10-28,,False,False,B0071
OPP00416,HEAL-DebtAdvisory-0416,A0105,Healthcare,Debt Advisory,Mandate,3,0.55,122819696.0,0.00801,983785.76,2024-03-04,,False,False,B0075
OPP00417,HEAL-M&A-0417,A0193,Healthcare,M&A,Closed Won,5,1.0,51265393.0,0.0151,774107.43,2023-05-31,2023-10-16,True,True,B0076
OPP00418,TECH-M&A-0418,A0095,Technology & Services,M&A,Prospecting,0,0.05,42702025.0,0.00476,203261.64,2023-08-27,,False,False,B0075
OPP00419,CONS-Restructuring-0419,A0240,Consumer,Restructuring,Prospecting,0,0.05,94069385.0,0.01347,1267114.62,2023-12-03,,False,False,B0071
OPP00420,TECH-Restructuring-0420,A0311,Technology & Services,Restructuring,Prospecting,0,0.05,91382279.0,0.01986,1814852.06,2023-12-27,,False,False,B0071
OPP00421,HEAL-M&A-0421,A0178,Healthcare,M&A,Prospecting,0,0.05,79112904.0,0.01668,1319603.24,2024-01-27,,False,False,B0074
OPP00422,TECH-ECM-0422,A0080,Technology & Services,ECM,Closed Won,5,1.0,50378397.0,0.00876,441314.76,2025-06-12,2025-10-23,True,True,B0075
OPP00423,HEAL-DebtAdvisory-0423,A0064,Healthcare,Debt Advisory,Execution,4,0.8,17926287.0,0.01067,191273.48,2025-07-21,,False,False,B0073
OPP00424,TECH-ECM-0424,A0076,Technology & Services,ECM,Prospecting,0,0.05,31046320.0,0.00508,157715.31,2024-01-26,,False,False,B0075
OPP00425,TECH-Restructuring-0425,A0050,Technology & Services,Restructuring,Qualification,1,0.15,39693573.0,0.00555,220299.33,2023-05-05,,False,False,B0076
OPP00426,TECH-DebtAdvisory-0426,A0222,Technology & Services,Debt Advisory,Prospecting,0,0.05,45734702.0,0.01612,737243.4,2023-02-26,,False,False,B0069
OPP00427,TECH-Restructuring-0427,A0061,Technology & Services,Restructuring,Execution,4,0.8,27637585.0,0.01516,418985.79,2024-12-20,,False,False,B0076
OPP00428,CONS-DebtAdvisory-0428,A0140,Consumer,Debt Advisory,Execution,4,0.8,42266455.0,0.01996,843638.44,2024-02-18,,False,False,B0072
OPP00429,CONS-M&A-0429,A0019,Consumer,M&A,Mandate,3,0.55,19801783.0,0.01315,260393.45,2023-07-23,,False,False,B0069
OPP00430,HEAL-ECM-0430,A0188,Healthcare,ECM,Execution,4,0.8,29459811.0,0.01552,457216.27,2025-01-27,,False,False,B0070
OPP00431,INDU-ECM-0431,A0249,Industrial,ECM,Execution,4,0.8,73912046.0,0.0137,1012595.03,2025-03-02,,False,False,B0069
OPP00432,CONS-ECM-0432,A0280,Consumer,ECM,Mandate,3,0.55,27176321.0,0.00545,148110.95,2025-09-04,,False,False,B0072
OPP00433,INDU-M&A-0433,A0265,Industrial,M&A,Closed Won,5,1.0,149243065.0,0.01346,2008811.65,2023-08-11,2024-12-11,True,True,B0071
OPP00434,HEAL-DebtAdvisory-0434,A0232,Healthcare,Debt Advisory,Closed Won,5,1.0,34186450.0,0.00989,338103.99,2024-03-23,2024-05-10,True,True,B0071
OPP00435,CONS-Restructuring-0435,A0123,Consumer,Restructuring,Qualification,1,0.15,293150375.0,0.01911,5602103.67,2023-05-25,,False,False,B0073
OPP00436,TECH-M&A-0436,A0109,Technology & Services,M&A,Prospecting,0,0.05,17601876.0,0.01013,178307.0,2023-08-15,,False,False,B0075
OPP00437,TECH-Restructuring-0437,A0060,Technology & Services,Restructuring,Prospecting,0,0.05,9738709.0,0.01935,188444.02,2025-03-14,,False,False,B0072
OPP00438,CONS-M&A-0438,A0206,Consumer,M&A,Closed Lost,6,0.0,73592720.0,0.01284,944930.52,2025-07-21,2026-11-13,True,False,B0070
OPP00439,INDU-Restructuring-0439,A0011,Industrial,Restructuring,Mandate,3,0.55,29143031.0,0.01921,559837.63,2023-07-18,,False,False,B0072
OPP00440,TECH-DebtAdvisory-0440,A0018,Technology & Services,Debt Advisory,Prospecting,0,0.05,71629514.0,0.01899,1360244.47,2023-10-06,,False,False,B0073
OPP00441,TECH-DebtAdvisory-0441,A0135,Technology & Services,Debt Advisory,Mandate,3,0.55,8384153.0,0.00555,46532.05,2024-11-14,,False,False,B0074
OPP00442,CONS-ECM-0442,A0319,Consumer,ECM,Prospecting,0,0.05,15097019.0,0.01278,192939.9,2025-04-17,,False,False,B0070
OPP00443,HEAL-M&A-0443,A0118,Healthcare,M&A,Mandate,3,0.55,44656770.0,0.0186,830615.92,2025-03-20,,False,False,B0072
OPP00444,CONS-Restructuring-0444,A0266,Consumer,Restructuring,Closed Lost,6,0.0,45482249.0,0.01392,633112.91,2025-07-03,2026-11-28,True,False,B0073
OPP00445,INDU-DebtAdvisory-0445,A0056,Industrial,Debt Advisory,Prospecting,0,0.05,225735450.0,0.01337,3018082.97,2024-11-22,,False,False,B0075
OPP00446,CONS-ECM-0446,A0164,Consumer,ECM,Prospecting,0,0.05,48467040.0,0.01099,532652.77,2025-03-19,,False,False,B0073
OPP00447,HEAL-Restructuring-0447,A0143,Healthcare,Restructuring,Mandate,3,0.55,43924147.0,0.01952,857399.35,2023-09-08,,False,False,B0070
OPP00448,INDU-ECM-0448,A0174,Industrial,ECM,Qualification,1,0.15,321843767.0,0.0143,4602365.87,2024-07-05,,False,False,B0075
OPP00449,TECH-ECM-0449,A0082,Technology & Services,ECM,Execution,4,0.8,72403783.0,0.0082,593711.02,2023-10-14,,False,False,B0072
OPP00450,TECH-M&A-0450,A0218,Technology & Services,M&A,Execution,4,0.8,173126034.0,0.01227,2124256.44,2024-09-08,,False,False,B0074
OPP00451,INDU-ECM-0451,A0026,Industrial,ECM,Prospecting,0,0.05,204502524.0,0.01448,2961196.55,2024-02-02,,False,False,B0076
OPP00452,HEAL-M&A-0452,A0241,Healthcare,M&A,Mandate,3,0.55,160273873.0,0.01272,2038683.66,2024-10-03,,False,False,B0070
OPP00453,INDU-ECM-0453,A0040,Industrial,ECM,Closed Won,5,1.0,71782481.0,0.00442,317278.57,2024-11-28,2026-04-15,True,True,B0071
OPP00454,TECH-ECM-0454,A0278,Technology & Services,ECM,Qualification,1,0.15,41325423.0,0.01112,459538.7,2023-03-19,,False,False,B0071
OPP00455,CONS-M&A-0455,A0129,Consumer,M&A,Mandate,3,0.55,54855539.0,0.01829,1003307.81,2023-03-30,,False,False,B0075
OPP00456,INDU-Restructuring-0456,A0119,Industrial,Restructuring,Qualification,1,0.15,20199965.0,0.00542,109483.81,2023-05-06,,False,False,B0072
OPP00457,TECH-Restructuring-0457,A0226,Technology & Services,Restructuring,Closed Lost,6,0.0,32983357.0,0.01131,373041.77,2024-03-13,2024-11-07,True,False,B0075
OPP00458,HEAL-M&A-0458,A0197,Healthcare,M&A,Prospecting,0,0.05,9235096.0,0.01466,135386.51,2024-04-08,,False,False,B0069
OPP00459,HEAL-ECM-0459,A0158,Healthcare,ECM,Closed Won,5,1.0,62466054.0,0.00834,520966.89,2025-06-06,2026-04-01,True,True,B0070
OPP00460,HEAL-ECM-0460,A0264,Healthcare,ECM,Closed Won,5,1.0,60797595.0,0.01804,1096788.61,2023-07-18,2024-05-27,True,True,B0076
OPP00461,TECH-ECM-0461,A0183,Technology & Services,ECM,Closed Lost,6,0.0,52757176.0,0.01297,684260.57,2023-08-18,2024-12-19,True,False,B0071
OPP00462,HEAL-M&A-0462,A0267,Healthcare,M&A,Qualification,1,0.15,78290948.0,0.01195,935576.83,2023-10-17,,False,False,B0076
OPP00463,INDU-DebtAdvisory-0463,A0138,Industrial,Debt Advisory,Mandate,3,0.55,18487444.0,0.00735,135882.71,2023-07-05,,False,False,B0070
OPP00464,TECH-ECM-0464,A0244,Technology & Services,ECM,Closed Won,5,1.0,59758842.0,0.01781,1064304.98,2023-07-19,2024-10-12,True,True,B0071
OPP00465,HEAL-Restructuring-0465,A0256,Healthcare,Restructuring,Closed Won,5,1.0,77188871.0,0.01754,1353892.8,2025-06-01,2026-10-14,True,True,B0069
OPP00466,TECH-M&A-0466,A0239,Technology & Services,M&A,Closed Won,5,1.0,20990241.0,0.01883,395246.24,2024-02-26,2024-10-13,True,True,B0070
OPP00467,HEAL-ECM-0467,A0221,Healthcare,ECM,Prospecting,0,0.05,26979705.0,0.01745,470795.85,2024-07-20,,False,False,B0072
OPP00468,TECH-ECM-0468,A0158,Technology & Services,ECM,Qualification,1,0.15,18010003.0,0.01832,329943.25,2023-07-04,,False,False,B0073
OPP00469,CONS-DebtAdvisory-0469,A0092,Consumer,Debt Advisory,Mandate,3,0.55,92373328.0,0.01116,1030886.34,2024-07-29,,False,False,B0072
OPP00470,HEAL-ECM-0470,A0161,Healthcare,ECM,Execution,4,0.8,101679887.0,0.01709,1737709.27,2023-08-16,,False,False,B0074
OPP00471,INDU-M&A-0471,A0274,Industrial,M&A,Closed Won,5,1.0,53239659.0,0.01332,709152.26,2023-12-09,2024-10-31,True,True,B0074
OPP00472,HEAL-Restructuring-0472,A0156,Healthcare,Restructuring,Qualification,1,0.15,21102164.0,0.00808,170505.49,2025-01-10,,False,False,B0073
OPP00473,CONS-Restructuring-0473,A0281,Consumer,Restructuring,Pitch,2,0.3,122814854.0,0.018,2210667.37,2023-03-03,,False,False,B0070
OPP00474,CONS-Restructuring-0474,A0273,Consumer,Restructuring,Prospecting,0,0.05,36304134.0,0.01793,650933.12,2025-03-31,,False,False,B0074
OPP00475,INDU-DebtAdvisory-0475,A0260,Industrial,Debt Advisory,Pitch,2,0.3,18603252.0,0.01149,213751.37,2025-01-01,,False,False,B0073
OPP00476,TECH-ECM-0476,A0024,Technology & Services,ECM,Qualification,1,0.15,57201157.0,0.01955,1118282.62,2023-08-19,,False,False,B0070
OPP00477,HEAL-M&A-0477,A0276,Healthcare,M&A,Prospecting,0,0.05,20912797.0,0.01205,251999.2,2023-01-31,,False,False,B0073
OPP00478,TECH-ECM-0478,A0081,Technology & Services,ECM,Mandate,3,0.55,37432652.0,0.01692,633360.47,2023-01-14,,False,False,B0071
OPP00479,INDU-ECM-0479,A0238,Industrial,ECM,Qualification,1,0.15,30089749.0,0.00619,186255.55,2023-09-13,,False,False,B0070
OPP00480,HEAL-DebtAdvisory-0480,A0011,Healthcare,Debt Advisory,Prospecting,0,0.05,24393588.0,0.01288,314189.41,2025-06-12,,False,False,B0071
OPP00481,INDU-ECM-0481,A0059,Industrial,ECM,Mandate,3,0.55,61156005.0,0.01531,936298.44,2025-03-11,,False,False,B0069
OPP00482,INDU-Restructuring-0482,A0056,Industrial,Restructuring,Closed Won,5,1.0,36055265.0,0.00977,352259.94,2023-04-05,2024-02-01,True,True,B0072
OPP00483,TECH-M&A-0483,A0303,Technology & Services,M&A,Qualification,1,0.15,9058109.0,0.00453,41033.23,2023-07-27,,False,False,B0070
OPP00484,CONS-DebtAdvisory-0484,A0290,Consumer,Debt Advisory,Closed Won,5,1.0,41575106.0,0.01676,696798.78,2023-04-20,2023-06-30,True,True,B0075
OPP00485,INDU-DebtAdvisory-0485,A0169,Industrial,Debt Advisory,Execution,4,0.8,62702182.0,0.01871,1173157.83,2024-07-22,,False,False,B0073
OPP00486,CONS-DebtAdvisory-0486,A0029,Consumer,Debt Advisory,Prospecting,0,0.05,127998391.0,0.01112,1423342.11,2023-11-13,,False,False,B0074
OPP00487,CONS-Restructuring-0487,A0050,Consumer,Restructuring,Closed Lost,6,0.0,39744475.0,0.0182,723349.45,2023-10-13,2024-02-02,True,False,B0069
OPP00488,CONS-Restructuring-0488,A0208,Consumer,Restructuring,Pitch,2,0.3,46772217.0,0.00816,381661.29,2024-10-19,,False,False,B0073
OPP00489,CONS-ECM-0489,A0101,Consumer,ECM,Prospecting,0,0.05,51553487.0,0.00962,495944.54,2023-04-28,,False,False,B0070
OPP00490,TECH-DebtAdvisory-0490,A0173,Technology & Services,Debt Advisory,Execution,4,0.8,19495091.0,0.01017,198265.08,2024-12-15,,False,False,B0073
OPP00491,TECH-DebtAdvisory-0491,A0317,Technology & Services,Debt Advisory,Closed Won,5,1.0,208338862.0,0.01327,2764656.7,2023-03-18,2023-08-09,True,True,B0073
OPP00492,INDU-Restructuring-0492,A0004,Industrial,Restructuring,Execution,4,0.8,35618097.0,0.01997,711293.4,2023-12-21,,False,False,B0072
OPP00493,INDU-M&A-0493,A0039,Industrial,M&A,Execution,4,0.8,8897395.0,0.00926,82389.88,2024-08-31,,False,False,B0073
OPP00494,INDU-Restructuring-0494,A0067,Industrial,Restructuring,Qualification,1,0.15,37878788.0,0.01797,680681.82,2023-07-04,,False,False,B0074
OPP00495,HEAL-M&A-0495,A0179,Healthcare,M&A,Prospecting,0,0.05,48763258.0,0.01355,660742.15,2024-04-22,,False,False,B0071
OPP00496,HEAL-M&A-0496,A0282,Healthcare,M&A,Qualification,1,0.15,86454899.0,0.00486,420170.81,2025-07-13,,False,False,B0076
OPP00497,TECH-Restructuring-0497,A0168,Technology & Services,Restructuring,Closed Won,5,1.0,27022934.0,0.017,459389.88,2023-02-27,2023-11-21,True,True,B0074
OPP00498,CONS-M&A-0498,A0149,Consumer,M&A,Mandate,3,0.55,105155719.0,0.01494,1571026.44,2024-07-01,,False,False,B0071
OPP00499,INDU-Restructuring-0499,A0061,Industrial,Restructuring,Qualification,1,0.15,471423161.0,0.00473,2229831.55,2024-10-12,,False,False,B0075
OPP00500,HEAL-ECM-0500,A0079,Healthcare,ECM,Pitch,2,0.3,24276948.0,0.01341,325553.87,2025-01-29,,False,False,B0076
OPP00501,CONS-DebtAdvisory-0501,A0121,Consumer,Debt Advisory,Closed Won,5,1.0,41833291.0,0.0109,455982.87,2023-03-07,2024-04-06,True,True,B0071
OPP00502,TECH-ECM-0502,A0301,Technology & Services,ECM,Closed Won,5,1.0,27655417.0,0.01091,301720.6,2023-11-18,2024-05-05,True,True,B0070
OPP00503,INDU-M&A-0503,A0168,Industrial,M&A,Pitch,2,0.3,34908151.0,0.00908,316966.01,2024-04-03,,False,False,B0069
OPP00504,HEAL-ECM-0504,A0132,Healthcare,ECM,Prospecting,0,0.05,18188155.0,0.01889,343574.25,2025-04-23,,False,False,B0070
OPP00505,CONS-Restructuring-0505,A0296,Consumer,Restructuring,Mandate,3,0.55,56542303.0,0.00799,451773.0,2024-09-14,,False,False,B0069
OPP00506,TECH-M&A-0506,A0129,Technology & Services,M&A,Qualification,1,0.15,27223297.0,0.00402,109437.65,2023-05-26,,False,False,B0069
OPP00507,CONS-M&A-0507,A0106,Consumer,M&A,Mandate,3,0.55,86667104.0,0.01277,1106738.92,2023-04-05,,False,False,B0070
OPP00508,HEAL-M&A-0508,A0283,Healthcare,M&A,Closed Lost,6,0.0,44378067.0,0.00634,281356.94,2024-02-03,2024-04-28,True,False,B0076
OPP00509,INDU-DebtAdvisory-0509,A0316,Industrial,Debt Advisory,Execution,4,0.8,19313152.0,0.01959,378344.65,2024-06-29,,False,False,B0072
OPP00510,CONS-Restructuring-0510,A0099,Consumer,Restructuring,Pitch,2,0.3,39953212.0,0.0189,755115.71,2024-09-16,,False,False,B0070
OPP00511,HEAL-Restructuring-0511,A0208,Healthcare,Restructuring,Pitch,2,0.3,118030994.0,0.00492,580712.49,2024-10-29,,False,False,B0072
OPP00512,TECH-ECM-0512,A0048,Technology & Services,ECM,Closed Won,5,1.0,25172451.0,0.01478,372048.83,2024-07-22,2025-11-08,True,True,B0069
OPP00513,HEAL-ECM-0513,A0089,Healthcare,ECM,Qualification,1,0.15,150823744.0,0.00455,686248.04,2023-06-05,,False,False,B0074
OPP00514,TECH-Restructuring-0514,A0052,Technology & Services,Restructuring,Prospecting,0,0.05,32422250.0,0.00496,160814.36,2025-05-24,,False,False,B0070
OPP00515,INDU-ECM-0515,A0165,Industrial,ECM,Execution,4,0.8,690950059.0,0.01516,10474802.89,2024-11-16,,False,False,B0073
OPP00516,INDU-M&A-0516,A0283,Industrial,M&A,Mandate,3,0.55,73663514.0,0.01155,850813.59,2024-12-20,,False,False,B0074
OPP00517,HEAL-DebtAdvisory-0517,A0267,Healthcare,Debt Advisory,Qualification,1,0.15,48899719.0,0.01979,967725.44,2023-03-28,,False,False,B0070
OPP00518,CONS-Restructuring-0518,A0091,Consumer,Restructuring,Qualification,1,0.15,57946004.0,0.00919,532523.78,2024-10-26,,False,False,B0073
OPP00519,TECH-M&A-0519,A0050,Technology & Services,M&A,Closed Won,5,1.0,69745421.0,0.00637,444278.33,2025-08-16,2027-01-02,True,True,B0072
OPP00520,TECH-Restructuring-0520,A0105,Technology & Services,Restructuring,Pitch,2,0.3,64324758.0,0.00419,269520.74,2024-06-02,,False,False,B0070
OPP00521,INDU-Restructuring-0521,A0037,Industrial,Restructuring,Closed Won,5,1.0,14807452.0,0.01347,199456.38,2024-10-18,2026-03-26,True,True,B0071
OPP00522,TECH-DebtAdvisory-0522,A0091,Technology & Services,Debt Advisory,Pitch,2,0.3,12411691.0,0.00693,86013.02,2025-04-18,,False,False,B0071
OPP00523,HEAL-M&A-0523,A0129,Healthcare,M&A,Prospecting,0,0.05,123078177.0,0.01209,1488015.16,2024-10-13,,False,False,B0075
OPP00524,CONS-DebtAdvisory-0524,A0266,Consumer,Debt Advisory,Closed Won,5,1.0,43968862.0,0.01382,607649.67,2023-08-07,2024-09-05,True,True,B0071
OPP00525,INDU-M&A-0525,A0022,Industrial,M&A,Execution,4,0.8,17579005.0,0.00497,87367.65,2023-07-13,,False,False,B0076
OPP00526,INDU-Restructuring-0526,A0045,Industrial,Restructuring,Execution,4,0.8,24642664.0,0.01715,422621.69,2023-06-11,,False,False,B0071
OPP00527,TECH-DebtAdvisory-0527,A0152,Technology & Services,Debt Advisory,Mandate,3,0.55,33248643.0,0.00736,244710.01,2023-02-20,,False,False,B0075
OPP00528,TECH-Restructuring-0528,A0191,Technology & Services,Restructuring,Closed Won,5,1.0,3739342.0,0.01593,59567.72,2023-04-10,2024-03-31,True,True,B0069
OPP00529,CONS-ECM-0529,A0243,Consumer,ECM,Execution,4,0.8,193037352.0,0.00527,1017306.85,2025-02-14,,False,False,B0075
OPP00530,HEAL-ECM-0530,A0281,Healthcare,ECM,Closed Lost,6,0.0,185774207.0,0.00846,1571649.79,2024-05-04,2025-06-26,True,False,B0074
OPP00531,TECH-Restructuring-0531,A0105,Technology & Services,Restructuring,Prospecting,0,0.05,33763406.0,0.01588,536162.89,2024-08-06,,False,False,B0073
OPP00532,HEAL-M&A-0532,A0272,Healthcare,M&A,Pitch,2,0.3,48759939.0,0.00827,403244.7,2024-07-25,,False,False,B0075
OPP00533,CONS-DebtAdvisory-0533,A0253,Consumer,Debt Advisory,Pitch,2,0.3,22688170.0,0.00806,182866.65,2024-04-15,,False,False,B0072
OPP00534,CONS-M&A-0534,A0198,Consumer,M&A,Closed Won,5,1.0,42745441.0,0.00695,297080.81,2025-09-13,2026-10-13,True,True,B0073
OPP00535,INDU-Restructuring-0535,A0245,Industrial,Restructuring,Closed Lost,6,0.0,58597279.0,0.01599,936970.49,2024-01-16,2025-01-23,True,False,B0070
OPP00536,TECH-M&A-0536,A0067,Technology & Services,M&A,Execution,4,0.8,25416548.0,0.00798,202824.05,2024-04-06,,False,False,B0076
OPP00537,HEAL-M&A-0537,A0251,Healthcare,M&A,Execution,4,0.8,13400095.0,0.01193,159863.13,2023-01-27,,False,False,B0072
OPP00538,INDU-M&A-0538,A0257,Industrial,M&A,Qualification,1,0.15,53746252.0,0.01356,728799.18,2023-06-02,,False,False,B0072
OPP00539,CONS-M&A-0539,A0209,Consumer,M&A,Closed Lost,6,0.0,28435343.0,0.01056,300277.22,2023-11-17,2024-06-24,True,False,B0070
OPP00540,CONS-DebtAdvisory-0540,A0006,Consumer,Debt Advisory,Pitch,2,0.3,135450989.0,0.01705,2309439.36,2023-11-14,,False,False,B0073
OPP00541,INDU-M&A-0541,A0108,Industrial,M&A,Closed Lost,6,0.0,7449709.0,0.01374,102359.0,2025-05-20,2026-05-20,True,False,B0075
OPP00542,HEAL-M&A-0542,A0263,Healthcare,M&A,Prospecting,0,0.05,32026706.0,0.01649,528120.38,2023-08-11,,False,False,B0075
OPP00543,INDU-ECM-0543,A0146,Industrial,ECM,Qualification,1,0.15,113972796.0,0.01871,2132431.01,2024-04-10,,False,False,B0072
OPP00544,TECH-M&A-0544,A0309,Technology & Services,M&A,Closed Won,5,1.0,169966561.0,0.00476,809040.83,2025-07-06,2026-02-20,True,True,B0071
OPP00545,CONS-ECM-0545,A0071,Consumer,ECM,Qualification,1,0.15,26957512.0,0.01925,518932.11,2024-01-27,,False,False,B0070
OPP00546,CONS-Restructuring-0546,A0228,Consumer,Restructuring,Closed Won,5,1.0,73638111.0,0.0093,684834.43,2023-10-19,2024-10-09,True,True,B0074
OPP00547,HEAL-M&A-0547,A0191,Healthcare,M&A,Closed Lost,6,0.0,40374331.0,0.01538,620957.21,2023-10-10,2024-04-10,True,False,B0074
OPP00548,CONS-ECM-0548,A0052,Consumer,ECM,Execution,4,0.8,28260556.0,0.00833,235410.43,2023-06-02,,False,False,B0076
OPP00549,HEAL-DebtAdvisory-0549,A0020,Healthcare,Debt Advisory,Pitch,2,0.3,97961476.0,0.01127,1104025.83,2023-06-13,,False,False,B0070
OPP00550,INDU-M&A-0550,A0042,Industrial,M&A,Mandate,3,0.55,29324743.0,0.0191,560102.59,2023-09-12,,False,False,B0069
OPP00551,HEAL-M&A-0551,A0162,Healthcare,M&A,Prospecting,0,0.05,33124689.0,0.01554,514757.67,2025-06-21,,False,False,B0075
OPP00552,INDU-Restructuring-0552,A0249,Industrial,Restructuring,Prospecting,0,0.05,44177210.0,0.00885,390968.31,2023-03-14,,False,False,B0073
OPP00553,CONS-ECM-0553,A0011,Consumer,ECM,Prospecting,0,0.05,95357300.0,0.01423,1356934.38,2025-09-24,,False,False,B0074
OPP00554,CONS-DebtAdvisory-0554,A0097,Consumer,Debt Advisory,Closed Won,5,1.0,43660725.0,0.01358,592912.65,2023-10-25,2024-02-25,True,True,B0071
OPP00555,TECH-M&A-0555,A0107,Technology & Services,M&A,Qualification,1,0.15,54109175.0,0.00491,265676.05,2024-04-28,,False,False,B0075
OPP00556,TECH-ECM-0556,A0309,Technology & Services,ECM,Closed Lost,6,0.0,50560035.0,0.01544,780646.94,2023-11-10,2024-02-09,True,False,B0069
OPP00557,INDU-M&A-0557,A0257,Industrial,M&A,Prospecting,0,0.05,21731469.0,0.00523,113655.58,2024-11-22,,False,False,B0073
OPP00558,HEAL-Restructuring-0558,A0228,Healthcare,Restructuring,Execution,4,0.8,74939273.0,0.01485,1112848.2,2023-06-24,,False,False,B0071
OPP00559,CONS-M&A-0559,A0200,Consumer,M&A,Pitch,2,0.3,41299294.0,0.01212,500547.44,2025-05-18,,False,False,B0076
OPP00560,TECH-ECM-0560,A0056,Technology & Services,ECM,Mandate,3,0.55,54385490.0,0.00529,287699.24,2025-04-07,,False,False,B0076
OPP00561,INDU-M&A-0561,A0195,Industrial,M&A,Prospecting,0,0.05,86351134.0,0.00712,614820.07,2025-05-15,,False,False,B0069
OPP00562,CONS-DebtAdvisory-0562,A0208,Consumer,Debt Advisory,Execution,4,0.8,52010801.0,0.01288,669899.12,2023-08-06,,False,False,B0073
OPP00563,CONS-DebtAdvisory-0563,A0244,Consumer,Debt Advisory,Closed Lost,6,0.0,63821600.0,0.01867,1191549.27,2023-06-05,2024-04-03,True,False,B0074
OPP00564,INDU-DebtAdvisory-0564,A0068,Industrial,Debt Advisory,Pitch,2,0.3,46115003.0,0.005,230575.02,2025-07-18,,False,False,B0069
OPP00565,TECH-M&A-0565,A0225,Technology & Services,M&A,Pitch,2,0.3,71391578.0,0.01344,959502.81,2023-06-25,,False,False,B0074
OPP00566,CONS-Restructuring-0566,A0024,Consumer,Restructuring,Pitch,2,0.3,35863245.0,0.00849,304478.95,2025-01-18,,False,False,B0071
OPP00567,TECH-ECM-0567,A0253,Technology & Services,ECM,Closed Won,5,1.0,217791309.0,0.00622,1354661.94,2023-02-04,2024-03-27,True,True,B0075
OPP00568,TECH-DebtAdvisory-0568,A0208,Technology & Services,Debt Advisory,Qualification,1,0.15,25459111.0,0.01103,280813.99,2023-10-24,,False,False,B0070
OPP00569,CONS-M&A-0569,A0144,Consumer,M&A,Prospecting,0,0.05,23478618.0,0.00612,143689.14,2024-06-03,,False,False,B0076
OPP00570,CONS-ECM-0570,A0104,Consumer,ECM,Pitch,2,0.3,59792835.0,0.01301,777904.78,2024-12-19,,False,False,B0074
OPP00571,TECH-Restructuring-0571,A0091,Technology & Services,Restructuring,Prospecting,0,0.05,114695178.0,0.00953,1093045.05,2023-10-28,,False,False,B0075
OPP00572,INDU-Restructuring-0572,A0311,Industrial,Restructuring,Mandate,3,0.55,95704776.0,0.00833,797220.78,2023-05-03,,False,False,B0076
OPP00573,HEAL-DebtAdvisory-0573,A0033,Healthcare,Debt Advisory,Closed Won,5,1.0,23188134.0,0.01305,302605.15,2023-02-08,2023-04-23,True,True,B0070
OPP00574,CONS-M&A-0574,A0269,Consumer,M&A,Execution,4,0.8,22955954.0,0.01163,266977.75,2023-03-22,,False,False,B0071
OPP00575,CONS-M&A-0575,A0245,Consumer,M&A,Qualification,1,0.15,15210022.0,0.00624,94910.54,2025-09-06,,False,False,B0076
OPP00576,TECH-ECM-0576,A0178,Technology & Services,ECM,Execution,4,0.8,110694096.0,0.01527,1690298.85,2024-08-18,,False,False,B0075
OPP00577,CONS-ECM-0577,A0104,Consumer,ECM,Mandate,3,0.55,64751592.0,0.01463,947315.79,2023-05-24,,False,False,B0072
OPP00578,CONS-M&A-0578,A0010,Consumer,M&A,Prospecting,0,0.05,26869141.0,0.01422,382079.19,2023-10-04,,False,False,B0074
OPP00579,CONS-ECM-0579,A0139,Consumer,ECM,Prospecting,0,0.05,66966021.0,0.01553,1039982.31,2023-05-14,,False,False,B0074
OPP00580,INDU-DebtAdvisory-0580,A0307,Industrial,Debt Advisory,Mandate,3,0.55,158979575.0,0.0161,2559571.16,2024-05-07,,False,False,B0072
OPP00581,TECH-ECM-0581,A0302,Technology & Services,ECM,Prospecting,0,0.05,19324443.0,0.0081,156527.99,2023-05-17,,False,False,B0075
OPP00582,TECH-M&A-0582,A0151,Technology & Services,M&A,Prospecting,0,0.05,11905585.0,0.00441,52503.63,2024-12-20,,False,False,B0073
OPP00583,HEAL-M&A-0583,A0140,Healthcare,M&A,Closed Lost,6,0.0,71930748.0,0.01387,997679.47,2025-03-17,2026-08-06,True,False,B0071
OPP00584,HEAL-M&A-0584,A0105,Healthcare,M&A,Closed Won,5,1.0,20431251.0,0.00898,183472.63,2025-05-19,2025-08-08,True,True,B0069
OPP00585,TECH-ECM-0585,A0299,Technology & Services,ECM,Closed Won,5,1.0,13060714.0,0.01755,229215.53,2023-05-23,2024-08-03,True,True,B0072
OPP00586,CONS-Restructuring-0586,A0072,Consumer,Restructuring,Mandate,3,0.55,105004810.0,0.0084,882040.4,2024-08-03,,False,False,B0074
OPP00587,CONS-M&A-0587,A0181,Consumer,M&A,Pitch,2,0.3,19996977.0,0.01239,247762.55,2023-09-01,,False,False,B0076
OPP00588,TECH-ECM-0588,A0109,Technology & Services,ECM,Mandate,3,0.55,28305992.0,0.00652,184555.07,2023-07-08,,False,False,B0070
OPP00589,CONS-DebtAdvisory-0589,A0283,Consumer,Debt Advisory,Execution,4,0.8,21069818.0,0.01343,282967.66,2024-05-18,,False,False,B0075
OPP00590,HEAL-ECM-0590,A0038,Healthcare,ECM,Prospecting,0,0.05,15890185.0,0.00926,147143.11,2024-06-10,,False,False,B0070
OPP00591,HEAL-ECM-0591,A0056,Healthcare,ECM,Mandate,3,0.55,211399376.0,0.01485,3139280.73,2023-12-24,,False,False,B0074
OPP00592,TECH-ECM-0592,A0188,Technology & Services,ECM,Pitch,2,0.3,12955235.0,0.00904,117115.32,2023-10-04,,False,False,B0074
OPP00593,HEAL-DebtAdvisory-0593,A0001,Healthcare,Debt Advisory,Execution,4,0.8,56492010.0,0.01106,624801.63,2024-11-26,,False,False,B0076
OPP00594,INDU-M&A-0594,A0196,Industrial,M&A,Closed Won,5,1.0,41664885.0,0.01079,449564.11,2023-01-14,2023-05-07,True,True,B0069
OPP00595,INDU-Restructuring-0595,A0306,Industrial,Restructuring,Mandate,3,0.55,105940795.0,0.01786,1892102.6,2023-10-26,,False,False,B0072
OPP00596,TECH-DebtAdvisory-0596,A0301,Technology & Services,Debt Advisory,Qualification,1,0.15,17750613.0,0.01278,226852.83,2024-07-11,,False,False,B0076
OPP00597,INDU-ECM-0597,A0045,Industrial,ECM,Qualification,1,0.15,117119947.0,0.01959,2294379.76,2025-05-30,,False,False,B0074
OPP00598,CONS-M&A-0598,A0024,Consumer,M&A,Closed Lost,6,0.0,10369391.0,0.01507,156266.72,2025-01-11,2026-04-20,True,False,B0072
OPP00599,INDU-Restructuring-0599,A0168,Industrial,Restructuring,Closed Won,5,1.0,74530782.0,0.01805,1345280.62,2023-03-11,2023-11-20,True,True,B0075
OPP00600,TECH-ECM-0600,A0253,Technology & Services,ECM,Qualification,1,0.15,42660700.0,0.00561,239326.53,2024-05-31,,False,False,B0074
OPP00601,TECH-M&A-0601,A0018,Technology & Services,M&A,Mandate,3,0.55,68284423.0,0.00771,526472.9,2024-06-23,,False,False,B0072
OPP00602,INDU-M&A-0602,A0160,Industrial,M&A,Prospecting,0,0.05,200996436.0,0.01777,3571706.67,2025-02-26,,False,False,B0071
OPP00603,HEAL-DebtAdvisory-0603,A0050,Healthcare,Debt Advisory,Pitch,2,0.3,71511876.0,0.00538,384733.89,2023-12-13,,False,False,B0075
OPP00604,TECH-DebtAdvisory-0604,A0181,Technology & Services,Debt Advisory,Closed Won,5,1.0,32260651.0,0.01975,637147.86,2025-07-14,2026-08-18,True,True,B0072
OPP00605,CONS-DebtAdvisory-0605,A0141,Consumer,Debt Advisory,Mandate,3,0.55,17581784.0,0.00916,161049.14,2023-03-18,,False,False,B0069
OPP00606,INDU-DebtAdvisory-0606,A0061,Industrial,Debt Advisory,Qualification,1,0.15,68143073.0,0.00983,669846.41,2025-02-01,,False,False,B0069
OPP00607,TECH-M&A-0607,A0301,Technology & Services,M&A,Execution,4,0.8,49240526.0,0.00925,455474.87,2023-12-04,,False,False,B0075
OPP00608,CONS-DebtAdvisory-0608,A0001,Consumer,Debt Advisory,Mandate,3,0.55,25458923.0,0.01985,505359.62,2024-10-02,,False,False,B0074
OPP00609,TECH-ECM-0609,A0007,Technology & Services,ECM,Closed Lost,6,0.0,58961559.0,0.01122,661548.69,2025-07-27,2025-09-10,True,False,B0072
OPP00610,TECH-ECM-0610,A0023,Technology & Services,ECM,Qualification,1,0.15,43095077.0,0.01669,719256.84,2023-01-08,,False,False,B0073
OPP00611,HEAL-ECM-0611,A0310,Healthcare,ECM,Pitch,2,0.3,21507000.0,0.01115,239803.05,2025-03-05,,False,False,B0075
OPP00612,INDU-ECM-0612,A0138,Industrial,ECM,Mandate,3,0.55,34823195.0,0.01723,600003.65,2024-02-15,,False,False,B0076
OPP00613,CONS-Restructuring-0613,A0142,Consumer,Restructuring,Mandate,3,0.55,113426927.0,0.01741,1974762.8,2023-10-12,,False,False,B0076
OPP00614,INDU-DebtAdvisory-0614,A0217,Industrial,Debt Advisory,Closed Won,5,1.0,198045846.0,0.00734,1453656.51,2024-12-01,2025-04-21,True,True,B0073
OPP00615,HEAL-ECM-0615,A0119,Healthcare,ECM,Prospecting,0,0.05,6103266.0,0.01376,83980.94,2024-08-12,,False,False,B0070
OPP00616,INDU-Restructuring-0616,A0289,Industrial,Restructuring,Closed Won,5,1.0,48818419.0,0.01767,862621.46,2025-01-19,2026-03-11,True,True,B0072
OPP00617,TECH-DebtAdvisory-0617,A0207,Technology & Services,Debt Advisory,Prospecting,0,0.05,114705779.0,0.01307,1499204.53,2024-09-04,,False,False,B0074
OPP00618,HEAL-ECM-0618,A0193,Healthcare,ECM,Execution,4,0.8,70603225.0,0.01935,1366172.4,2025-03-21,,False,False,B0074
OPP00619,CONS-Restructuring-0619,A0272,Consumer,Restructuring,Closed Lost,6,0.0,48469222.0,0.01375,666451.8,2024-03-22,2025-08-02,True,False,B0070
OPP00620,CONS-DebtAdvisory-0620,A0191,Consumer,Debt Advisory,Closed Won,5,1.0,248887494.0,0.00575,1431103.09,2024-06-12,2025-04-03,True,True,B0072
OPP00621,TECH-DebtAdvisory-0621,A0035,Technology & Services,Debt Advisory,Pitch,2,0.3,32735547.0,0.0174,569598.52,2024-11-11,,False,False,B0076
OPP00622,HEAL-ECM-0622,A0201,Healthcare,ECM,Prospecting,0,0.05,10604832.0,0.00663,70310.04,2023-02-19,,False,False,B0074
OPP00623,HEAL-Restructuring-0623,A0190,Healthcare,Restructuring,Qualification,1,0.15,54444471.0,0.00886,482378.01,2024-12-14,,False,False,B0071
OPP00624,TECH-DebtAdvisory-0624,A0073,Technology & Services,Debt Advisory,Closed Lost,6,0.0,13476713.0,0.01154,155521.27,2024-06-29,2025-03-13,True,False,B0072
OPP00625,HEAL-Restructuring-0625,A0207,Healthcare,Restructuring,Prospecting,0,0.05,7989297.0,0.01782,142369.27,2025-09-25,,False,False,B0073
OPP00626,HEAL-ECM-0626,A0094,Healthcare,ECM,Mandate,3,0.55,72231743.0,0.01197,864613.96,2023-10-09,,False,False,B0073
OPP00627,TECH-DebtAdvisory-0627,A0025,Technology & Services,Debt Advisory,Mandate,3,0.55,122566107.0,0.01206,1478147.25,2024-09-15,,False,False,B0076
OPP00628,TECH-M&A-0628,A0181,Technology & Services,M&A,Closed Lost,6,0.0,96679137.0,0.01173,1134046.28,2023-11-19,2025-02-05,True,False,B0075
OPP00629,CONS-ECM-0629,A0091,Consumer,ECM,Closed Won,5,1.0,14781228.0,0.01113,164515.07,2025-09-26,2026-01-05,True,True,B0071
OPP00630,INDU-ECM-0630,A0015,Industrial,ECM,Closed Won,5,1.0,108594211.0,0.00518,562518.01,2024-02-28,2024-08-06,True,True,B0075
OPP00631,INDU-Restructuring-0631,A0232,Industrial,Restructuring,Pitch,2,0.3,78003090.0,0.01681,1311231.94,2024-08-13,,False,False,B0076
OPP00632,HEAL-M&A-0632,A0094,Healthcare,M&A,Closed Won,5,1.0,71936256.0,0.00925,665410.37,2024-04-30,2024-12-14,True,True,B0070
OPP00633,TECH-ECM-0633,A0238,Technology & Services,ECM,Prospecting,0,0.05,115889843.0,0.01791,2075587.09,2023-03-29,,False,False,B0076
OPP00634,HEAL-Restructuring-0634,A0092,Healthcare,Restructuring,Pitch,2,0.3,41696051.0,0.01202,501186.53,2024-11-13,,False,False,B0076
OPP00635,CONS-ECM-0635,A0196,Consumer,ECM,Prospecting,0,0.05,33229833.0,0.00794,263844.87,2025-07-25,,False,False,B0070
OPP00636,HEAL-M&A-0636,A0105,Healthcare,M&A,Execution,4,0.8,11003028.0,0.01824,200695.23,2024-02-05,,False,False,B0076
OPP00637,INDU-DebtAdvisory-0637,A0092,Industrial,Debt Advisory,Pitch,2,0.3,60414379.0,0.00913,551583.28,2024-11-26,,False,False,B0076
OPP00638,INDU-DebtAdvisory-0638,A0145,Industrial,Debt Advisory,Qualification,1,0.15,21152042.0,0.0147,310935.02,2024-12-30,,False,False,B0071
OPP00639,INDU-Restructuring-0639,A0065,Industrial,Restructuring,Execution,4,0.8,34630406.0,0.00704,243798.06,2025-06-05,,False,False,B0069
OPP00640,TECH-Restructuring-0640,A0134,Technology & Services,Restructuring,Execution,4,0.8,22557745.0,0.00499,112563.15,2025-02-13,,False,False,B0073
OPP00641,TECH-M&A-0641,A0172,Technology & Services,M&A,Closed Won,5,1.0,36382850.0,0.00448,162995.17,2023-08-06,2024-05-19,True,True,B0069
OPP00642,TECH-DebtAdvisory-0642,A0076,Technology & Services,Debt Advisory,Prospecting,0,0.05,48741115.0,0.0096,467914.7,2023-06-27,,False,False,B0072
OPP00643,HEAL-M&A-0643,A0173,Healthcare,M&A,Closed Won,5,1.0,15077149.0,0.00895,134940.48,2025-02-02,2025-08-02,True,True,B0070
OPP00644,TECH-ECM-0644,A0051,Technology & Services,ECM,Prospecting,0,0.05,41236275.0,0.00492,202882.47,2024-05-18,,False,False,B0070
OPP00645,CONS-Restructuring-0645,A0218,Consumer,Restructuring,Closed Lost,6,0.0,13206381.0,0.01072,141572.4,2025-06-28,2025-11-30,True,False,B0071
OPP00646,CONS-ECM-0646,A0271,Consumer,ECM,Pitch,2,0.3,58124750.0,0.00976,567297.56,2023-05-10,,False,False,B0073
OPP00647,INDU-ECM-0647,A0254,Industrial,ECM,Pitch,2,0.3,42092020.0,0.00915,385141.98,2025-07-14,,False,False,B0076
OPP00648,INDU-ECM-0648,A0318,Industrial,ECM,Prospecting,0,0.05,414865521.0,0.00674,2796193.61,2023-10-07,,False,False,B0072
OPP00649,INDU-ECM-0649,A0031,Industrial,ECM,Qualification,1,0.15,387809572.0,0.01924,7461456.17,2025-02-01,,False,False,B0073
OPP00650,INDU-ECM-0650,A0253,Industrial,ECM,Prospecting,0,0.05,9989055.0,0.00548,54740.02,2024-01-18,,False,False,B0073
OPP00651,CONS-Restructuring-0651,A0096,Consumer,Restructuring,Pitch,2,0.3,26127630.0,0.0044,114961.57,2023-10-12,,False,False,B0069
OPP00652,HEAL-DebtAdvisory-0652,A0173,Healthcare,Debt Advisory,Qualification,1,0.15,95590370.0,0.01495,1429076.03,2025-06-03,,False,False,B0069
OPP00653,CONS-M&A-0653,A0215,Consumer,M&A,Pitch,2,0.3,25019860.0,0.01575,394062.79,2023-08-30,,False,False,B0074
OPP00654,TECH-M&A-0654,A0242,Technology & Services,M&A,Closed Lost,6,0.0,19125437.0,0.01732,331252.57,2025-01-29,2025-12-19,True,False,B0072
OPP00655,INDU-ECM-0655,A0153,Industrial,ECM,Closed Lost,6,0.0,39250393.0,0.01224,480424.81,2025-03-13,2026-02-06,True,False,B0074
OPP00656,TECH-M&A-0656,A0256,Technology & Services,M&A,Closed Won,5,1.0,13105530.0,0.00798,104582.13,2024-03-08,2025-05-08,True,True,B0073
OPP00657,INDU-M&A-0657,A0291,Industrial,M&A,Closed Lost,6,0.0,11645414.0,0.01327,154534.64,2025-01-27,2025-06-14,True,False,B0076
OPP00658,CONS-DebtAdvisory-0658,A0255,Consumer,Debt Advisory,Qualification,1,0.15,159344451.0,0.01673,2665832.67,2025-09-02,,False,False,B0072
OPP00659,INDU-M&A-0659,A0275,Industrial,M&A,Qualification,1,0.15,35691901.0,0.00544,194163.94,2023-01-29,,False,False,B0069
OPP00660,INDU-M&A-0660,A0100,Industrial,M&A,Closed Won,5,1.0,29903157.0,0.00536,160280.92,2023-09-09,2024-11-01,True,True,B0074
OPP00661,INDU-Restructuring-0661,A0149,Industrial,Restructuring,Closed Won,5,1.0,9240003.0,0.00819,75675.62,2024-03-27,2025-03-13,True,True,B0071
OPP00662,HEAL-M&A-0662,A0130,Healthcare,M&A,Qualification,1,0.15,7730390.0,0.00923,71351.5,2025-07-17,,False,False,B0069
OPP00663,HEAL-M&A-0663,A0253,Healthcare,M&A,Prospecting,0,0.05,47285084.0,0.00939,444006.94,2024-03-02,,False,False,B0070
OPP00664,INDU-ECM-0664,A0308,Industrial,ECM,Closed Lost,6,0.0,56007534.0,0.01709,957168.76,2024-09-23,2025-04-29,True,False,B0072
OPP00665,TECH-ECM-0665,A0026,Technology & Services,ECM,Closed Won,5,1.0,40749472.0,0.01939,790132.26,2024-05-07,2025-04-17,True,True,B0074
OPP00666,CONS-ECM-0666,A0073,Consumer,ECM,Closed Lost,6,0.0,37917169.0,0.01885,714738.64,2025-04-17,2025-12-16,True,False,B0070
OPP00667,TECH-DebtAdvisory-0667,A0220,Technology & Services,Debt Advisory,Pitch,2,0.3,22591477.0,0.00754,170339.74,2023-05-09,,False,False,B0071
OPP00668,CONS-M&A-0668,A0180,Consumer,M&A,Prospecting,0,0.05,38731522.0,0.01438,556959.29,2023-04-12,,False,False,B0072
OPP00669,TECH-DebtAdvisory-0669,A0025,Technology & Services,Debt Advisory,Qualification,1,0.15,47324893.0,0.00731,345944.97,2024-02-21,,False,False,B0071
OPP00670,INDU-M&A-0670,A0051,Industrial,M&A,Prospecting,0,0.05,56670759.0,0.01407,797357.58,2023-02-21,,False,False,B0073
OPP00671,TECH-ECM-0671,A0071,Technology & Services,ECM,Mandate,3,0.55,40196877.0,0.01303,523765.31,2025-03-10,,False,False,B0069
OPP00672,INDU-ECM-0672,A0137,Industrial,ECM,Pitch,2,0.3,22698813.0,0.01497,339801.23,2025-09-19,,False,False,B0075
OPP00673,TECH-DebtAdvisory-0673,A0176,Technology & Services,Debt Advisory,Execution,4,0.8,29456209.0,0.0045,132552.94,2025-02-08,,False,False,B0074
OPP00674,HEAL-DebtAdvisory-0674,A0105,Healthcare,Debt Advisory,Qualification,1,0.15,22256607.0,0.01399,311369.93,2023-05-11,,False,False,B0073
OPP00675,HEAL-ECM-0675,A0026,Healthcare,ECM,Pitch,2,0.3,9819864.0,0.00864,84843.62,2024-09-13,,False,False,B0072
OPP00676,INDU-DebtAdvisory-0676,A0255,Industrial,Debt Advisory,Prospecting,0,0.05,37499502.0,0.01492,559492.57,2025-01-31,,False,False,B0075
OPP00677,INDU-DebtAdvisory-0677,A0205,Industrial,Debt Advisory,Execution,4,0.8,38634796.0,0.01572,607338.99,2024-10-15,,False,False,B0074
OPP00678,INDU-M&A-0678,A0136,Industrial,M&A,Qualification,1,0.15,57814112.0,0.00987,570625.29,2024-06-13,,False,False,B0075
OPP00679,HEAL-ECM-0679,A0216,Healthcare,ECM,Qualification,1,0.15,65760302.0,0.011,723363.32,2024-08-27,,False,False,B0074
OPP00680,HEAL-M&A-0680,A0010,Healthcare,M&A,Mandate,3,0.55,71949879.0,0.0095,683523.85,2025-03-22,,False,False,B0070
OPP00681,TECH-DebtAdvisory-0681,A0215,Technology & Services,Debt Advisory,Mandate,3,0.55,41282519.0,0.01392,574652.66,2023-11-22,,False,False,B0072
OPP00682,CONS-ECM-0682,A0036,Consumer,ECM,Qualification,1,0.15,227438656.0,0.01998,4544224.35,2023-06-14,,False,False,B0074
OPP00683,HEAL-M&A-0683,A0007,Healthcare,M&A,Closed Lost,6,0.0,28654022.0,0.01548,443564.26,2023-01-03,2023-04-16,True,False,B0073
OPP00684,TECH-ECM-0684,A0028,Technology & Services,ECM,Mandate,3,0.55,37727149.0,0.01979,746620.28,2024-12-14,,False,False,B0075
OPP00685,TECH-Restructuring-0685,A0046,Technology & Services,Restructuring,Qualification,1,0.15,22434833.0,0.01225,274826.7,2024-05-28,,False,False,B0074
OPP00686,INDU-Restructuring-0686,A0279,Industrial,Restructuring,Execution,4,0.8,20819799.0,0.0104,216525.91,2025-07-14,,False,False,B0070
OPP00687,INDU-M&A-0687,A0260,Industrial,M&A,Prospecting,0,0.05,27393933.0,0.01249,342150.22,2025-01-05,,False,False,B0069
OPP00688,HEAL-DebtAdvisory-0688,A0282,Healthcare,Debt Advisory,Closed Won,5,1.0,51909272.0,0.01712,888686.74,2024-10-31,2025-07-22,True,True,B0070
OPP00689,INDU-M&A-0689,A0124,Industrial,M&A,Closed Won,5,1.0,36409960.0,0.00888,323320.44,2024-04-20,2024-10-11,True,True,B0072
OPP00690,INDU-Restructuring-0690,A0277,Industrial,Restructuring,Execution,4,0.8,54393800.0,0.00749,407409.56,2024-06-29,,False,False,B0075
OPP00691,CONS-ECM-0691,A0240,Consumer,ECM,Closed Lost,6,0.0,159569361.0,0.01259,2008978.25,2023-03-08,2023-07-21,True,False,B0075
OPP00692,CONS-M&A-0692,A0226,Consumer,M&A,Closed Lost,6,0.0,12679989.0,0.01216,154188.67,2024-10-15,2025-08-12,True,False,B0069
OPP00693,INDU-ECM-0693,A0110,Industrial,ECM,Qualification,1,0.15,40443363.0,0.01196,483702.62,2024-03-25,,False,False,B0075
OPP00694,CONS-ECM-0694,A0267,Consumer,ECM,Qualification,1,0.15,22571259.0,0.01373,309903.39,2023-03-16,,False,False,B0070
OPP00695,CONS-Restructuring-0695,A0030,Consumer,Restructuring,Qualification,1,0.15,44424515.0,0.00873,387826.02,2025-01-14,,False,False,B0069
OPP00696,HEAL-ECM-0696,A0229,Healthcare,ECM,Closed Lost,6,0.0,193050211.0,0.01349,2604247.35,2025-08-18,2026-10-04,True,False,B0070
OPP00697,TECH-M&A-0697,A0170,Technology & Services,M&A,Prospecting,0,0.05,58441612.0,0.00905,528896.59,2025-08-05,,False,False,B0070
OPP00698,CONS-DebtAdvisory-0698,A0111,Consumer,Debt Advisory,Qualification,1,0.15,13924508.0,0.01197,166676.36,2025-07-21,,False,False,B0074
OPP00699,CONS-M&A-0699,A0318,Consumer,M&A,Prospecting,0,0.05,13637849.0,0.00632,86191.21,2024-03-09,,False,False,B0073
OPP00700,INDU-M&A-0700,A0065,Industrial,M&A,Prospecting,0,0.05,22296002.0,0.00623,138904.09,2024-09-18,,False,False,B0074
OPP00701,HEAL-Restructuring-0701,A0068,Healthcare,Restructuring,Prospecting,0,0.05,22901835.0,0.0133,304594.41,2024-10-14,,False,False,B0070
OPP00702,CONS-ECM-0702,A0071,Consumer,ECM,Prospecting,0,0.05,10442048.0,0.01985,207274.65,2024-03-11,,False,False,B0072
OPP00703,TECH-Restructuring-0703,A0003,Technology & Services,Restructuring,Pitch,2,0.3,78458896.0,0.00918,720252.67,2025-09-07,,False,False,B0070
OPP00704,CONS-M&A-0704,A0146,Consumer,M&A,Prospecting,0,0.05,10476155.0,0.00689,72180.71,2025-04-27,,False,False,B0074
OPP00705,INDU-ECM-0705,A0078,Industrial,ECM,Closed Won,5,1.0,28683305.0,0.00695,199348.97,2023-12-25,2024-08-21,True,True,B0069
OPP00706,HEAL-Restructuring-0706,A0319,Healthcare,Restructuring,Qualification,1,0.15,24491422.0,0.00822,201319.49,2023-06-03,,False,False,B0070
OPP00707,CONS-Restructuring-0707,A0181,Consumer,Restructuring,Prospecting,0,0.05,80137125.0,0.00801,641898.37,2024-03-01,,False,False,B0075
OPP00708,HEAL-Restructuring-0708,A0071,Healthcare,Restructuring,Closed Won,5,1.0,22298129.0,0.00904,201575.09,2023-03-30,2024-07-28,True,True,B0072
OPP00709,TECH-DebtAdvisory-0709,A0209,Technology & Services,Debt Advisory,Closed Lost,6,0.0,53105158.0,0.01168,620268.25,2025-03-08,2025-11-15,True,False,B0074
OPP00710,TECH-ECM-0710,A0260,Technology & Services,ECM,Pitch,2,0.3,48820594.0,0.01274,621974.37,2024-05-26,,False,False,B0069
OPP00711,CONS-ECM-0711,A0271,Consumer,ECM,Pitch,2,0.3,42054264.0,0.01714,720810.08,2025-04-02,,False,False,B0076
OPP00712,HEAL-DebtAdvisory-0712,A0168,Healthcare,Debt Advisory,Prospecting,0,0.05,22878429.0,0.01169,267448.84,2025-01-24,,False,False,B0071
OPP00713,INDU-M&A-0713,A0118,Industrial,M&A,Qualification,1,0.15,7256931.0,0.01919,139260.51,2023-12-03,,False,False,B0070
OPP00714,INDU-M&A-0714,A0060,Industrial,M&A,Pitch,2,0.3,143031161.0,0.01759,2515918.12,2024-07-02,,False,False,B0071
OPP00715,HEAL-Restructuring-0715,A0257,Healthcare,Restructuring,Pitch,2,0.3,17978806.0,0.01526,274356.58,2024-03-01,,False,False,B0075
OPP00716,CONS-ECM-0716,A0236,Consumer,ECM,Prospecting,0,0.05,53621593.0,0.0085,455783.54,2024-08-10,,False,False,B0074
OPP00717,TECH-Restructuring-0717,A0126,Technology & Services,Restructuring,Qualification,1,0.15,35024073.0,0.01071,375107.82,2025-02-09,,False,False,B0076
OPP00718,CONS-M&A-0718,A0019,Consumer,M&A,Pitch,2,0.3,31903392.0,0.01318,420486.71,2023-01-31,,False,False,B0070
OPP00719,TECH-ECM-0719,A0088,Technology & Services,ECM,Pitch,2,0.3,129212007.0,0.00895,1156447.46,2023-12-02,,False,False,B0072
OPP00720,INDU-Restructuring-0720,A0215,Industrial,Restructuring,Mandate,3,0.55,23645973.0,0.00517,122249.68,2025-07-13,,False,False,B0070
OPP00721,HEAL-M&A-0721,A0065,Healthcare,M&A,Closed Won,5,1.0,14246549.0,0.00751,106991.58,2024-07-29,2025-10-28,True,True,B0071
OPP00722,CONS-DebtAdvisory-0722,A0220,Consumer,Debt Advisory,Execution,4,0.8,33371908.0,0.00872,291003.04,2023-12-02,,False,False,B0073
OPP00723,INDU-ECM-0723,A0308,Industrial,ECM,Qualification,1,0.15,60942446.0,0.00553,337011.73,2024-07-14,,False,False,B0074
OPP00724,CONS-DebtAdvisory-0724,A0286,Consumer,Debt Advisory,Closed Lost,6,0.0,171115215.0,0.01724,2950026.31,2024-05-05,2025-02-23,True,False,B0075
OPP00725,INDU-DebtAdvisory-0725,A0309,Industrial,Debt Advisory,Closed Won,5,1.0,12981816.0,0.01784,231595.6,2023-11-16,2024-04-30,True,True,B0071
OPP00726,INDU-ECM-0726,A0136,Industrial,ECM,Closed Lost,6,0.0,37805447.0,0.01016,384103.34,2024-07-03,2025-09-13,True,False,B0076
OPP00727,INDU-M&A-0727,A0154,Industrial,M&A,Mandate,3,0.55,22928324.0,0.01854,425091.13,2025-03-17,,False,False,B0074
OPP00728,INDU-Restructuring-0728,A0111,Industrial,Restructuring,Pitch,2,0.3,37641354.0,0.01215,457342.45,2024-09-19,,False,False,B0069
OPP00729,CONS-DebtAdvisory-0729,A0001,Consumer,Debt Advisory,Closed Won,5,1.0,38478042.0,0.01025,394399.93,2025-01-29,2026-02-24,True,True,B0073
OPP00730,TECH-M&A-0730,A0152,Technology & Services,M&A,Pitch,2,0.3,40253577.0,0.0045,181141.1,2024-05-27,,False,False,B0069
OPP00731,INDU-Restructuring-0731,A0230,Industrial,Restructuring,Pitch,2,0.3,95940168.0,0.01158,1110987.15,2024-03-12,,False,False,B0073
OPP00732,CONS-M&A-0732,A0213,Consumer,M&A,Closed Lost,6,0.0,24474269.0,0.00732,179151.65,2023-02-07,2023-04-14,True,False,B0073
OPP00733,INDU-ECM-0733,A0229,Industrial,ECM,Closed Won,5,1.0,40442877.0,0.00798,322734.16,2023-11-14,2024-07-03,True,True,B0069
OPP00734,TECH-ECM-0734,A0148,Technology & Services,ECM,Mandate,3,0.55,14735668.0,0.01531,225603.08,2024-10-02,,False,False,B0071
OPP00735,TECH-ECM-0735,A0178,Technology & Services,ECM,Closed Won,5,1.0,119271099.0,0.01977,2357989.63,2023-10-24,2024-01-27,True,True,B0076
OPP00736,INDU-DebtAdvisory-0736,A0041,Industrial,Debt Advisory,Closed Won,5,1.0,21074134.0,0.01175,247621.07,2025-06-18,2026-08-15,True,True,B0072
OPP00737,TECH-Restructuring-0737,A0304,Technology & Services,Restructuring,Prospecting,0,0.05,46522625.0,0.00511,237730.61,2025-03-18,,False,False,B0072
OPP00738,CONS-M&A-0738,A0318,Consumer,M&A,Closed Won,5,1.0,91875085.0,0.00848,779100.72,2025-09-22,2026-07-30,True,True,B0073
OPP00739,TECH-M&A-0739,A0023,Technology & Services,M&A,Closed Lost,6,0.0,232725706.0,0.00728,1694243.14,2024-11-04,2025-03-03,True,False,B0075
OPP00740,TECH-M&A-0740,A0239,Technology & Services,M&A,Execution,4,0.8,45210974.0,0.00704,318285.26,2023-01-30,,False,False,B0074
OPP00741,CONS-DebtAdvisory-0741,A0022,Consumer,Debt Advisory,Qualification,1,0.15,21257760.0,0.00971,206412.85,2024-03-25,,False,False,B0072
OPP00742,HEAL-M&A-0742,A0060,Healthcare,M&A,Mandate,3,0.55,24617375.0,0.00514,126533.31,2023-03-28,,False,False,B0070
OPP00743,TECH-ECM-0743,A0160,Technology & Services,ECM,Qualification,1,0.15,40652833.0,0.00935,380103.99,2024-11-16,,False,False,B0070
OPP00744,TECH-M&A-0744,A0132,Technology & Services,M&A,Closed Won,5,1.0,22078870.0,0.01291,285038.21,2024-12-15,2025-11-17,True,True,B0071
OPP00745,INDU-Restructuring-0745,A0235,Industrial,Restructuring,Prospecting,0,0.05,52772026.0,0.00507,267554.17,2024-04-15,,False,False,B0073
OPP00746,CONS-ECM-0746,A0172,Consumer,ECM,Closed Won,5,1.0,56888937.0,0.01653,940374.13,2024-01-21,2024-10-12,True,True,B0076
OPP00747,TECH-M&A-0747,A0147,Technology & Services,M&A,Mandate,3,0.55,264932503.0,0.00821,2175095.85,2024-04-22,,False,False,B0075
OPP00748,HEAL-M&A-0748,A0257,Healthcare,M&A,Qualification,1,0.15,20687278.0,0.0064,132398.58,2024-08-26,,False,False,B0070
OPP00749,CONS-ECM-0749,A0023,Consumer,ECM,Closed Won,5,1.0,66347123.0,0.01144,759011.09,2024-06-15,2025-06-24,True,True,B0073
OPP00750,TECH-Restructuring-0750,A0285,Technology & Services,Restructuring,Closed Lost,6,0.0,57871489.0,0.01707,987866.32,2023-10-08,2024-11-12,True,False,B0076
OPP00751,INDU-DebtAdvisory-0751,A0009,Industrial,Debt Advisory,Pitch,2,0.3,114417763.0,0.01669,1909632.46,2024-05-27,,False,False,B0075
OPP00752,INDU-Restructuring-0752,A0259,Industrial,Restructuring,Mandate,3,0.55,16788148.0,0.00739,124064.41,2023-05-09,,False,False,B0076
OPP00753,CONS-DebtAdvisory-0753,A0093,Consumer,Debt Advisory,Closed Won,5,1.0,130131599.0,0.00412,536142.19,2024-02-10,2025-06-11,True,True,B0076
OPP00754,HEAL-M&A-0754,A0290,Healthcare,M&A,Prospecting,0,0.05,62202177.0,0.0065,404314.15,2024-09-08,,False,False,B0076
OPP00755,TECH-M&A-0755,A0063,Technology & Services,M&A,Closed Lost,6,0.0,92225155.0,0.00504,464814.78,2025-06-22,2026-05-26,True,False,B0069
OPP00756,TECH-DebtAdvisory-0756,A0320,Technology & Services,Debt Advisory,Closed Won,5,1.0,10064743.0,0.01343,135169.5,2024-02-16,2024-10-08,True,True,B0073
OPP00757,HEAL-DebtAdvisory-0757,A0229,Healthcare,Debt Advisory,Mandate,3,0.55,296652712.0,0.0096,2847866.04,2023-09-09,,False,False,B0074
OPP00758,CONS-M&A-0758,A0005,Consumer,M&A,Mandate,3,0.55,120832424.0,0.01904,2300649.35,2023-05-07,,False,False,B0074
OPP00759,CONS-DebtAdvisory-0759,A0143,Consumer,Debt Advisory,Closed Won,5,1.0,39504426.0,0.01391,549506.57,2023-08-22,2024-01-30,True,True,B0076
OPP00760,TECH-Restructuring-0760,A0014,Technology & Services,Restructuring,Closed Won,5,1.0,189647208.0,0.01281,2429380.73,2025-01-26,2025-09-15,True,True,B0073
OPP00761,INDU-M&A-0761,A0177,Industrial,M&A,Qualification,1,0.15,62928558.0,0.01586,998046.93,2025-06-10,,False,False,B0072
OPP00762,TECH-M&A-0762,A0281,Technology & Services,M&A,Prospecting,0,0.05,82986047.0,0.00508,421569.12,2025-07-10,,False,False,B0072
OPP00763,CONS-Restructuring-0763,A0006,Consumer,Restructuring,Prospecting,0,0.05,53946167.0,0.01218,657064.31,2023-09-17,,False,False,B0073
OPP00764,TECH-Restructuring-0764,A0172,Technology & Services,Restructuring,Prospecting,0,0.05,16045503.0,0.00775,124352.65,2023-05-09,,False,False,B0074
OPP00765,HEAL-Restructuring-0765,A0179,Healthcare,Restructuring,Closed Won,5,1.0,53426071.0,0.01732,925339.55,2024-03-31,2025-07-21,True,True,B0070
OPP00766,TECH-M&A-0766,A0017,Technology & Services,M&A,Execution,4,0.8,67940822.0,0.01506,1023188.78,2024-08-10,,False,False,B0075
OPP00767,TECH-DebtAdvisory-0767,A0242,Technology & Services,Debt Advisory,Mandate,3,0.55,120338213.0,0.00788,948265.12,2023-11-11,,False,False,B0073
OPP00768,TECH-DebtAdvisory-0768,A0250,Technology & Services,Debt Advisory,Closed Lost,6,0.0,19558509.0,0.01161,227074.29,2025-09-22,2026-11-05,True,False,B0073
OPP00769,HEAL-M&A-0769,A0091,Healthcare,M&A,Pitch,2,0.3,124793652.0,0.01219,1521234.62,2023-02-07,,False,False,B0069
OPP00770,CONS-Restructuring-0770,A0233,Consumer,Restructuring,Qualification,1,0.15,231410737.0,0.00712,1647644.45,2024-08-14,,False,False,B0076
OPP00771,CONS-M&A-0771,A0103,Consumer,M&A,Mandate,3,0.55,18576108.0,0.01155,214554.05,2025-02-16,,False,False,B0069
OPP00772,TECH-DebtAdvisory-0772,A0048,Technology & Services,Debt Advisory,Qualification,1,0.15,30422510.0,0.01552,472157.36,2025-07-05,,False,False,B0073
OPP00773,INDU-M&A-0773,A0176,Industrial,M&A,Closed Won,5,1.0,29571742.0,0.00975,288324.48,2023-09-23,2024-07-13,True,True,B0072
OPP00774,INDU-M&A-0774,A0250,Industrial,M&A,Closed Won,5,1.0,34785838.0,0.01677,583358.5,2023-12-01,2024-03-20,True,True,B0074
OPP00775,INDU-M&A-0775,A0150,Industrial,M&A,Qualification,1,0.15,22974045.0,0.01871,429844.38,2025-02-13,,False,False,B0072
OPP00776,HEAL-ECM-0776,A0229,Healthcare,ECM,Qualification,1,0.15,289163312.0,0.00484,1399550.43,2025-05-26,,False,False,B0074
OPP00777,CONS-M&A-0777,A0249,Consumer,M&A,Qualification,1,0.15,61433857.0,0.00422,259250.88,2025-07-31,,False,False,B0071
OPP00778,CONS-DebtAdvisory-0778,A0077,Consumer,Debt Advisory,Qualification,1,0.15,27021064.0,0.01382,373431.1,2024-05-26,,False,False,B0070
OPP00779,HEAL-DebtAdvisory-0779,A0060,Healthcare,Debt Advisory,Pitch,2,0.3,48877199.0,0.00779,380753.38,2024-06-28,,False,False,B0071
OPP00780,CONS-Restructuring-0780,A0267,Consumer,Restructuring,Closed Lost,6,0.0,8938833.0,0.01321,118081.98,2023-11-06,2025-01-17,True,False,B0069
OPP00781,INDU-Restructuring-0781,A0147,Industrial,Restructuring,Qualification,1,0.15,74001762.0,0.00883,653435.56,2025-04-09,,False,False,B0069
OPP00782,HEAL-ECM-0782,A0220,Healthcare,ECM,Closed Won,5,1.0,7026860.0,0.01133,79614.32,2024-11-07,2026-03-17,True,True,B0072
OPP00783,HEAL-ECM-0783,A0007,Healthcare,ECM,Mandate,3,0.55,19689958.0,0.01958,385529.38,2025-01-04,,False,False,B0073
OPP00784,INDU-Restructuring-0784,A0216,Industrial,Restructuring,Mandate,3,0.55,15664184.0,0.00638,99937.49,2024-10-23,,False,False,B0073
OPP00785,HEAL-M&A-0785,A0068,Healthcare,M&A,Closed Won,5,1.0,31757839.0,0.00923,293124.85,2025-01-01,2025-09-02,True,True,B0076
OPP00786,INDU-M&A-0786,A0053,Industrial,M&A,Prospecting,0,0.05,25732504.0,0.01987,511304.85,2024-08-17,,False,False,B0076
OPP00787,CONS-M&A-0787,A0300,Consumer,M&A,Qualification,1,0.15,38899656.0,0.00465,180883.4,2025-06-25,,False,False,B0072
OPP00788,CONS-DebtAdvisory-0788,A0077,Consumer,Debt Advisory,Mandate,3,0.55,96793459.0,0.01952,1889408.32,2025-06-18,,False,False,B0072
OPP00789,HEAL-Restructuring-0789,A0078,Healthcare,Restructuring,Closed Won,5,1.0,253350893.0,0.00848,2148415.57,2024-09-28,2025-10-26,True,True,B0071
OPP00790,TECH-M&A-0790,A0278,Technology & Services,M&A,Qualification,1,0.15,31252518.0,0.0124,387531.22,2023-04-24,,False,False,B0075
OPP00791,CONS-Restructuring-0791,A0087,Consumer,Restructuring,Prospecting,0,0.05,139398847.0,0.01166,1625390.56,2023-01-08,,False,False,B0069
OPP00792,HEAL-M&A-0792,A0007,Healthcare,M&A,Closed Won,5,1.0,28977475.0,0.01389,402497.13,2025-05-07,2026-01-19,True,True,B0075
OPP00793,HEAL-M&A-0793,A0124,Healthcare,M&A,Pitch,2,0.3,23746690.0,0.007,166226.83,2023-05-12,,False,False,B0075
OPP00794,CONS-ECM-0794,A0166,Consumer,ECM,Execution,4,0.8,41869642.0,0.00595,249124.37,2025-02-18,,False,False,B0073
OPP00795,CONS-M&A-0795,A0314,Consumer,M&A,Pitch,2,0.3,22368721.0,0.01621,362596.97,2023-10-29,,False,False,B0070
OPP00796,INDU-M&A-0796,A0248,Industrial,M&A,Pitch,2,0.3,149434052.0,0.01573,2350597.64,2025-08-17,,False,False,B0069
OPP00797,INDU-M&A-0797,A0216,Industrial,M&A,Execution,4,0.8,17831920.0,0.01281,228426.9,2024-12-26,,False,False,B0075
OPP00798,INDU-ECM-0798,A0155,Industrial,ECM,Execution,4,0.8,41957139.0,0.00544,228246.84,2025-05-08,,False,False,B0069
OPP00799,INDU-ECM-0799,A0060,Industrial,ECM,Prospecting,0,0.05,245094313.0,0.00478,1171550.82,2025-05-16,,False,False,B0069
OPP00800,HEAL-Restructuring-0800,A0114,Healthcare,Restructuring,Mandate,3,0.55,59401396.0,0.01968,1169019.47,2023-05-26,,False,False,B0070
OPP00801,HEAL-M&A-0801,A0076,Healthcare,M&A,Qualification,1,0.15,16685277.0,0.01493,249111.19,2024-12-27,,False,False,B0069
OPP00802,HEAL-DebtAdvisory-0802,A0239,Healthcare,Debt Advisory,Qualification,1,0.15,35243890.0,0.01559,549452.25,2023-06-05,,False,False,B0072
OPP00803,CONS-ECM-0803,A0078,Consumer,ECM,Closed Lost,6,0.0,34586877.0,0.01702,588668.65,2024-12-05,2026-05-27,True,False,B0069
OPP00804,CONS-DebtAdvisory-0804,A0012,Consumer,Debt Advisory,Closed Won,5,1.0,25259641.0,0.01321,333679.86,2024-10-23,2025-03-10,True,True,B0073
OPP00805,HEAL-M&A-0805,A0270,Healthcare,M&A,Qualification,1,0.15,390915109.0,0.01758,6872287.62,2025-05-27,,False,False,B0070
OPP00806,HEAL-Restructuring-0806,A0157,Healthcare,Restructuring,Prospecting,0,0.05,23902297.0,0.01485,354949.11,2025-04-14,,False,False,B0074
OPP00807,TECH-Restructuring-0807,A0216,Technology & Services,Restructuring,Closed Lost,6,0.0,53443140.0,0.01209,646127.56,2025-04-30,2026-05-09,True,False,B0072
OPP00808,TECH-M&A-0808,A0076,Technology & Services,M&A,Closed Lost,6,0.0,202123533.0,0.01568,3169297.0,2024-10-06,2026-01-13,True,False,B0069
OPP00809,CONS-ECM-0809,A0140,Consumer,ECM,Closed Lost,6,0.0,22708800.0,0.0093,211191.84,2023-08-01,2024-11-16,True,False,B0069
OPP00810,HEAL-ECM-0810,A0316,Healthcare,ECM,Closed Lost,6,0.0,54645598.0,0.0152,830613.09,2024-09-16,2025-09-09,True,False,B0074
OPP00811,HEAL-Restructuring-0811,A0049,Healthcare,Restructuring,Qualification,1,0.15,90173786.0,0.01957,1764700.99,2025-05-08,,False,False,B0075
OPP00812,HEAL-ECM-0812,A0150,Healthcare,ECM,Execution,4,0.8,75903449.0,0.00859,652010.63,2024-12-23,,False,False,B0073
OPP00813,CONS-ECM-0813,A0208,Consumer,ECM,Pitch,2,0.3,47782231.0,0.00745,355977.62,2024-07-04,,False,False,B0076
OPP00814,TECH-DebtAdvisory-0814,A0058,Technology & Services,Debt Advisory,Closed Lost,6,0.0,17011149.0,0.00712,121119.38,2024-05-22,2024-08-15,True,False,B0071
OPP00815,HEAL-ECM-0815,A0105,Healthcare,ECM,Pitch,2,0.3,35585106.0,0.01438,511713.82,2024-09-16,,False,False,B0076
OPP00816,CONS-Restructuring-0816,A0176,Consumer,Restructuring,Execution,4,0.8,57146002.0,0.00753,430309.4,2023-12-08,,False,False,B0070
OPP00817,CONS-M&A-0817,A0013,Consumer,M&A,Mandate,3,0.55,57692808.0,0.01992,1149240.74,2024-03-11,,False,False,B0074
OPP00818,TECH-M&A-0818,A0177,Technology & Services,M&A,Pitch,2,0.3,8305944.0,0.01751,145437.08,2023-08-05,,False,False,B0075
OPP00819,HEAL-M&A-0819,A0134,Healthcare,M&A,Prospecting,0,0.05,134698209.0,0.01811,2439384.56,2024-10-26,,False,False,B0069
OPP00820,CONS-Restructuring-0820,A0131,Consumer,Restructuring,Prospecting,0,0.05,23685962.0,0.01866,441980.05,2024-07-29,,False,False,B0072
OPP00821,CONS-M&A-0821,A0131,Consumer,M&A,Mandate,3,0.55,89732990.0,0.00945,847976.76,2023-04-16,,False,False,B0072
OPP00822,TECH-DebtAdvisory-0822,A0275,Technology & Services,Debt Advisory,Prospecting,0,0.05,22733130.0,0.00456,103663.07,2023-10-02,,False,False,B0071
OPP00823,CONS-DebtAdvisory-0823,A0036,Consumer,Debt Advisory,Prospecting,0,0.05,51701768.0,0.00524,270917.26,2023-02-09,,False,False,B0075
OPP00824,TECH-DebtAdvisory-0824,A0248,Technology & Services,Debt Advisory,Prospecting,0,0.05,40131521.0,0.01579,633676.72,2025-08-03,,False,False,B0076
OPP00825,HEAL-ECM-0825,A0145,Healthcare,ECM,Qualification,1,0.15,112677769.0,0.01566,1764533.86,2023-10-09,,False,False,B0069
OPP00826,HEAL-DebtAdvisory-0826,A0274,Healthcare,Debt Advisory,Closed Won,5,1.0,32030954.0,0.0147,470855.02,2023-09-03,2024-11-11,True,True,B0072
OPP00827,HEAL-M&A-0827,A0314,Healthcare,M&A,Mandate,3,0.55,67043575.0,0.01964,1316735.81,2024-04-24,,False,False,B0072
OPP00828,TECH-ECM-0828,A0043,Technology & Services,ECM,Pitch,2,0.3,94457872.0,0.00538,508183.35,2023-09-17,,False,False,B0073
OPP00829,HEAL-ECM-0829,A0084,Healthcare,ECM,Pitch,2,0.3,61049930.0,0.00793,484125.94,2023-06-18,,False,False,B0073
OPP00830,HEAL-Restructuring-0830,A0063,Healthcare,Restructuring,Mandate,3,0.55,241266598.0,0.01345,3245035.74,2023-03-06,,False,False,B0069
OPP00831,INDU-ECM-0831,A0310,Industrial,ECM,Pitch,2,0.3,39661617.0,0.00828,328398.19,2023-05-30,,False,False,B0073
OPP00832,TECH-M&A-0832,A0258,Technology & Services,M&A,Pitch,2,0.3,48053904.0,0.01368,657377.41,2024-12-12,,False,False,B0075
OPP00833,HEAL-M&A-0833,A0110,Healthcare,M&A,Closed Lost,6,0.0,3502150.0,0.01855,64964.88,2023-11-14,2024-02-15,True,False,B0072
OPP00834,INDU-Restructuring-0834,A0189,Industrial,Restructuring,Prospecting,0,0.05,42383675.0,0.01421,602272.02,2024-11-13,,False,False,B0070
OPP00835,CONS-M&A-0835,A0169,Consumer,M&A,Closed Won,5,1.0,89377184.0,0.00458,409347.5,2024-01-02,2024-06-25,True,True,B0072
OPP00836,INDU-DebtAdvisory-0836,A0010,Industrial,Debt Advisory,Closed Won,5,1.0,15248462.0,0.01248,190300.81,2025-07-08,2025-10-02,True,True,B0071
OPP00837,CONS-ECM-0837,A0130,Consumer,ECM,Closed Lost,6,0.0,25523125.0,0.01983,506123.57,2023-08-02,2024-06-04,True,False,B0069
OPP00838,TECH-Restructuring-0838,A0162,Technology & Services,Restructuring,Mandate,3,0.55,20752095.0,0.01212,251515.39,2025-05-13,,False,False,B0070
OPP00839,HEAL-DebtAdvisory-0839,A0176,Healthcare,Debt Advisory,Execution,4,0.8,18808790.0,0.00743,139749.31,2023-10-01,,False,False,B0074
OPP00840,CONS-DebtAdvisory-0840,A0002,Consumer,Debt Advisory,Pitch,2,0.3,20159136.0,0.0041,82652.46,2024-10-11,,False,False,B0075
OPP00841,CONS-ECM-0841,A0177,Consumer,ECM,Prospecting,0,0.05,31872476.0,0.01449,461832.18,2024-03-07,,False,False,B0071
OPP00842,INDU-Restructuring-0842,A0053,Industrial,Restructuring,Closed Lost,6,0.0,90035871.0,0.01789,1610741.73,2023-08-09,2024-07-02,True,False,B0071
OPP00843,INDU-DebtAdvisory-0843,A0220,Industrial,Debt Advisory,Prospecting,0,0.05,72739616.0,0.00427,310598.16,2023-05-18,,False,False,B0075
OPP00844,HEAL-Restructuring-0844,A0143,Healthcare,Restructuring,Pitch,2,0.3,90333744.0,0.007,632336.21,2025-08-14,,False,False,B0072
OPP00845,INDU-Restructuring-0845,A0102,Industrial,Restructuring,Closed Won,5,1.0,25159471.0,0.00474,119255.89,2024-07-21,2025-03-30,True,True,B0072
OPP00846,HEAL-Restructuring-0846,A0130,Healthcare,Restructuring,Closed Won,5,1.0,25812430.0,0.01098,283420.48,2023-03-22,2023-11-15,True,True,B0073
OPP00847,CONS-DebtAdvisory-0847,A0163,Consumer,Debt Advisory,Execution,4,0.8,60909578.0,0.01085,660868.92,2025-05-15,,False,False,B0069
OPP00848,CONS-M&A-0848,A0115,Consumer,M&A,Mandate,3,0.55,89841935.0,0.01284,1153570.45,2023-08-26,,False,False,B0074
OPP00849,HEAL-ECM-0849,A0226,Healthcare,ECM,Execution,4,0.8,64357755.0,0.01043,671251.38,2024-01-12,,False,False,B0075
OPP00850,CONS-Restructuring-0850,A0291,Consumer,Restructuring,Closed Won,5,1.0,119458761.0,0.00879,1050042.51,2024-02-19,2025-04-23,True,True,B0069
OPP00851,INDU-DebtAdvisory-0851,A0129,Industrial,Debt Advisory,Pitch,2,0.3,31889636.0,0.00518,165188.31,2025-01-11,,False,False,B0069
OPP00852,TECH-M&A-0852,A0282,Technology & Services,M&A,Prospecting,0,0.05,31929780.0,0.0084,268210.15,2023-01-17,,False,False,B0074
OPP00853,HEAL-ECM-0853,A0138,Healthcare,ECM,Qualification,1,0.15,58959805.0,0.01449,854327.57,2024-01-31,,False,False,B0070
OPP00854,INDU-Restructuring-0854,A0235,Industrial,Restructuring,Qualification,1,0.15,31031069.0,0.00601,186496.72,2024-01-07,,False,False,B0075
OPP00855,CONS-M&A-0855,A0177,Consumer,M&A,Mandate,3,0.55,42161618.0,0.00437,184246.27,2025-08-08,,False,False,B0071
OPP00856,TECH-DebtAdvisory-0856,A0292,Technology & Services,Debt Advisory,Closed Lost,6,0.0,55240359.0,0.0146,806509.24,2023-10-13,2024-03-29,True,False,B0069
OPP00857,INDU-ECM-0857,A0142,Industrial,ECM,Qualification,1,0.15,55134762.0,0.01093,602622.95,2023-07-26,,False,False,B0073
OPP00858,CONS-DebtAdvisory-0858,A0254,Consumer,Debt Advisory,Execution,4,0.8,51206919.0,0.01287,659033.05,2024-11-27,,False,False,B0070
OPP00859,INDU-DebtAdvisory-0859,A0117,Industrial,Debt Advisory,Pitch,2,0.3,57714112.0,0.01355,782026.22,2025-06-08,,False,False,B0075
OPP00860,INDU-ECM-0860,A0271,Industrial,ECM,Closed Won,5,1.0,11429413.0,0.01512,172812.72,2023-12-08,2024-03-12,True,True,B0075
OPP00861,HEAL-DebtAdvisory-0861,A0168,Healthcare,Debt Advisory,Qualification,1,0.15,32395968.0,0.01107,358623.37,2025-09-27,,False,False,B0071
OPP00862,INDU-DebtAdvisory-0862,A0071,Industrial,Debt Advisory,Mandate,3,0.55,41272176.0,0.01822,751979.05,2023-02-28,,False,False,B0074
OPP00863,TECH-DebtAdvisory-0863,A0046,Technology & Services,Debt Advisory,Qualification,1,0.15,58342948.0,0.01805,1053090.21,2024-05-14,,False,False,B0074
OPP00864,TECH-DebtAdvisory-0864,A0256,Technology & Services,Debt Advisory,Closed Won,5,1.0,74130887.0,0.00747,553757.73,2024-05-28,2024-08-28,True,True,B0069
OPP00865,CONS-ECM-0865,A0302,Consumer,ECM,Pitch,2,0.3,19922372.0,0.01704,339477.22,2025-06-29,,False,False,B0071
OPP00866,INDU-M&A-0866,A0131,Industrial,M&A,Closed Lost,6,0.0,45025365.0,0.00841,378663.32,2024-10-30,2025-01-19,True,False,B0073
OPP00867,TECH-DebtAdvisory-0867,A0103,Technology & Services,Debt Advisory,Pitch,2,0.3,13315566.0,0.01176,156591.06,2024-04-20,,False,False,B0074
OPP00868,HEAL-ECM-0868,A0155,Healthcare,ECM,Closed Won,5,1.0,31077192.0,0.00801,248928.31,2025-05-15,2026-05-01,True,True,B0074
OPP00869,INDU-M&A-0869,A0232,Industrial,M&A,Pitch,2,0.3,38548992.0,0.00701,270228.43,2025-05-28,,False,False,B0072
OPP00870,TECH-ECM-0870,A0178,Technology & Services,ECM,Execution,4,0.8,165213872.0,0.0125,2065173.4,2023-02-24,,False,False,B0075
OPP00871,CONS-DebtAdvisory-0871,A0092,Consumer,Debt Advisory,Closed Won,5,1.0,139763269.0,0.00764,1067791.38,2025-03-12,2026-03-11,True,True,B0074
OPP00872,INDU-M&A-0872,A0167,Industrial,M&A,Closed Lost,6,0.0,10292920.0,0.01774,182596.4,2024-09-19,2025-02-12,True,False,B0070
OPP00873,CONS-ECM-0873,A0183,Consumer,ECM,Closed Won,5,1.0,52102365.0,0.01178,613765.86,2023-08-12,2023-11-30,True,True,B0070
OPP00874,CONS-M&A-0874,A0119,Consumer,M&A,Prospecting,0,0.05,99148638.0,0.0045,446168.87,2023-01-13,,False,False,B0073
OPP00875,INDU-DebtAdvisory-0875,A0294,Industrial,Debt Advisory,Prospecting,0,0.05,36723565.0,0.01796,659555.23,2024-09-19,,False,False,B0073
OPP00876,HEAL-ECM-0876,A0067,Healthcare,ECM,Mandate,3,0.55,24658379.0,0.01862,459139.02,2024-05-28,,False,False,B0069
OPP00877,TECH-Restructuring-0877,A0064,Technology & Services,Restructuring,Pitch,2,0.3,80169889.0,0.00892,715115.41,2023-08-13,,False,False,B0071
OPP00878,INDU-DebtAdvisory-0878,A0295,Industrial,Debt Advisory,Qualification,1,0.15,305701940.0,0.00411,1256434.97,2023-07-23,,False,False,B0071
OPP00879,TECH-ECM-0879,A0294,Technology & Services,ECM,Pitch,2,0.3,14960002.0,0.00758,113396.82,2024-12-05,,False,False,B0070
OPP00880,TECH-ECM-0880,A0197,Technology & Services,ECM,Pitch,2,0.3,16370114.0,0.01461,239167.37,2024-07-20,,False,False,B0071
OPP00881,TECH-DebtAdvisory-0881,A0220,Technology & Services,Debt Advisory,Prospecting,0,0.05,65477873.0,0.01638,1072527.56,2023-06-17,,False,False,B0074
OPP00882,TECH-DebtAdvisory-0882,A0076,Technology & Services,Debt Advisory,Pitch,2,0.3,72815038.0,0.00727,529365.33,2023-07-23,,False,False,B0076
OPP00883,INDU-Restructuring-0883,A0157,Industrial,Restructuring,Qualification,1,0.15,40578106.0,0.01179,478415.87,2023-07-17,,False,False,B0073
OPP00884,TECH-ECM-0884,A0104,Technology & Services,ECM,Closed Lost,6,0.0,46900112.0,0.01407,659884.58,2024-01-09,2025-04-11,True,False,B0074
OPP00885,HEAL-DebtAdvisory-0885,A0104,Healthcare,Debt Advisory,Pitch,2,0.3,18515719.0,0.00441,81654.32,2024-03-06,,False,False,B0069
OPP00886,CONS-Restructuring-0886,A0076,Consumer,Restructuring,Prospecting,0,0.05,60685659.0,0.01384,839889.52,2025-05-02,,False,False,B0070
OPP00887,HEAL-Restructuring-0887,A0284,Healthcare,Restructuring,Qualification,1,0.15,56688720.0,0.00785,445006.45,2024-07-16,,False,False,B0070
OPP00888,CONS-M&A-0888,A0192,Consumer,M&A,Pitch,2,0.3,13476404.0,0.01998,269258.55,2023-11-14,,False,False,B0070
OPP00889,TECH-Restructuring-0889,A0314,Technology & Services,Restructuring,Prospecting,0,0.05,113913377.0,0.01075,1224568.8,2024-10-02,,False,False,B0072
OPP00890,INDU-Restructuring-0890,A0088,Industrial,Restructuring,Closed Won,5,1.0,24120122.0,0.01279,308496.36,2023-05-02,2024-03-06,True,True,B0076
OPP00891,INDU-DebtAdvisory-0891,A0139,Industrial,Debt Advisory,Qualification,1,0.15,61438504.0,0.00883,542501.99,2023-02-26,,False,False,B0070
OPP00892,CONS-Restructuring-0892,A0200,Consumer,Restructuring,Mandate,3,0.55,153092621.0,0.00842,1289039.87,2025-09-09,,False,False,B0070
OPP00893,INDU-ECM-0893,A0192,Industrial,ECM,Pitch,2,0.3,20856234.0,0.01209,252151.87,2023-10-23,,False,False,B0076
OPP00894,INDU-M&A-0894,A0048,Industrial,M&A,Mandate,3,0.55,6501158.0,0.01548,100637.93,2024-04-20,,False,False,B0075
OPP00895,CONS-ECM-0895,A0026,Consumer,ECM,Pitch,2,0.3,55345102.0,0.01893,1047682.78,2024-08-05,,False,False,B0072
OPP00896,INDU-Restructuring-0896,A0300,Industrial,Restructuring,Pitch,2,0.3,32628384.0,0.0106,345860.87,2025-01-19,,False,False,B0069
OPP00897,TECH-Restructuring-0897,A0005,Technology & Services,Restructuring,Pitch,2,0.3,3741771.0,0.01289,48231.43,2023-12-11,,False,False,B0074
OPP00898,TECH-DebtAdvisory-0898,A0217,Technology & Services,Debt Advisory,Closed Won,5,1.0,23180816.0,0.00871,201904.91,2025-09-02,2026-12-15,True,True,B0069
OPP00899,TECH-DebtAdvisory-0899,A0185,Technology & Services,Debt Advisory,Closed Won,5,1.0,64202168.0,0.00861,552780.67,2023-08-08,2024-04-23,True,True,B0073
OPP00900,INDU-Restructuring-0900,A0196,Industrial,Restructuring,Qualification,1,0.15,41481334.0,0.01898,787315.72,2024-02-28,,False,False,B0069
OPP00901,CONS-M&A-0901,A0131,Consumer,M&A,Execution,4,0.8,32315896.0,0.00486,157055.25,2025-07-16,,False,False,B0073
OPP00902,INDU-DebtAdvisory-0902,A0139,Industrial,Debt Advisory,Qualification,1,0.15,23511638.0,0.01284,301889.43,2023-04-18,,False,False,B0073
OPP00903,CONS-DebtAdvisory-0903,A0058,Consumer,Debt Advisory,Qualification,1,0.15,64502595.0,0.01963,1266185.94,2024-03-16,,False,False,B0071
OPP00904,TECH-M&A-0904,A0153,Technology & Services,M&A,Qualification,1,0.15,198636785.0,0.00489,971333.88,2023-11-29,,False,False,B0070
OPP00905,CONS-Restructuring-0905,A0199,Consumer,Restructuring,Closed Won,5,1.0,97471536.0,0.0091,886990.98,2023-08-17,2024-09-13,True,True,B0074
OPP00906,TECH-ECM-0906,A0287,Technology & Services,ECM,Closed Won,5,1.0,4148469.0,0.01831,75958.47,2023-11-29,2024-02-06,True,True,B0075
OPP00907,HEAL-M&A-0907,A0033,Healthcare,M&A,Prospecting,0,0.05,125232144.0,0.00748,936736.44,2024-10-21,,False,False,B0069
OPP00908,HEAL-M&A-0908,A0189,Healthcare,M&A,Pitch,2,0.3,83615779.0,0.00883,738327.33,2024-06-11,,False,False,B0076
OPP00909,TECH-ECM-0909,A0099,Technology & Services,ECM,Prospecting,0,0.05,20960090.0,0.01438,301406.09,2025-07-29,,False,False,B0074
OPP00910,INDU-ECM-0910,A0269,Industrial,ECM,Closed Won,5,1.0,17744888.0,0.01546,274335.97,2023-09-08,2023-12-10,True,True,B0074
OPP00911,INDU-Restructuring-0911,A0056,Industrial,Restructuring,Prospecting,0,0.05,117934350.0,0.00707,833795.85,2025-01-14,,False,False,B0073
OPP00912,CONS-M&A-0912,A0189,Consumer,M&A,Mandate,3,0.55,30989997.0,0.01016,314858.37,2024-05-20,,False,False,B0069
OPP00913,CONS-DebtAdvisory-0913,A0278,Consumer,Debt Advisory,Prospecting,0,0.05,36164549.0,0.01249,451695.22,2023-05-06,,False,False,B0072
OPP00914,TECH-ECM-0914,A0053,Technology & Services,ECM,Execution,4,0.8,23931561.0,0.00596,142632.1,2024-07-27,,False,False,B0074
OPP00915,CONS-Restructuring-0915,A0067,Consumer,Restructuring,Closed Lost,6,0.0,134216523.0,0.01605,2154175.19,2024-11-03,2025-07-16,True,False,B0073
OPP00916,TECH-ECM-0916,A0055,Technology & Services,ECM,Qualification,1,0.15,18153180.0,0.00672,121989.37,2025-04-15,,False,False,B0074
OPP00917,CONS-Restructuring-0917,A0024,Consumer,Restructuring,Closed Lost,6,0.0,18287814.0,0.01122,205189.27,2023-02-23,2023-06-12,True,False,B0075
OPP00918,CONS-M&A-0918,A0130,Consumer,M&A,Closed Lost,6,0.0,13174747.0,0.01,131747.47,2025-08-21,2026-03-02,True,False,B0073
OPP00919,CONS-ECM-0919,A0280,Consumer,ECM,Prospecting,0,0.05,352530610.0,0.01297,4572322.01,2023-10-21,,False,False,B0069
OPP00920,HEAL-M&A-0920,A0142,Healthcare,M&A,Mandate,3,0.55,38959179.0,0.00407,158563.86,2025-03-11,,False,False,B0071
OPP00921,CONS-M&A-0921,A0293,Consumer,M&A,Closed Won,5,1.0,76126790.0,0.01048,797808.76,2023-08-25,2023-10-03,True,True,B0075
OPP00922,INDU-DebtAdvisory-0922,A0204,Industrial,Debt Advisory,Qualification,1,0.15,193704385.0,0.011,2130748.23,2024-09-19,,False,False,B0073
OPP00923,HEAL-M&A-0923,A0098,Healthcare,M&A,Qualification,1,0.15,51346983.0,0.01137,583815.2,2023-04-21,,False,False,B0075
OPP00924,INDU-M&A-0924,A0030,Industrial,M&A,Qualification,1,0.15,167009630.0,0.01715,2864215.15,2024-05-25,,False,False,B0072
OPP00925,INDU-M&A-0925,A0258,Industrial,M&A,Qualification,1,0.15,44488291.0,0.01801,801234.12,2023-02-10,,False,False,B0076
OPP00926,INDU-ECM-0926,A0106,Industrial,ECM,Pitch,2,0.3,63855392.0,0.01441,920156.2,2024-02-28,,False,False,B0073
OPP00927,HEAL-M&A-0927,A0286,Healthcare,M&A,Closed Lost,6,0.0,28453114.0,0.00925,263191.3,2025-04-15,2025-11-18,True,False,B0075
OPP00928,CONS-Restructuring-0928,A0307,Consumer,Restructuring,Mandate,3,0.55,44098405.0,0.0172,758492.57,2024-04-19,,False,False,B0075
OPP00929,TECH-ECM-0929,A0185,Technology & Services,ECM,Closed Won,5,1.0,79823664.0,0.00684,545993.86,2024-01-18,2025-05-29,True,True,B0073
OPP00930,INDU-Restructuring-0930,A0304,Industrial,Restructuring,Qualification,1,0.15,6546761.0,0.01005,65794.95,2025-08-16,,False,False,B0070
OPP00931,TECH-M&A-0931,A0237,Technology & Services,M&A,Closed Won,5,1.0,23469936.0,0.01374,322476.92,2024-08-31,2025-07-09,True,True,B0071
OPP00932,INDU-ECM-0932,A0091,Industrial,ECM,Closed Won,5,1.0,40514144.0,0.01334,540458.68,2024-01-30,2025-02-03,True,True,B0076
OPP00933,INDU-M&A-0933,A0030,Industrial,M&A,Qualification,1,0.15,154262701.0,0.01381,2130367.9,2025-04-14,,False,False,B0075
OPP00934,INDU-DebtAdvisory-0934,A0188,Industrial,Debt Advisory,Prospecting,0,0.05,41687721.0,0.01998,832920.67,2023-12-03,,False,False,B0071
OPP00935,TECH-M&A-0935,A0137,Technology & Services,M&A,Qualification,1,0.15,43950968.0,0.01421,624543.26,2024-01-16,,False,False,B0074
OPP00936,HEAL-M&A-0936,A0245,Healthcare,M&A,Prospecting,0,0.05,59105854.0,0.01051,621202.53,2024-02-02,,False,False,B0071
OPP00937,HEAL-M&A-0937,A0277,Healthcare,M&A,Execution,4,0.8,25648490.0,0.00632,162098.46,2025-05-02,,False,False,B0073
OPP00938,CONS-Restructuring-0938,A0141,Consumer,Restructuring,Closed Lost,6,0.0,9958530.0,0.01625,161826.11,2024-08-26,2025-10-22,True,False,B0071
OPP00939,INDU-ECM-0939,A0107,Industrial,ECM,Qualification,1,0.15,13225726.0,0.01641,217034.16,2023-09-05,,False,False,B0074
OPP00940,INDU-DebtAdvisory-0940,A0197,Industrial,Debt Advisory,Closed Won,5,1.0,23147664.0,0.00468,108331.07,2023-08-26,2024-02-13,True,True,B0075
OPP00941,INDU-DebtAdvisory-0941,A0023,Industrial,Debt Advisory,Qualification,1,0.15,7425638.0,0.01598,118661.7,2024-01-13,,False,False,B0070
OPP00942,INDU-Restructuring-0942,A0242,Industrial,Restructuring,Closed Lost,6,0.0,34353749.0,0.01442,495381.06,2023-07-24,2024-03-21,True,False,B0075
OPP00943,TECH-ECM-0943,A0092,Technology & Services,ECM,Execution,4,0.8,27033347.0,0.00982,265467.47,2025-07-18,,False,False,B0075
OPP00944,HEAL-DebtAdvisory-0944,A0046,Healthcare,Debt Advisory,Prospecting,0,0.05,22688338.0,0.01815,411793.33,2025-04-29,,False,False,B0072
OPP00945,TECH-M&A-0945,A0266,Technology & Services,M&A,Closed Won,5,1.0,113743957.0,0.00633,719999.25,2024-03-04,2024-04-25,True,True,B0072
OPP00946,TECH-Restructuring-0946,A0096,Technology & Services,Restructuring,Execution,4,0.8,58961183.0,0.01491,879111.24,2023-02-01,,False,False,B0071
OPP00947,INDU-DebtAdvisory-0947,A0266,Industrial,Debt Advisory,Qualification,1,0.15,89225111.0,0.01515,1351760.43,2024-08-10,,False,False,B0076
OPP00948,TECH-Restructuring-0948,A0064,Technology & Services,Restructuring,Qualification,1,0.15,54583534.0,0.00538,293659.41,2023-07-09,,False,False,B0070
OPP00949,HEAL-ECM-0949,A0002,Healthcare,ECM,Closed Lost,6,0.0,40045264.0,0.01965,786889.44,2023-08-02,2024-06-13,True,False,B0072
OPP00950,CONS-ECM-0950,A0100,Consumer,ECM,Pitch,2,0.3,119343067.0,0.01501,1791339.44,2023-11-07,,False,False,B0069
OPP00951,CONS-DebtAdvisory-0951,A0039,Consumer,Debt Advisory,Qualification,1,0.15,49179059.0,0.00634,311795.23,2024-11-13,,False,False,B0073
OPP00952,HEAL-DebtAdvisory-0952,A0053,Healthcare,Debt Advisory,Pitch,2,0.3,17978254.0,0.01709,307248.36,2023-06-10,,False,False,B0076
OPP00953,HEAL-M&A-0953,A0096,Healthcare,M&A,Pitch,2,0.3,22097408.0,0.01564,345603.46,2025-02-14,,False,False,B0072
OPP00954,HEAL-M&A-0954,A0320,Healthcare,M&A,Closed Lost,6,0.0,391198178.0,0.01016,3974573.49,2024-04-02,2024-07-16,True,False,B0072
OPP00955,TECH-Restructuring-0955,A0299,Technology & Services,Restructuring,Prospecting,0,0.05,62933897.0,0.01921,1208960.16,2025-07-12,,False,False,B0071
OPP00956,TECH-DebtAdvisory-0956,A0260,Technology & Services,Debt Advisory,Execution,4,0.8,171643327.0,0.01109,1903524.5,2025-07-17,,False,False,B0074
OPP00957,HEAL-ECM-0957,A0015,Healthcare,ECM,Closed Won,5,1.0,18179230.0,0.00727,132163.0,2023-09-25,2023-12-10,True,True,B0076
OPP00958,TECH-M&A-0958,A0260,Technology & Services,M&A,Prospecting,0,0.05,87149312.0,0.01582,1378702.12,2024-01-13,,False,False,B0071
OPP00959,TECH-ECM-0959,A0113,Technology & Services,ECM,Closed Won,5,1.0,24412209.0,0.01113,271707.89,2023-09-29,2024-05-21,True,True,B0069
OPP00960,CONS-M&A-0960,A0056,Consumer,M&A,Closed Won,5,1.0,70696140.0,0.01249,882994.79,2024-07-29,2025-11-27,True,True,B0070
OPP00961,CONS-M&A-0961,A0203,Consumer,M&A,Qualification,1,0.15,200999526.0,0.01497,3008962.9,2024-10-08,,False,False,B0069
OPP00962,CONS-M&A-0962,A0149,Consumer,M&A,Closed Won,5,1.0,121847636.0,0.01674,2039729.43,2023-10-23,2023-12-20,True,True,B0070
OPP00963,TECH-DebtAdvisory-0963,A0203,Technology & Services,Debt Advisory,Prospecting,0,0.05,24120544.0,0.01911,460943.6,2024-01-08,,False,False,B0075
OPP00964,CONS-Restructuring-0964,A0169,Consumer,Restructuring,Prospecting,0,0.05,26474088.0,0.01122,297039.27,2024-11-14,,False,False,B0073
OPP00965,INDU-Restructuring-0965,A0001,Industrial,Restructuring,Prospecting,0,0.05,96134600.0,0.00986,947887.16,2023-03-31,,False,False,B0069
OPP00966,TECH-ECM-0966,A0046,Technology & Services,ECM,Closed Lost,6,0.0,49816766.0,0.01593,793581.08,2025-07-02,2026-09-23,True,False,B0073
OPP00967,HEAL-Restructuring-0967,A0114,Healthcare,Restructuring,Qualification,1,0.15,26828786.0,0.01777,476747.53,2024-10-26,,False,False,B0071
OPP00968,TECH-Restructuring-0968,A0008,Technology & Services,Restructuring,Qualification,1,0.15,41488730.0,0.00674,279634.04,2023-08-17,,False,False,B0074
OPP00969,INDU-DebtAdvisory-0969,A0279,Industrial,Debt Advisory,Execution,4,0.8,33099856.0,0.0104,344238.5,2023-04-24,,False,False,B0075
OPP00970,CONS-DebtAdvisory-0970,A0172,Consumer,Debt Advisory,Prospecting,0,0.05,61924288.0,0.00923,571561.18,2024-10-28,,False,False,B0071
OPP00971,CONS-M&A-0971,A0199,Consumer,M&A,Qualification,1,0.15,19047698.0,0.00633,120571.93,2025-09-09,,False,False,B0073
OPP00972,INDU-ECM-0972,A0138,Industrial,ECM,Qualification,1,0.15,20879978.0,0.00851,177688.61,2023-08-05,,False,False,B0075
OPP00973,TECH-Restructuring-0973,A0234,Technology & Services,Restructuring,Qualification,1,0.15,74508681.0,0.01697,1264412.32,2023-11-04,,False,False,B0071
OPP00974,HEAL-Restructuring-0974,A0111,Healthcare,Restructuring,Mandate,3,0.55,13375258.0,0.01603,214405.39,2025-04-18,,False,False,B0072
OPP00975,HEAL-M&A-0975,A0213,Healthcare,M&A,Pitch,2,0.3,45248374.0,0.01939,877365.97,2024-08-30,,False,False,B0073
OPP00976,CONS-DebtAdvisory-0976,A0177,Consumer,Debt Advisory,Execution,4,0.8,101391907.0,0.01955,1982211.78,2023-02-12,,False,False,B0074
OPP00977,INDU-Restructuring-0977,A0106,Industrial,Restructuring,Mandate,3,0.55,34870308.0,0.00503,175397.65,2024-11-02,,False,False,B0071
OPP00978,INDU-M&A-0978,A0282,Industrial,M&A,Execution,4,0.8,83803409.0,0.00933,781885.81,2023-10-13,,False,False,B0071
OPP00979,INDU-ECM-0979,A0117,Industrial,ECM,Closed Lost,6,0.0,11333425.0,0.00679,76953.96,2023-05-31,2023-11-09,True,False,B0076
OPP00980,TECH-Restructuring-0980,A0182,Technology & Services,Restructuring,Execution,4,0.8,23982060.0,0.00711,170512.45,2023-09-06,,False,False,B0076
OPP00981,CONS-M&A-0981,A0161,Consumer,M&A,Prospecting,0,0.05,13297653.0,0.00922,122604.36,2024-11-17,,False,False,B0069
OPP00982,CONS-M&A-0982,A0150,Consumer,M&A,Execution,4,0.8,10406620.0,0.01603,166818.12,2025-09-10,,False,False,B0074
OPP00983,INDU-ECM-0983,A0230,Industrial,ECM,Pitch,2,0.3,214107722.0,0.01921,4113009.34,2025-08-11,,False,False,B0070
OPP00984,INDU-M&A-0984,A0196,Industrial,M&A,Mandate,3,0.55,138604013.0,0.01083,1501081.46,2023-10-23,,False,False,B0075
OPP00985,HEAL-DebtAdvisory-0985,A0183,Healthcare,Debt Advisory,Prospecting,0,0.05,38800050.0,0.01864,723232.93,2025-07-02,,False,False,B0069
OPP00986,HEAL-M&A-0986,A0093,Healthcare,M&A,Mandate,3,0.55,61502653.0,0.00508,312433.48,2024-07-29,,False,False,B0076
OPP00987,HEAL-Restructuring-0987,A0179,Healthcare,Restructuring,Mandate,3,0.55,56078733.0,0.01357,760988.41,2024-03-06,,False,False,B0073
OPP00988,HEAL-ECM-0988,A0296,Healthcare,ECM,Prospecting,0,0.05,18126934.0,0.00859,155710.36,2024-12-11,,False,False,B0074
OPP00989,HEAL-DebtAdvisory-0989,A0141,Healthcare,Debt Advisory,Qualification,1,0.15,90086852.0,0.01369,1233289.0,2023-06-01,,False,False,B0076
OPP00990,CONS-DebtAdvisory-0990,A0297,Consumer,Debt Advisory,Pitch,2,0.3,35003165.0,0.01383,484093.77,2024-03-19,,False,False,B0069
OPP00991,TECH-DebtAdvisory-0991,A0077,Technology & Services,Debt Advisory,Closed Won,5,1.0,25632536.0,0.00886,227104.27,2024-09-10,2025-11-06,True,True,B0072
OPP00992,INDU-M&A-0992,A0023,Industrial,M&A,Pitch,2,0.3,16492331.0,0.0147,242437.27,2023-06-01,,False,False,B0073
OPP00993,HEAL-M&A-0993,A0040,Healthcare,M&A,Prospecting,0,0.05,14609790.0,0.01026,149896.45,2024-12-13,,False,False,B0075
OPP00994,INDU-Restructuring-0994,A0200,Industrial,Restructuring,Pitch,2,0.3,142373520.0,0.01329,1892144.08,2023-09-26,,False,False,B0075
OPP00995,CONS-Restructuring-0995,A0235,Consumer,Restructuring,Qualification,1,0.15,47085850.0,0.01112,523594.65,2024-03-11,,False,False,B0073
OPP00996,CONS-ECM-0996,A0065,Consumer,ECM,Qualification,1,0.15,21306852.0,0.01679,357742.05,2025-08-19,,False,False,B0070
OPP00997,CONS-Restructuring-0997,A0041,Consumer,Restructuring,Pitch,2,0.3,53503929.0,0.01245,666123.92,2025-01-17,,False,False,B0070
OPP00998,CONS-M&A-0998,A0083,Consumer,M&A,Execution,4,0.8,51126012.0,0.01451,741838.43,2025-08-07,,False,False,B0074
OPP00999,TECH-Restructuring-0999,A0116,Technology & Services,Restructuring,Closed Won,5,1.0,14783333.0,0.01225,181095.83,2024-09-08,2025-09-22,True,True,B0073
OPP01000,TECH-DebtAdvisory-1000,A0269,Technology & Services,Debt Advisory,Mandate,3,0.55,41506249.0,0.00992,411741.99,2023-06-15,,False,False,B0075
OPP01001,INDU-ECM-1001,A0187,Industrial,ECM,Qualification,1,0.15,84036305.0,0.00424,356313.93,2025-01-18,,False,False,B0075
OPP01002,CONS-DebtAdvisory-1002,A0286,Consumer,Debt Advisory,Closed Won,5,1.0,54934399.0,0.00569,312576.73,2023-07-16,2023-10-07,True,True,B0070
OPP01003,INDU-DebtAdvisory-1003,A0094,Industrial,Debt Advisory,Closed Won,5,1.0,413566446.0,0.01841,7613758.27,2025-05-06,2025-06-07,True,True,B0074
OPP01004,TECH-DebtAdvisory-1004,A0032,Technology & Services,Debt Advisory,Closed Won,5,1.0,14774281.0,0.01614,238456.9,2023-02-24,2023-04-17,True,True,B0074
OPP01005,INDU-M&A-1005,A0269,Industrial,M&A,Closed Lost,6,0.0,76981663.0,0.01386,1066965.85,2024-02-20,2024-11-03,True,False,B0073
OPP01006,TECH-Restructuring-1006,A0220,Technology & Services,Restructuring,Closed Lost,6,0.0,110860489.0,0.00717,794869.71,2024-07-05,2025-12-08,True,False,B0073
OPP01007,TECH-M&A-1007,A0106,Technology & Services,M&A,Prospecting,0,0.05,26780280.0,0.01621,434108.34,2025-09-24,,False,False,B0069
OPP01008,HEAL-M&A-1008,A0319,Healthcare,M&A,Closed Lost,6,0.0,46697188.0,0.01441,672906.48,2025-09-25,2026-12-07,True,False,B0071
OPP01009,HEAL-Restructuring-1009,A0089,Healthcare,Restructuring,Qualification,1,0.15,37154659.0,0.01489,553232.87,2023-06-03,,False,False,B0075
OPP01010,TECH-Restructuring-1010,A0197,Technology & Services,Restructuring,Closed Lost,6,0.0,77792472.0,0.01862,1448495.83,2023-06-06,2024-10-11,True,False,B0070
OPP01011,HEAL-M&A-1011,A0116,Healthcare,M&A,Execution,4,0.8,48218823.0,0.01835,884815.4,2024-12-21,,False,False,B0074
OPP01012,INDU-M&A-1012,A0306,Industrial,M&A,Qualification,1,0.15,162432163.0,0.01948,3164178.54,2025-07-24,,False,False,B0070
OPP01013,CONS-Restructuring-1013,A0241,Consumer,Restructuring,Closed Won,5,1.0,67350089.0,0.01375,926063.72,2024-01-19,2024-08-05,True,True,B0070
OPP01014,CONS-DebtAdvisory-1014,A0080,Consumer,Debt Advisory,Qualification,1,0.15,28448045.0,0.00528,150205.68,2024-05-09,,False,False,B0076
OPP01015,HEAL-DebtAdvisory-1015,A0268,Healthcare,Debt Advisory,Closed Lost,6,0.0,80730006.0,0.00973,785502.96,2025-04-02,2025-12-27,True,False,B0073
OPP01016,INDU-ECM-1016,A0315,Industrial,ECM,Closed Won,5,1.0,43671935.0,0.00788,344134.85,2025-03-27,2026-06-08,True,True,B0073
OPP01017,HEAL-M&A-1017,A0227,Healthcare,M&A,Prospecting,0,0.05,30385969.0,0.01558,473413.4,2024-11-22,,False,False,B0075
OPP01018,CONS-ECM-1018,A0149,Consumer,ECM,Closed Lost,6,0.0,11258062.0,0.0079,88938.69,2025-09-23,2026-01-24,True,False,B0069
OPP01019,INDU-Restructuring-1019,A0260,Industrial,Restructuring,Closed Won,5,1.0,88579908.0,0.01712,1516488.02,2025-05-30,2026-08-04,True,True,B0069
OPP01020,INDU-ECM-1020,A0212,Industrial,ECM,Prospecting,0,0.05,32637225.0,0.01401,457247.52,2023-05-14,,False,False,B0073
OPP01021,INDU-Restructuring-1021,A0127,Industrial,Restructuring,Execution,4,0.8,56943804.0,0.01368,778991.24,2024-07-26,,False,False,B0074
OPP01022,TECH-DebtAdvisory-1022,A0248,Technology & Services,Debt Advisory,Mandate,3,0.55,24591637.0,0.01528,375760.21,2024-07-19,,False,False,B0075
OPP01023,HEAL-M&A-1023,A0163,Healthcare,M&A,Closed Won,5,1.0,32758448.0,0.01486,486790.54,2025-03-27,2026-01-13,True,True,B0074
OPP01024,HEAL-DebtAdvisory-1024,A0101,Healthcare,Debt Advisory,Closed Won,5,1.0,27280666.0,0.00961,262167.2,2023-09-07,2024-03-08,True,True,B0072
OPP01025,INDU-DebtAdvisory-1025,A0159,Industrial,Debt Advisory,Closed Won,5,1.0,174837076.0,0.00986,1723893.57,2024-04-25,2025-05-27,True,True,B0070
OPP01026,HEAL-DebtAdvisory-1026,A0169,Healthcare,Debt Advisory,Qualification,1,0.15,34548571.0,0.01474,509245.94,2023-12-12,,False,False,B0076
OPP01027,HEAL-Restructuring-1027,A0291,Healthcare,Restructuring,Execution,4,0.8,30789131.0,0.00554,170571.79,2023-11-30,,False,False,B0075
OPP01028,TECH-DebtAdvisory-1028,A0064,Technology & Services,Debt Advisory,Mandate,3,0.55,44825028.0,0.00933,418217.51,2023-03-18,,False,False,B0073
OPP01029,HEAL-DebtAdvisory-1029,A0281,Healthcare,Debt Advisory,Mandate,3,0.55,51139188.0,0.01906,974712.92,2024-07-22,,False,False,B0070
OPP01030,INDU-M&A-1030,A0308,Industrial,M&A,Closed Won,5,1.0,11324329.0,0.00438,49600.56,2024-11-12,2026-05-03,True,True,B0071
OPP01031,HEAL-M&A-1031,A0300,Healthcare,M&A,Closed Won,5,1.0,50479120.0,0.01287,649666.27,2025-04-22,2026-03-14,True,True,B0071
OPP01032,HEAL-DebtAdvisory-1032,A0207,Healthcare,Debt Advisory,Prospecting,0,0.05,9441059.0,0.01477,139444.44,2023-10-16,,False,False,B0073
OPP01033,HEAL-ECM-1033,A0042,Healthcare,ECM,Closed Won,5,1.0,151132887.0,0.01419,2144575.67,2025-04-07,2025-07-09,True,True,B0073
OPP01034,HEAL-DebtAdvisory-1034,A0175,Healthcare,Debt Advisory,Prospecting,0,0.05,79809061.0,0.01164,928977.47,2023-05-01,,False,False,B0073
OPP01035,HEAL-M&A-1035,A0159,Healthcare,M&A,Closed Won,5,1.0,79265572.0,0.00758,600833.04,2025-09-10,2026-03-02,True,True,B0075
OPP01036,INDU-Restructuring-1036,A0014,Industrial,Restructuring,Mandate,3,0.55,39159823.0,0.00653,255713.64,2024-01-17,,False,False,B0074
OPP01037,TECH-Restructuring-1037,A0189,Technology & Services,Restructuring,Closed Lost,6,0.0,54554922.0,0.01756,957984.43,2023-03-27,2024-07-01,True,False,B0073
OPP01038,CONS-DebtAdvisory-1038,A0308,Consumer,Debt Advisory,Prospecting,0,0.05,385526170.0,0.01247,4807511.34,2025-02-17,,False,False,B0069
OPP01039,CONS-Restructuring-1039,A0045,Consumer,Restructuring,Prospecting,0,0.05,28391370.0,0.01144,324797.27,2024-12-04,,False,False,B0071
OPP01040,TECH-DebtAdvisory-1040,A0231,Technology & Services,Debt Advisory,Execution,4,0.8,74523533.0,0.00614,457574.49,2024-09-28,,False,False,B0076
OPP01041,INDU-M&A-1041,A0088,Industrial,M&A,Mandate,3,0.55,51318629.0,0.01351,693314.68,2024-07-07,,False,False,B0074
OPP01042,TECH-Restructuring-1042,A0094,Technology & Services,Restructuring,Closed Won,5,1.0,27618047.0,0.00415,114614.9,2025-02-17,2025-07-20,True,True,B0070
OPP01043,INDU-Restructuring-1043,A0234,Industrial,Restructuring,Mandate,3,0.55,22858133.0,0.01711,391102.66,2023-10-31,,False,False,B0075
OPP01044,INDU-Restructuring-1044,A0318,Industrial,Restructuring,Prospecting,0,0.05,18002219.0,0.00895,161119.86,2023-04-26,,False,False,B0073
OPP01045,CONS-M&A-1045,A0204,Consumer,M&A,Mandate,3,0.55,21898999.0,0.0103,225559.69,2023-09-26,,False,False,B0074
OPP01046,TECH-Restructuring-1046,A0191,Technology & Services,Restructuring,Execution,4,0.8,33270577.0,0.01706,567596.04,2024-09-20,,False,False,B0076
OPP01047,CONS-ECM-1047,A0247,Consumer,ECM,Prospecting,0,0.05,17717627.0,0.00989,175227.33,2023-09-23,,False,False,B0074
OPP01048,TECH-ECM-1048,A0147,Technology & Services,ECM,Mandate,3,0.55,30346782.0,0.01088,330172.99,2024-05-22,,False,False,B0070
OPP01049,INDU-Restructuring-1049,A0276,Industrial,Restructuring,Prospecting,0,0.05,31189928.0,0.00894,278837.96,2024-07-01,,False,False,B0069
OPP01050,CONS-M&A-1050,A0100,Consumer,M&A,Mandate,3,0.55,104930407.0,0.00785,823703.69,2023-06-09,,False,False,B0069
OPP01051,TECH-M&A-1051,A0125,Technology & Services,M&A,Execution,4,0.8,53104791.0,0.01017,540075.72,2023-10-15,,False,False,B0069
OPP01052,INDU-DebtAdvisory-1052,A0116,Industrial,Debt Advisory,Closed Lost,6,0.0,21996385.0,0.01609,353921.83,2023-06-29,2024-12-04,True,False,B0071
OPP01053,TECH-M&A-1053,A0161,Technology & Services,M&A,Execution,4,0.8,67778749.0,0.01724,1168505.63,2025-06-26,,False,False,B0073
OPP01054,HEAL-DebtAdvisory-1054,A0172,Healthcare,Debt Advisory,Pitch,2,0.3,73495673.0,0.01005,738631.51,2024-10-30,,False,False,B0076
OPP01055,TECH-ECM-1055,A0221,Technology & Services,ECM,Prospecting,0,0.05,20638852.0,0.01853,382437.93,2024-04-28,,False,False,B0076
OPP01056,INDU-M&A-1056,A0115,Industrial,M&A,Execution,4,0.8,143768218.0,0.01778,2556198.92,2024-01-13,,False,False,B0075
OPP01057,INDU-ECM-1057,A0183,Industrial,ECM,Prospecting,0,0.05,67956065.0,0.00498,338421.2,2024-08-19,,False,False,B0070
OPP01058,HEAL-DebtAdvisory-1058,A0251,Healthcare,Debt Advisory,Closed Won,5,1.0,270566491.0,0.01616,4372354.49,2024-10-18,2025-05-29,True,True,B0076
OPP01059,INDU-Restructuring-1059,A0318,Industrial,Restructuring,Execution,4,0.8,13915988.0,0.00494,68744.98,2023-01-12,,False,False,B0070
OPP01060,HEAL-Restructuring-1060,A0235,Healthcare,Restructuring,Closed Won,5,1.0,121916413.0,0.01829,2229851.19,2024-12-05,2026-05-02,True,True,B0070
OPP01061,INDU-Restructuring-1061,A0182,Industrial,Restructuring,Closed Won,5,1.0,61302544.0,0.00587,359845.93,2023-04-17,2024-08-03,True,True,B0076
OPP01062,CONS-M&A-1062,A0146,Consumer,M&A,Pitch,2,0.3,265854596.0,0.01991,5293165.01,2023-02-19,,False,False,B0071
OPP01063,TECH-ECM-1063,A0130,Technology & Services,ECM,Qualification,1,0.15,198555069.0,0.01081,2146380.3,2025-07-02,,False,False,B0072
OPP01064,TECH-M&A-1064,A0265,Technology & Services,M&A,Closed Won,5,1.0,26747342.0,0.01021,273090.36,2025-04-02,2026-09-22,True,True,B0072
OPP01065,INDU-M&A-1065,A0161,Industrial,M&A,Qualification,1,0.15,20199332.0,0.01272,256935.5,2024-03-12,,False,False,B0069
OPP01066,TECH-Restructuring-1066,A0211,Technology & Services,Restructuring,Prospecting,0,0.05,73803658.0,0.00615,453892.5,2023-08-15,,False,False,B0073
OPP01067,CONS-Restructuring-1067,A0296,Consumer,Restructuring,Closed Lost,6,0.0,66103355.0,0.00647,427688.71,2025-01-11,2025-12-30,True,False,B0072
OPP01068,TECH-ECM-1068,A0189,Technology & Services,ECM,Closed Won,5,1.0,14167709.0,0.00862,122125.65,2023-11-06,2024-08-10,True,True,B0070
OPP01069,HEAL-Restructuring-1069,A0005,Healthcare,Restructuring,Prospecting,0,0.05,70847624.0,0.01697,1202284.18,2024-02-29,,False,False,B0069
OPP01070,INDU-DebtAdvisory-1070,A0022,Industrial,Debt Advisory,Pitch,2,0.3,15476307.0,0.0177,273930.63,2024-09-18,,False,False,B0070
OPP01071,CONS-M&A-1071,A0027,Consumer,M&A,Mandate,3,0.55,11579999.0,0.01681,194659.78,2024-10-24,,False,False,B0073
OPP01072,HEAL-M&A-1072,A0017,Healthcare,M&A,Pitch,2,0.3,94019278.0,0.00506,475737.55,2023-08-31,,False,False,B0069
OPP01073,CONS-DebtAdvisory-1073,A0312,Consumer,Debt Advisory,Execution,4,0.8,8646400.0,0.0126,108944.64,2023-06-27,,False,False,B0069
OPP01074,INDU-ECM-1074,A0087,Industrial,ECM,Mandate,3,0.55,88852389.0,0.01752,1556693.86,2023-05-21,,False,False,B0075
OPP01075,INDU-ECM-1075,A0300,Industrial,ECM,Closed Lost,6,0.0,41424855.0,0.00988,409277.57,2023-08-26,2025-02-05,True,False,B0073
OPP01076,INDU-M&A-1076,A0084,Industrial,M&A,Pitch,2,0.3,173844691.0,0.01059,1841015.28,2024-04-25,,False,False,B0069
OPP01077,TECH-ECM-1077,A0074,Technology & Services,ECM,Prospecting,0,0.05,142397482.0,0.00401,571013.9,2024-01-23,,False,False,B0069
OPP01078,INDU-ECM-1078,A0110,Industrial,ECM,Execution,4,0.8,22402032.0,0.00909,203634.47,2023-06-27,,False,False,B0073
OPP01079,CONS-Restructuring-1079,A0107,Consumer,Restructuring,Mandate,3,0.55,4728503.0,0.0086,40665.13,2023-01-07,,False,False,B0074
OPP01080,HEAL-DebtAdvisory-1080,A0106,Healthcare,Debt Advisory,Qualification,1,0.15,6507804.0,0.01931,125665.7,2023-10-04,,False,False,B0074
OPP01081,CONS-Restructuring-1081,A0251,Consumer,Restructuring,Pitch,2,0.3,11723761.0,0.00651,76321.68,2023-07-04,,False,False,B0069
OPP01082,HEAL-DebtAdvisory-1082,A0209,Healthcare,Debt Advisory,Execution,4,0.8,41950098.0,0.00922,386779.9,2024-11-20,,False,False,B0074
OPP01083,TECH-Restructuring-1083,A0231,Technology & Services,Restructuring,Closed Won,5,1.0,12242746.0,0.00853,104430.62,2025-01-04,2025-06-30,True,True,B0075
OPP01084,HEAL-M&A-1084,A0097,Healthcare,M&A,Mandate,3,0.55,87487367.0,0.00406,355198.71,2023-04-09,,False,False,B0076
OPP01085,CONS-DebtAdvisory-1085,A0110,Consumer,Debt Advisory,Mandate,3,0.55,114722120.0,0.01827,2095973.13,2025-07-10,,False,False,B0075
OPP01086,INDU-DebtAdvisory-1086,A0212,Industrial,Debt Advisory,Mandate,3,0.55,13617205.0,0.01518,206709.17,2024-08-26,,False,False,B0076
OPP01087,HEAL-ECM-1087,A0137,Healthcare,ECM,Pitch,2,0.3,94982743.0,0.01985,1885407.45,2025-02-24,,False,False,B0073
OPP01088,INDU-DebtAdvisory-1088,A0312,Industrial,Debt Advisory,Pitch,2,0.3,62509309.0,0.00459,286917.73,2023-12-27,,False,False,B0073
OPP01089,HEAL-Restructuring-1089,A0064,Healthcare,Restructuring,Execution,4,0.8,87022863.0,0.01551,1349724.61,2024-11-17,,False,False,B0070
OPP01090,HEAL-DebtAdvisory-1090,A0282,Healthcare,Debt Advisory,Execution,4,0.8,88535043.0,0.00618,547146.57,2024-09-15,,False,False,B0070
OPP01091,INDU-ECM-1091,A0133,Industrial,ECM,Prospecting,0,0.05,22765262.0,0.00638,145242.37,2023-04-18,,False,False,B0076
OPP01092,HEAL-Restructuring-1092,A0270,Healthcare,Restructuring,Mandate,3,0.55,78614182.0,0.00635,499200.06,2025-09-17,,False,False,B0074
OPP01093,HEAL-ECM-1093,A0011,Healthcare,ECM,Qualification,1,0.15,20105847.0,0.00452,90878.43,2025-07-14,,False,False,B0072
OPP01094,INDU-ECM-1094,A0213,Industrial,ECM,Execution,4,0.8,193069995.0,0.00649,1253024.27,2024-01-18,,False,False,B0073
OPP01095,HEAL-DebtAdvisory-1095,A0140,Healthcare,Debt Advisory,Qualification,1,0.15,16593031.0,0.00746,123784.01,2024-06-24,,False,False,B0071
OPP01096,INDU-M&A-1096,A0050,Industrial,M&A,Mandate,3,0.55,4267570.0,0.01177,50229.3,2023-05-27,,False,False,B0071
OPP01097,CONS-ECM-1097,A0291,Consumer,ECM,Pitch,2,0.3,6061304.0,0.0171,103648.3,2024-04-07,,False,False,B0075
OPP01098,CONS-ECM-1098,A0028,Consumer,ECM,Prospecting,0,0.05,88597975.0,0.0147,1302390.23,2023-12-20,,False,False,B0075
OPP01099,HEAL-DebtAdvisory-1099,A0057,Healthcare,Debt Advisory,Execution,4,0.8,32555760.0,0.01667,542704.52,2023-01-24,,False,False,B0070
OPP01100,CONS-DebtAdvisory-1100,A0309,Consumer,Debt Advisory,Closed Lost,6,0.0,108105819.0,0.01006,1087544.54,2023-04-03,2024-03-20,True,False,B0070
OPP01101,TECH-M&A-1101,A0186,Technology & Services,M&A,Pitch,2,0.3,211150659.0,0.0186,3927402.26,2023-07-25,,False,False,B0076
OPP01102,TECH-DebtAdvisory-1102,A0155,Technology & Services,Debt Advisory,Prospecting,0,0.05,23000904.0,0.01816,417696.42,2025-08-08,,False,False,B0072
OPP01103,CONS-DebtAdvisory-1103,A0146,Consumer,Debt Advisory,Closed Won,5,1.0,162612287.0,0.00519,843957.77,2023-02-25,2024-03-28,True,True,B0070
OPP01104,TECH-ECM-1104,A0198,Technology & Services,ECM,Prospecting,0,0.05,265896924.0,0.00754,2004862.81,2023-02-08,,False,False,B0073
OPP01105,TECH-M&A-1105,A0233,Technology & Services,M&A,Prospecting,0,0.05,88948331.0,0.0145,1289750.8,2024-01-31,,False,False,B0070
OPP01106,INDU-ECM-1106,A0086,Industrial,ECM,Closed Won,5,1.0,51291776.0,0.00539,276462.67,2023-03-02,2024-03-21,True,True,B0076
OPP01107,TECH-M&A-1107,A0119,Technology & Services,M&A,Mandate,3,0.55,16974563.0,0.00935,158712.16,2024-07-15,,False,False,B0076
OPP01108,INDU-DebtAdvisory-1108,A0037,Industrial,Debt Advisory,Closed Lost,6,0.0,257313334.0,0.00611,1572184.47,2025-05-07,2026-09-11,True,False,B0075
OPP01109,HEAL-Restructuring-1109,A0090,Healthcare,Restructuring,Execution,4,0.8,6889602.0,0.00727,50087.41,2025-02-04,,False,False,B0076
OPP01110,HEAL-Restructuring-1110,A0025,Healthcare,Restructuring,Qualification,1,0.15,21395798.0,0.00542,115965.23,2024-06-06,,False,False,B0074
OPP01111,HEAL-Restructuring-1111,A0228,Healthcare,Restructuring,Pitch,2,0.3,31992012.0,0.01754,561139.89,2023-02-06,,False,False,B0069
OPP01112,TECH-Restructuring-1112,A0113,Technology & Services,Restructuring,Execution,4,0.8,46983911.0,0.0125,587298.89,2023-06-03,,False,False,B0074
OPP01113,TECH-ECM-1113,A0074,Technology & Services,ECM,Execution,4,0.8,41445513.0,0.01784,739387.95,2025-09-12,,False,False,B0071
OPP01114,CONS-DebtAdvisory-1114,A0084,Consumer,Debt Advisory,Qualification,1,0.15,14926258.0,0.01326,197922.18,2024-08-21,,False,False,B0072
OPP01115,CONS-M&A-1115,A0307,Consumer,M&A,Pitch,2,0.3,45387266.0,0.01151,522407.43,2023-03-23,,False,False,B0075
OPP01116,INDU-Restructuring-1116,A0187,Industrial,Restructuring,Pitch,2,0.3,7669924.0,0.00641,49164.21,2024-01-16,,False,False,B0074
OPP01117,INDU-Restructuring-1117,A0281,Industrial,Restructuring,Closed Lost,6,0.0,205908466.0,0.00855,1760517.38,2023-04-04,2024-07-26,True,False,B0074
OPP01118,TECH-Restructuring-1118,A0200,Technology & Services,Restructuring,Closed Won,5,1.0,71064988.0,0.01636,1162623.2,2024-05-18,2025-02-24,True,True,B0076
OPP01119,CONS-Restructuring-1119,A0088,Consumer,Restructuring,Pitch,2,0.3,22436192.0,0.01213,272151.01,2025-02-21,,False,False,B0075
OPP01120,HEAL-DebtAdvisory-1120,A0303,Healthcare,Debt Advisory,Execution,4,0.8,36989897.0,0.00606,224158.78,2023-12-16,,False,False,B0075
OPP01121,TECH-ECM-1121,A0066,Technology & Services,ECM,Pitch,2,0.3,25159876.0,0.01523,383184.91,2023-08-24,,False,False,B0072
OPP01122,TECH-ECM-1122,A0226,Technology & Services,ECM,Closed Lost,6,0.0,53105938.0,0.00727,386080.17,2023-02-22,2023-09-04,True,False,B0071
OPP01123,HEAL-DebtAdvisory-1123,A0045,Healthcare,Debt Advisory,Qualification,1,0.15,99300231.0,0.01529,1518300.53,2025-05-26,,False,False,B0075
OPP01124,HEAL-DebtAdvisory-1124,A0046,Healthcare,Debt Advisory,Closed Won,5,1.0,44968733.0,0.00841,378187.04,2024-09-04,2024-12-31,True,True,B0070
OPP01125,TECH-Restructuring-1125,A0044,Technology & Services,Restructuring,Qualification,1,0.15,44422562.0,0.0091,404245.31,2024-02-24,,False,False,B0070
OPP01126,CONS-ECM-1126,A0254,Consumer,ECM,Closed Won,5,1.0,37733962.0,0.01291,487145.45,2024-08-25,2025-05-16,True,True,B0073
OPP01127,TECH-Restructuring-1127,A0049,Technology & Services,Restructuring,Qualification,1,0.15,42720376.0,0.01239,529305.46,2023-06-12,,False,False,B0070
OPP01128,CONS-DebtAdvisory-1128,A0135,Consumer,Debt Advisory,Closed Lost,6,0.0,28184317.0,0.00739,208282.1,2023-04-23,2023-09-06,True,False,B0069
OPP01129,HEAL-Restructuring-1129,A0303,Healthcare,Restructuring,Pitch,2,0.3,26316203.0,0.00652,171581.64,2024-05-03,,False,False,B0069
OPP01130,HEAL-ECM-1130,A0222,Healthcare,ECM,Closed Won,5,1.0,18160829.0,0.01245,226102.32,2023-07-23,2024-06-30,True,True,B0074
OPP01131,INDU-ECM-1131,A0075,Industrial,ECM,Prospecting,0,0.05,46103485.0,0.00583,268783.32,2025-02-22,,False,False,B0072
OPP01132,CONS-ECM-1132,A0132,Consumer,ECM,Prospecting,0,0.05,61595312.0,0.00575,354173.04,2025-07-16,,False,False,B0073
OPP01133,TECH-DebtAdvisory-1133,A0279,Technology & Services,Debt Advisory,Pitch,2,0.3,39538580.0,0.00903,357033.38,2024-08-23,,False,False,B0075
OPP01134,CONS-DebtAdvisory-1134,A0292,Consumer,Debt Advisory,Mandate,3,0.55,445513065.0,0.017,7573722.11,2024-12-01,,False,False,B0075
OPP01135,CONS-M&A-1135,A0117,Consumer,M&A,Execution,4,0.8,133488157.0,0.01494,1994313.07,2023-06-04,,False,False,B0075
OPP01136,CONS-ECM-1136,A0158,Consumer,ECM,Qualification,1,0.15,48308179.0,0.01468,709164.07,2025-07-13,,False,False,B0076
OPP01137,INDU-DebtAdvisory-1137,A0164,Industrial,Debt Advisory,Closed Won,5,1.0,106346203.0,0.0076,808231.14,2024-04-18,2025-07-04,True,True,B0070
OPP01138,INDU-ECM-1138,A0115,Industrial,ECM,Qualification,1,0.15,16657664.0,0.01768,294507.5,2024-12-17,,False,False,B0070
OPP01139,TECH-DebtAdvisory-1139,A0245,Technology & Services,Debt Advisory,Closed Lost,6,0.0,32231479.0,0.01372,442215.89,2025-02-22,2026-06-08,True,False,B0076
OPP01140,INDU-DebtAdvisory-1140,A0015,Industrial,Debt Advisory,Prospecting,0,0.05,57467119.0,0.01078,619495.54,2023-01-09,,False,False,B0072
OPP01141,CONS-ECM-1141,A0149,Consumer,ECM,Closed Won,5,1.0,19230688.0,0.01576,303075.64,2023-12-15,2024-03-04,True,True,B0069
OPP01142,TECH-DebtAdvisory-1142,A0087,Technology & Services,Debt Advisory,Qualification,1,0.15,27988317.0,0.00433,121189.41,2025-06-08,,False,False,B0076
OPP01143,HEAL-ECM-1143,A0272,Healthcare,ECM,Execution,4,0.8,54604414.0,0.01757,959399.55,2023-11-30,,False,False,B0069
OPP01144,CONS-DebtAdvisory-1144,A0216,Consumer,Debt Advisory,Mandate,3,0.55,10244369.0,0.01338,137069.66,2024-03-18,,False,False,B0076
OPP01145,CONS-ECM-1145,A0281,Consumer,ECM,Mandate,3,0.55,35329603.0,0.00465,164282.65,2024-06-18,,False,False,B0076
OPP01146,TECH-ECM-1146,A0004,Technology & Services,ECM,Execution,4,0.8,128252935.0,0.01658,2126433.66,2023-02-17,,False,False,B0070
OPP01147,TECH-M&A-1147,A0290,Technology & Services,M&A,Closed Won,5,1.0,21101124.0,0.01571,331498.66,2023-07-25,2023-11-08,True,True,B0074
OPP01148,TECH-M&A-1148,A0311,Technology & Services,M&A,Qualification,1,0.15,85224640.0,0.00471,401408.05,2023-03-08,,False,False,B0076
OPP01149,CONS-M&A-1149,A0097,Consumer,M&A,Closed Lost,6,0.0,34871356.0,0.01221,425779.26,2023-12-10,2024-04-14,True,False,B0070
OPP01150,CONS-ECM-1150,A0226,Consumer,ECM,Closed Lost,6,0.0,18851312.0,0.01118,210757.67,2023-10-03,2024-04-06,True,False,B0073
OPP01151,CONS-ECM-1151,A0088,Consumer,ECM,Execution,4,0.8,49310768.0,0.01589,783548.1,2023-05-04,,False,False,B0076
OPP01152,CONS-M&A-1152,A0309,Consumer,M&A,Closed Lost,6,0.0,41791386.0,0.01753,732603.0,2024-12-18,2025-10-08,True,False,B0069
OPP01153,CONS-DebtAdvisory-1153,A0027,Consumer,Debt Advisory,Closed Won,5,1.0,284716998.0,0.00784,2232181.26,2025-08-04,2026-01-23,True,True,B0075
OPP01154,TECH-M&A-1154,A0122,Technology & Services,M&A,Prospecting,0,0.05,12491199.0,0.00631,78819.47,2023-05-20,,False,False,B0073
OPP01155,TECH-DebtAdvisory-1155,A0170,Technology & Services,Debt Advisory,Mandate,3,0.55,125925755.0,0.00589,741702.7,2023-08-19,,False,False,B0076
OPP01156,INDU-ECM-1156,A0185,Industrial,ECM,Execution,4,0.8,44977354.0,0.01387,623835.9,2024-12-19,,False,False,B0075
OPP01157,TECH-ECM-1157,A0115,Technology & Services,ECM,Mandate,3,0.55,35175795.0,0.0137,481908.39,2024-12-01,,False,False,B0072
OPP01158,CONS-DebtAdvisory-1158,A0243,Consumer,Debt Advisory,Pitch,2,0.3,17857301.0,0.01936,345717.35,2025-07-29,,False,False,B0071
OPP01159,TECH-Restructuring-1159,A0057,Technology & Services,Restructuring,Closed Won,5,1.0,241325489.0,0.00812,1959562.97,2024-08-25,2025-01-24,True,True,B0073
OPP01160,CONS-M&A-1160,A0165,Consumer,M&A,Closed Won,5,1.0,42114900.0,0.01509,635513.84,2025-08-25,2026-03-10,True,True,B0072
OPP01161,HEAL-ECM-1161,A0112,Healthcare,ECM,Closed Lost,6,0.0,134614374.0,0.00828,1114607.02,2025-03-15,2026-05-12,True,False,B0072
OPP01162,CONS-M&A-1162,A0122,Consumer,M&A,Prospecting,0,0.05,175758031.0,0.00835,1467579.56,2024-01-31,,False,False,B0070
OPP01163,TECH-DebtAdvisory-1163,A0278,Technology & Services,Debt Advisory,Prospecting,0,0.05,157907050.0,0.00574,906386.47,2024-09-02,,False,False,B0071
OPP01164,CONS-ECM-1164,A0059,Consumer,ECM,Qualification,1,0.15,45350051.0,0.00579,262576.8,2024-12-17,,False,False,B0076
OPP01165,INDU-M&A-1165,A0273,Industrial,M&A,Pitch,2,0.3,90456219.0,0.00827,748072.93,2023-07-02,,False,False,B0073
OPP01166,TECH-ECM-1166,A0065,Technology & Services,ECM,Prospecting,0,0.05,24205626.0,0.0042,101663.63,2023-10-02,,False,False,B0076
OPP01167,TECH-DebtAdvisory-1167,A0065,Technology & Services,Debt Advisory,Execution,4,0.8,105361508.0,0.01484,1563564.78,2024-01-07,,False,False,B0073
OPP01168,CONS-DebtAdvisory-1168,A0157,Consumer,Debt Advisory,Mandate,3,0.55,80636055.0,0.00821,662022.01,2025-05-31,,False,False,B0069
OPP01169,TECH-DebtAdvisory-1169,A0191,Technology & Services,Debt Advisory,Closed Won,5,1.0,51000706.0,0.01709,871602.07,2023-02-25,2023-10-09,True,True,B0070
OPP01170,INDU-ECM-1170,A0032,Industrial,ECM,Execution,4,0.8,26966621.0,0.00441,118922.8,2023-04-05,,False,False,B0076
OPP01171,TECH-M&A-1171,A0161,Technology & Services,M&A,Execution,4,0.8,207679056.0,0.01471,3054958.91,2023-11-09,,False,False,B0073
OPP01172,HEAL-DebtAdvisory-1172,A0192,Healthcare,Debt Advisory,Pitch,2,0.3,22027072.0,0.01661,365869.67,2023-05-15,,False,False,B0071
OPP01173,HEAL-ECM-1173,A0044,Healthcare,ECM,Closed Lost,6,0.0,7456273.0,0.00808,60246.69,2023-11-30,2024-06-13,True,False,B0074
OPP01174,INDU-Restructuring-1174,A0004,Industrial,Restructuring,Mandate,3,0.55,135705619.0,0.01752,2377562.44,2025-03-18,,False,False,B0071
OPP01175,CONS-ECM-1175,A0140,Consumer,ECM,Mandate,3,0.55,26607062.0,0.0062,164963.78,2024-04-26,,False,False,B0071
OPP01176,HEAL-Restructuring-1176,A0046,Healthcare,Restructuring,Prospecting,0,0.05,23718463.0,0.01457,345578.01,2025-06-11,,False,False,B0076
OPP01177,HEAL-DebtAdvisory-1177,A0257,Healthcare,Debt Advisory,Closed Won,5,1.0,19881999.0,0.01907,379149.72,2024-06-28,2024-11-18,True,True,B0076
OPP01178,HEAL-DebtAdvisory-1178,A0145,Healthcare,Debt Advisory,Mandate,3,0.55,76099829.0,0.01828,1391104.87,2024-08-12,,False,False,B0076
OPP01179,TECH-ECM-1179,A0159,Technology & Services,ECM,Qualification,1,0.15,138165760.0,0.00597,824849.59,2024-04-02,,False,False,B0074
OPP01180,INDU-DebtAdvisory-1180,A0200,Industrial,Debt Advisory,Qualification,1,0.15,11933243.0,0.00596,71122.13,2023-10-28,,False,False,B0071
OPP01181,HEAL-Restructuring-1181,A0138,Healthcare,Restructuring,Qualification,1,0.15,33052712.0,0.0137,452822.15,2024-05-10,,False,False,B0070
OPP01182,CONS-M&A-1182,A0123,Consumer,M&A,Closed Won,5,1.0,42472848.0,0.01403,595894.06,2025-06-03,2025-12-08,True,True,B0075
OPP01183,INDU-DebtAdvisory-1183,A0007,Industrial,Debt Advisory,Closed Won,5,1.0,16568051.0,0.0103,170650.93,2024-06-10,2025-05-24,True,True,B0072
OPP01184,HEAL-ECM-1184,A0136,Healthcare,ECM,Prospecting,0,0.05,35582347.0,0.00455,161899.68,2023-11-22,,False,False,B0071
OPP01185,HEAL-M&A-1185,A0244,Healthcare,M&A,Mandate,3,0.55,66678860.0,0.01268,845487.94,2025-01-22,,False,False,B0075
OPP01186,CONS-Restructuring-1186,A0313,Consumer,Restructuring,Prospecting,0,0.05,31507999.0,0.01355,426933.39,2024-09-05,,False,False,B0070
OPP01187,TECH-ECM-1187,A0245,Technology & Services,ECM,Execution,4,0.8,15660936.0,0.00497,77834.85,2023-11-29,,False,False,B0069
OPP01188,TECH-M&A-1188,A0196,Technology & Services,M&A,Prospecting,0,0.05,68384964.0,0.01129,772066.24,2024-01-03,,False,False,B0069
OPP01189,INDU-M&A-1189,A0154,Industrial,M&A,Qualification,1,0.15,38742731.0,0.01856,719065.09,2023-01-18,,False,False,B0072
OPP01190,TECH-M&A-1190,A0310,Technology & Services,M&A,Closed Won,5,1.0,62136996.0,0.00789,490260.9,2023-10-21,2025-02-13,True,True,B0069
OPP01191,HEAL-DebtAdvisory-1191,A0008,Healthcare,Debt Advisory,Closed Lost,6,0.0,35610746.0,0.01429,508877.56,2025-08-18,2026-08-28,True,False,B0075
OPP01192,HEAL-ECM-1192,A0286,Healthcare,ECM,Closed Won,5,1.0,78416081.0,0.01333,1045286.36,2023-09-26,2024-05-12,True,True,B0072
OPP01193,TECH-Restructuring-1193,A0124,Technology & Services,Restructuring,Mandate,3,0.55,77151215.0,0.01277,985221.02,2024-06-13,,False,False,B0070
OPP01194,HEAL-DebtAdvisory-1194,A0094,Healthcare,Debt Advisory,Pitch,2,0.3,46617931.0,0.01387,646590.7,2024-12-24,,False,False,B0069
OPP01195,INDU-DebtAdvisory-1195,A0145,Industrial,Debt Advisory,Mandate,3,0.55,25877918.0,0.01613,417410.82,2023-04-07,,False,False,B0070
OPP01196,TECH-ECM-1196,A0046,Technology & Services,ECM,Pitch,2,0.3,62660952.0,0.01331,834017.27,2024-01-11,,False,False,B0074
OPP01197,CONS-DebtAdvisory-1197,A0156,Consumer,Debt Advisory,Closed Won,5,1.0,24425878.0,0.00653,159500.98,2025-09-04,2026-01-08,True,True,B0072
OPP01198,HEAL-DebtAdvisory-1198,A0122,Healthcare,Debt Advisory,Mandate,3,0.55,37389441.0,0.01637,612065.15,2025-04-26,,False,False,B0075
OPP01199,INDU-M&A-1199,A0203,Industrial,M&A,Pitch,2,0.3,72381091.0,0.00669,484229.5,2025-08-09,,False,False,B0071
OPP01200,CONS-ECM-1200,A0161,Consumer,ECM,Prospecting,0,0.05,21689579.0,0.01415,306907.54,2024-12-29,,False,False,B0073
OPP01201,CONS-M&A-1201,A0211,Consumer,M&A,Closed Lost,6,0.0,20721238.0,0.01184,245339.46,2023-05-05,2023-12-08,True,False,B0072
OPP01202,CONS-Restructuring-1202,A0233,Consumer,Restructuring,Mandate,3,0.55,36251560.0,0.01778,644552.74,2024-07-29,,False,False,B0073
OPP01203,CONS-DebtAdvisory-1203,A0198,Consumer,Debt Advisory,Mandate,3,0.55,40315521.0,0.01958,789377.9,2024-08-06,,False,False,B0071
OPP01204,HEAL-Restructuring-1204,A0286,Healthcare,Restructuring,Prospecting,0,0.05,39772532.0,0.01973,784712.06,2023-06-13,,False,False,B0076
OPP01205,INDU-DebtAdvisory-1205,A0252,Industrial,Debt Advisory,Closed Lost,6,0.0,264530872.0,0.01362,3602910.48,2023-04-07,2024-05-09,True,False,B0069
OPP01206,INDU-M&A-1206,A0065,Industrial,M&A,Pitch,2,0.3,217022356.0,0.01993,4325255.56,2024-08-05,,False,False,B0075
OPP01207,HEAL-DebtAdvisory-1207,A0255,Healthcare,Debt Advisory,Pitch,2,0.3,34573226.0,0.00939,324642.59,2024-12-11,,False,False,B0070
OPP01208,CONS-ECM-1208,A0036,Consumer,ECM,Qualification,1,0.15,35200534.0,0.01849,650857.87,2023-08-10,,False,False,B0071
OPP01209,CONS-M&A-1209,A0224,Consumer,M&A,Mandate,3,0.55,16543242.0,0.01228,203151.01,2023-11-22,,False,False,B0069
OPP01210,HEAL-DebtAdvisory-1210,A0218,Healthcare,Debt Advisory,Mandate,3,0.55,209769675.0,0.01101,2309564.12,2024-06-10,,False,False,B0069
OPP01211,HEAL-M&A-1211,A0232,Healthcare,M&A,Mandate,3,0.55,28312770.0,0.00925,261893.12,2023-08-16,,False,False,B0074
OPP01212,TECH-M&A-1212,A0209,Technology & Services,M&A,Prospecting,0,0.05,51951944.0,0.01683,874351.22,2025-05-28,,False,False,B0074
OPP01213,TECH-DebtAdvisory-1213,A0141,Technology & Services,Debt Advisory,Pitch,2,0.3,55099162.0,0.01374,757062.49,2025-08-16,,False,False,B0074
OPP01214,HEAL-DebtAdvisory-1214,A0021,Healthcare,Debt Advisory,Pitch,2,0.3,12519705.0,0.00647,81002.49,2025-09-03,,False,False,B0069
OPP01215,CONS-Restructuring-1215,A0132,Consumer,Restructuring,Prospecting,0,0.05,228756869.0,0.01916,4382981.61,2025-07-16,,False,False,B0071
OPP01216,TECH-DebtAdvisory-1216,A0102,Technology & Services,Debt Advisory,Execution,4,0.8,75238462.0,0.01707,1284320.55,2025-04-20,,False,False,B0071
OPP01217,INDU-Restructuring-1217,A0119,Industrial,Restructuring,Closed Lost,6,0.0,12843620.0,0.01364,175186.98,2025-03-20,2026-03-22,True,False,B0073
OPP01218,INDU-ECM-1218,A0284,Industrial,ECM,Closed Won,5,1.0,70601704.0,0.01446,1020900.64,2025-01-10,2026-03-30,True,True,B0069
OPP01219,HEAL-DebtAdvisory-1219,A0254,Healthcare,Debt Advisory,Closed Won,5,1.0,82343025.0,0.01214,999644.32,2024-08-18,2024-12-10,True,True,B0073
OPP01220,HEAL-M&A-1220,A0016,Healthcare,M&A,Qualification,1,0.15,68340902.0,0.00894,610967.66,2023-06-20,,False,False,B0076
OPP01221,INDU-M&A-1221,A0015,Industrial,M&A,Closed Won,5,1.0,31045685.0,0.0143,443953.3,2025-08-16,2026-07-04,True,True,B0074
OPP01222,CONS-Restructuring-1222,A0022,Consumer,Restructuring,Mandate,3,0.55,42164538.0,0.01533,646382.37,2024-10-09,,False,False,B0076
OPP01223,HEAL-DebtAdvisory-1223,A0273,Healthcare,Debt Advisory,Execution,4,0.8,45207595.0,0.01638,740500.41,2024-07-03,,False,False,B0074
OPP01224,TECH-DebtAdvisory-1224,A0122,Technology & Services,Debt Advisory,Closed Won,5,1.0,14489690.0,0.01947,282114.26,2025-04-17,2026-08-14,True,True,B0069
OPP01225,TECH-DebtAdvisory-1225,A0045,Technology & Services,Debt Advisory,Closed Won,5,1.0,31663066.0,0.0128,405287.24,2023-02-03,2023-11-03,True,True,B0071
OPP01226,CONS-Restructuring-1226,A0057,Consumer,Restructuring,Pitch,2,0.3,86009461.0,0.01034,889337.83,2023-12-02,,False,False,B0074
OPP01227,CONS-Restructuring-1227,A0260,Consumer,Restructuring,Mandate,3,0.55,28028971.0,0.01356,380072.85,2024-07-19,,False,False,B0073
OPP01228,INDU-Restructuring-1228,A0080,Industrial,Restructuring,Pitch,2,0.3,28645704.0,0.01298,371821.24,2024-12-05,,False,False,B0075
OPP01229,CONS-DebtAdvisory-1229,A0201,Consumer,Debt Advisory,Qualification,1,0.15,29291376.0,0.01528,447572.23,2025-04-01,,False,False,B0076
OPP01230,CONS-Restructuring-1230,A0246,Consumer,Restructuring,Qualification,1,0.15,29040626.0,0.01407,408601.61,2024-01-24,,False,False,B0070
OPP01231,INDU-Restructuring-1231,A0023,Industrial,Restructuring,Prospecting,0,0.05,27067974.0,0.00605,163761.24,2023-02-25,,False,False,B0071
OPP01232,TECH-Restructuring-1232,A0256,Technology & Services,Restructuring,Mandate,3,0.55,363452705.0,0.01576,5728014.63,2025-02-13,,False,False,B0073
OPP01233,HEAL-Restructuring-1233,A0238,Healthcare,Restructuring,Closed Won,5,1.0,30726562.0,0.01358,417266.71,2025-05-14,2026-01-02,True,True,B0070
OPP01234,INDU-M&A-1234,A0082,Industrial,M&A,Mandate,3,0.55,15800662.0,0.00486,76791.22,2025-06-10,,False,False,B0069
OPP01235,INDU-DebtAdvisory-1235,A0313,Industrial,Debt Advisory,Prospecting,0,0.05,40098209.0,0.01549,621121.26,2025-07-08,,False,False,B0074
OPP01236,CONS-Restructuring-1236,A0012,Consumer,Restructuring,Pitch,2,0.3,32770256.0,0.00443,145172.23,2025-08-26,,False,False,B0073
OPP01237,INDU-Restructuring-1237,A0069,Industrial,Restructuring,Closed Lost,6,0.0,133182725.0,0.00561,747155.09,2025-03-19,2025-10-07,True,False,B0073
OPP01238,HEAL-DebtAdvisory-1238,A0196,Healthcare,Debt Advisory,Qualification,1,0.15,30170481.0,0.00402,121285.33,2024-10-28,,False,False,B0073
OPP01239,CONS-ECM-1239,A0058,Consumer,ECM,Prospecting,0,0.05,67690245.0,0.01401,948340.33,2023-07-30,,False,False,B0069
OPP01240,TECH-DebtAdvisory-1240,A0130,Technology & Services,Debt Advisory,Closed Lost,6,0.0,67866743.0,0.00716,485925.88,2023-08-11,2024-12-25,True,False,B0069
OPP01241,HEAL-M&A-1241,A0134,Healthcare,M&A,Closed Lost,6,0.0,40065656.0,0.00921,369004.69,2025-09-09,2027-02-11,True,False,B0073
OPP01242,HEAL-ECM-1242,A0013,Healthcare,ECM,Closed Lost,6,0.0,20010027.0,0.01087,217508.99,2023-11-29,2024-04-19,True,False,B0070
OPP01243,CONS-ECM-1243,A0142,Consumer,ECM,Closed Won,5,1.0,90034834.0,0.01051,946266.11,2025-06-10,2025-09-19,True,True,B0070
OPP01244,TECH-M&A-1244,A0020,Technology & Services,M&A,Qualification,1,0.15,42596749.0,0.01696,722440.86,2023-05-25,,False,False,B0076
OPP01245,INDU-DebtAdvisory-1245,A0251,Industrial,Debt Advisory,Pitch,2,0.3,102691895.0,0.01465,1504436.26,2025-08-06,,False,False,B0070
OPP01246,INDU-ECM-1246,A0255,Industrial,ECM,Mandate,3,0.55,17363034.0,0.00764,132653.58,2023-09-08,,False,False,B0072
OPP01247,TECH-ECM-1247,A0259,Technology & Services,ECM,Closed Lost,6,0.0,20734898.0,0.01672,346687.49,2023-04-27,2024-06-17,True,False,B0076
OPP01248,CONS-Restructuring-1248,A0239,Consumer,Restructuring,Closed Won,5,1.0,77623654.0,0.0069,535603.21,2024-09-25,2025-01-18,True,True,B0076
OPP01249,HEAL-ECM-1249,A0292,Healthcare,ECM,Mandate,3,0.55,20619879.0,0.0163,336104.03,2024-04-25,,False,False,B0074
OPP01250,CONS-ECM-1250,A0108,Consumer,ECM,Mandate,3,0.55,12233055.0,0.00416,50889.51,2023-10-13,,False,False,B0075
OPP01251,HEAL-Restructuring-1251,A0115,Healthcare,Restructuring,Mandate,3,0.55,13074730.0,0.00833,108912.5,2023-09-15,,False,False,B0069
OPP01252,TECH-DebtAdvisory-1252,A0108,Technology & Services,Debt Advisory,Mandate,3,0.55,48836794.0,0.01933,944015.23,2023-06-09,,False,False,B0073
OPP01253,INDU-DebtAdvisory-1253,A0188,Industrial,Debt Advisory,Mandate,3,0.55,26883217.0,0.01834,493038.2,2024-11-11,,False,False,B0072
OPP01254,HEAL-DebtAdvisory-1254,A0209,Healthcare,Debt Advisory,Qualification,1,0.15,60845176.0,0.00411,250073.67,2023-10-22,,False,False,B0071
OPP01255,TECH-DebtAdvisory-1255,A0257,Technology & Services,Debt Advisory,Qualification,1,0.15,152743191.0,0.00907,1385380.74,2025-05-19,,False,False,B0072
OPP01256,TECH-Restructuring-1256,A0145,Technology & Services,Restructuring,Qualification,1,0.15,36590202.0,0.00609,222834.33,2025-09-02,,False,False,B0076
OPP01257,HEAL-M&A-1257,A0087,Healthcare,M&A,Execution,4,0.8,37058356.0,0.00772,286090.51,2023-11-07,,False,False,B0074
OPP01258,TECH-M&A-1258,A0229,Technology & Services,M&A,Pitch,2,0.3,57670947.0,0.00552,318343.63,2023-12-04,,False,False,B0075
OPP01259,TECH-DebtAdvisory-1259,A0099,Technology & Services,Debt Advisory,Pitch,2,0.3,53131591.0,0.01565,831509.4,2024-12-25,,False,False,B0073
OPP01260,CONS-DebtAdvisory-1260,A0046,Consumer,Debt Advisory,Closed Won,5,1.0,72886354.0,0.01694,1234694.84,2023-01-31,2024-07-23,True,True,B0074
OPP01261,HEAL-Restructuring-1261,A0113,Healthcare,Restructuring,Closed Lost,6,0.0,29434897.0,0.01338,393838.92,2024-03-27,2024-08-02,True,False,B0072
OPP01262,CONS-DebtAdvisory-1262,A0211,Consumer,Debt Advisory,Closed Won,5,1.0,24235536.0,0.01549,375408.45,2023-01-23,2024-06-11,True,True,B0070
OPP01263,HEAL-DebtAdvisory-1263,A0162,Healthcare,Debt Advisory,Prospecting,0,0.05,82358046.0,0.01577,1298786.39,2023-06-29,,False,False,B0070
OPP01264,INDU-Restructuring-1264,A0314,Industrial,Restructuring,Prospecting,0,0.05,67226941.0,0.01957,1315631.24,2023-12-26,,False,False,B0076
OPP01265,INDU-ECM-1265,A0140,Industrial,ECM,Qualification,1,0.15,83164959.0,0.00971,807531.75,2025-04-21,,False,False,B0070
OPP01266,CONS-M&A-1266,A0181,Consumer,M&A,Qualification,1,0.15,11885390.0,0.00661,78562.43,2024-02-08,,False,False,B0074
OPP01267,HEAL-DebtAdvisory-1267,A0178,Healthcare,Debt Advisory,Qualification,1,0.15,166424560.0,0.01674,2785947.13,2024-11-23,,False,False,B0071
OPP01268,TECH-DebtAdvisory-1268,A0226,Technology & Services,Debt Advisory,Closed Lost,6,0.0,25639785.0,0.00999,256141.45,2023-05-12,2023-10-18,True,False,B0071
OPP01269,HEAL-Restructuring-1269,A0195,Healthcare,Restructuring,Closed Lost,6,0.0,52550301.0,0.0127,667388.82,2023-01-07,2024-04-27,True,False,B0069
OPP01270,CONS-Restructuring-1270,A0302,Consumer,Restructuring,Execution,4,0.8,47233931.0,0.01659,783610.92,2023-06-24,,False,False,B0074
OPP01271,TECH-DebtAdvisory-1271,A0297,Technology & Services,Debt Advisory,Closed Won,5,1.0,118252583.0,0.01545,1827002.41,2025-05-19,2025-07-22,True,True,B0071
OPP01272,CONS-M&A-1272,A0064,Consumer,M&A,Qualification,1,0.15,30016066.0,0.00617,185199.13,2024-03-18,,False,False,B0073
OPP01273,INDU-DebtAdvisory-1273,A0251,Industrial,Debt Advisory,Prospecting,0,0.05,108000469.0,0.00707,763563.32,2023-04-17,,False,False,B0076
OPP01274,TECH-ECM-1274,A0063,Technology & Services,ECM,Qualification,1,0.15,8665194.0,0.01369,118626.51,2025-02-08,,False,False,B0073
OPP01275,TECH-Restructuring-1275,A0306,Technology & Services,Restructuring,Execution,4,0.8,114373645.0,0.01754,2006113.73,2024-01-01,,False,False,B0073
OPP01276,CONS-ECM-1276,A0046,Consumer,ECM,Closed Won,5,1.0,102190408.0,0.0198,2023370.08,2024-11-01,2026-01-23,True,True,B0076
OPP01277,CONS-M&A-1277,A0094,Consumer,M&A,Closed Won,5,1.0,31663849.0,0.01222,386932.23,2025-08-31,2026-08-02,True,True,B0075
OPP01278,HEAL-DebtAdvisory-1278,A0016,Healthcare,Debt Advisory,Mandate,3,0.55,19363757.0,0.01853,358810.42,2024-09-04,,False,False,B0076
OPP01279,INDU-ECM-1279,A0265,Industrial,ECM,Closed Lost,6,0.0,96134721.0,0.00436,419147.38,2023-02-21,2023-11-27,True,False,B0075
OPP01280,INDU-M&A-1280,A0218,Industrial,M&A,Pitch,2,0.3,42374947.0,0.01861,788597.76,2023-02-25,,False,False,B0071
OPP01281,HEAL-Restructuring-1281,A0075,Healthcare,Restructuring,Closed Lost,6,0.0,134320087.0,0.01536,2063156.54,2023-12-13,2024-01-22,True,False,B0075
OPP01282,CONS-ECM-1282,A0196,Consumer,ECM,Execution,4,0.8,13302910.0,0.0155,206195.11,2024-06-19,,False,False,B0069
OPP01283,CONS-DebtAdvisory-1283,A0112,Consumer,Debt Advisory,Prospecting,0,0.05,64141647.0,0.01862,1194317.47,2023-06-09,,False,False,B0075
OPP01284,TECH-M&A-1284,A0060,Technology & Services,M&A,Mandate,3,0.55,125787539.0,0.00827,1040262.95,2025-05-16,,False,False,B0070
OPP01285,TECH-Restructuring-1285,A0011,Technology & Services,Restructuring,Execution,4,0.8,15710813.0,0.01499,235505.09,2023-05-26,,False,False,B0069
OPP01286,INDU-Restructuring-1286,A0147,Industrial,Restructuring,Execution,4,0.8,60389051.0,0.01806,1090626.26,2023-07-31,,False,False,B0076
OPP01287,HEAL-ECM-1287,A0248,Healthcare,ECM,Mandate,3,0.55,21993111.0,0.01659,364865.71,2024-06-16,,False,False,B0070
OPP01288,CONS-ECM-1288,A0090,Consumer,ECM,Pitch,2,0.3,32079798.0,0.01389,445588.39,2024-07-13,,False,False,B0071
OPP01289,HEAL-DebtAdvisory-1289,A0311,Healthcare,Debt Advisory,Closed Won,5,1.0,12711497.0,0.00923,117327.12,2023-06-23,2023-08-04,True,True,B0070
OPP01290,CONS-DebtAdvisory-1290,A0174,Consumer,Debt Advisory,Pitch,2,0.3,29626617.0,0.01569,464841.62,2023-02-07,,False,False,B0071
OPP01291,CONS-Restructuring-1291,A0089,Consumer,Restructuring,Pitch,2,0.3,76302707.0,0.00738,563113.98,2023-05-23,,False,False,B0069
OPP01292,TECH-ECM-1292,A0064,Technology & Services,ECM,Execution,4,0.8,53264695.0,0.01843,981668.33,2023-12-29,,False,False,B0074
OPP01293,TECH-ECM-1293,A0289,Technology & Services,ECM,Prospecting,0,0.05,30265633.0,0.00856,259073.82,2024-10-30,,False,False,B0074
OPP01294,TECH-M&A-1294,A0236,Technology & Services,M&A,Pitch,2,0.3,51158436.0,0.00944,482935.64,2023-02-25,,False,False,B0072
OPP01295,INDU-ECM-1295,A0012,Industrial,ECM,Prospecting,0,0.05,28358277.0,0.01925,545896.83,2023-03-24,,False,False,B0074
OPP01296,INDU-M&A-1296,A0006,Industrial,M&A,Pitch,2,0.3,76837717.0,0.00626,481004.11,2024-05-04,,False,False,B0071
OPP01297,HEAL-DebtAdvisory-1297,A0247,Healthcare,Debt Advisory,Mandate,3,0.55,52893913.0,0.01717,908188.49,2024-12-24,,False,False,B0072
OPP01298,CONS-M&A-1298,A0291,Consumer,M&A,Qualification,1,0.15,26289759.0,0.01862,489515.31,2023-04-03,,False,False,B0076
OPP01299,HEAL-ECM-1299,A0212,Healthcare,ECM,Closed Won,5,1.0,136231600.0,0.01277,1739677.53,2025-05-23,2026-03-22,True,True,B0070
OPP01300,CONS-M&A-1300,A0198,Consumer,M&A,Closed Lost,6,0.0,85587629.0,0.0097,830200.0,2024-03-03,2024-11-05,True,False,B0072
OPP01301,INDU-Restructuring-1301,A0039,Industrial,Restructuring,Prospecting,0,0.05,87602829.0,0.01279,1120440.18,2024-06-11,,False,False,B0075
OPP01302,CONS-ECM-1302,A0043,Consumer,ECM,Qualification,1,0.15,51644086.0,0.00423,218454.48,2023-02-05,,False,False,B0070
OPP01303,CONS-DebtAdvisory-1303,A0194,Consumer,Debt Advisory,Closed Won,5,1.0,40768265.0,0.00911,371398.89,2025-08-15,2026-12-16,True,True,B0076
OPP01304,CONS-Restructuring-1304,A0082,Consumer,Restructuring,Mandate,3,0.55,73971969.0,0.01225,906156.62,2023-12-24,,False,False,B0070
OPP01305,INDU-Restructuring-1305,A0185,Industrial,Restructuring,Closed Lost,6,0.0,18935816.0,0.00738,139746.32,2023-01-15,2024-03-01,True,False,B0075
OPP01306,TECH-ECM-1306,A0120,Technology & Services,ECM,Prospecting,0,0.05,23914781.0,0.01453,347481.77,2025-01-08,,False,False,B0075
OPP01307,HEAL-M&A-1307,A0170,Healthcare,M&A,Closed Won,5,1.0,33912760.0,0.00569,192963.6,2024-12-09,2025-08-31,True,True,B0070
OPP01308,CONS-ECM-1308,A0240,Consumer,ECM,Mandate,3,0.55,66986999.0,0.01988,1331701.54,2023-06-04,,False,False,B0073
OPP01309,CONS-ECM-1309,A0267,Consumer,ECM,Closed Lost,6,0.0,28723669.0,0.01545,443780.69,2024-08-23,2026-01-10,True,False,B0074
OPP01310,CONS-Restructuring-1310,A0032,Consumer,Restructuring,Pitch,2,0.3,198623835.0,0.00972,1930623.68,2023-01-11,,False,False,B0070
OPP01311,HEAL-Restructuring-1311,A0230,Healthcare,Restructuring,Closed Lost,6,0.0,121840264.0,0.00647,788306.51,2025-01-04,2026-03-27,True,False,B0069
OPP01312,INDU-DebtAdvisory-1312,A0119,Industrial,Debt Advisory,Execution,4,0.8,25578469.0,0.01183,302593.29,2024-01-05,,False,False,B0073
OPP01313,CONS-DebtAdvisory-1313,A0091,Consumer,Debt Advisory,Pitch,2,0.3,80594380.0,0.01929,1554665.59,2023-11-12,,False,False,B0073
OPP01314,INDU-DebtAdvisory-1314,A0056,Industrial,Debt Advisory,Closed Won,5,1.0,35042233.0,0.01171,410344.55,2025-05-01,2025-07-27,True,True,B0073
OPP01315,INDU-M&A-1315,A0004,Industrial,M&A,Closed Lost,6,0.0,45740323.0,0.0074,338478.39,2024-07-28,2025-12-25,True,False,B0070
OPP01316,TECH-Restructuring-1316,A0057,Technology & Services,Restructuring,Execution,4,0.8,113362746.0,0.00966,1095084.13,2023-12-07,,False,False,B0075
OPP01317,HEAL-ECM-1317,A0114,Healthcare,ECM,Mandate,3,0.55,20345877.0,0.00839,170701.91,2024-01-24,,False,False,B0072
OPP01318,HEAL-Restructuring-1318,A0294,Healthcare,Restructuring,Mandate,3,0.55,25288802.0,0.0163,412207.47,2023-09-21,,False,False,B0072
OPP01319,HEAL-M&A-1319,A0041,Healthcare,M&A,Qualification,1,0.15,42275493.0,0.00657,277749.99,2025-03-02,,False,False,B0069
OPP01320,CONS-Restructuring-1320,A0215,Consumer,Restructuring,Closed Lost,6,0.0,22807053.0,0.01838,419193.63,2023-09-26,2024-11-17,True,False,B0074
OPP01321,TECH-ECM-1321,A0212,Technology & Services,ECM,Mandate,3,0.55,28490816.0,0.01202,342459.61,2024-06-27,,False,False,B0073
OPP01322,INDU-DebtAdvisory-1322,A0116,Industrial,Debt Advisory,Pitch,2,0.3,34289055.0,0.01577,540738.4,2023-07-09,,False,False,B0076
OPP01323,INDU-Restructuring-1323,A0187,Industrial,Restructuring,Execution,4,0.8,153459791.0,0.01272,1952008.54,2023-02-01,,False,False,B0071
OPP01324,CONS-DebtAdvisory-1324,A0164,Consumer,Debt Advisory,Closed Won,5,1.0,415345198.0,0.01476,6130495.12,2024-11-30,2026-01-31,True,True,B0076
OPP01325,HEAL-DebtAdvisory-1325,A0300,Healthcare,Debt Advisory,Prospecting,0,0.05,202656414.0,0.01139,2308256.56,2023-01-21,,False,False,B0070
OPP01326,HEAL-M&A-1326,A0250,Healthcare,M&A,Qualification,1,0.15,36874635.0,0.01013,373540.05,2024-07-26,,False,False,B0076
OPP01327,CONS-DebtAdvisory-1327,A0083,Consumer,Debt Advisory,Prospecting,0,0.05,32146536.0,0.00473,152053.12,2023-04-22,,False,False,B0071
OPP01328,INDU-Restructuring-1328,A0264,Industrial,Restructuring,Mandate,3,0.55,46335309.0,0.00829,384119.71,2023-12-04,,False,False,B0072
OPP01329,TECH-DebtAdvisory-1329,A0290,Technology & Services,Debt Advisory,Execution,4,0.8,13144598.0,0.01281,168382.3,2024-01-20,,False,False,B0071
OPP01330,HEAL-DebtAdvisory-1330,A0036,Healthcare,Debt Advisory,Prospecting,0,0.05,42421907.0,0.01815,769957.61,2023-10-12,,False,False,B0073
OPP01331,INDU-DebtAdvisory-1331,A0008,Industrial,Debt Advisory,Qualification,1,0.15,78851330.0,0.01871,1475308.38,2023-10-27,,False,False,B0071
OPP01332,INDU-ECM-1332,A0040,Industrial,ECM,Closed Won,5,1.0,22901715.0,0.00869,199015.9,2023-09-17,2025-01-14,True,True,B0069
OPP01333,CONS-ECM-1333,A0283,Consumer,ECM,Qualification,1,0.15,21557872.0,0.01414,304828.31,2025-09-09,,False,False,B0070
OPP01334,TECH-ECM-1334,A0069,Technology & Services,ECM,Execution,4,0.8,82367195.0,0.00521,429133.09,2025-09-04,,False,False,B0071
OPP01335,CONS-M&A-1335,A0262,Consumer,M&A,Closed Lost,6,0.0,22508020.0,0.00429,96559.41,2024-06-21,2025-10-24,True,False,B0071
OPP01336,CONS-ECM-1336,A0309,Consumer,ECM,Closed Won,5,1.0,99616265.0,0.01287,1282061.33,2024-07-25,2024-11-13,True,True,B0072
OPP01337,CONS-M&A-1337,A0200,Consumer,M&A,Closed Lost,6,0.0,19384953.0,0.00994,192686.43,2025-01-10,2025-12-21,True,False,B0076
OPP01338,TECH-Restructuring-1338,A0167,Technology & Services,Restructuring,Closed Won,5,1.0,54670162.0,0.00879,480550.72,2023-08-08,2024-07-17,True,True,B0074
OPP01339,INDU-ECM-1339,A0320,Industrial,ECM,Execution,4,0.8,13397597.0,0.0122,163450.68,2023-02-06,,False,False,B0072
OPP01340,INDU-ECM-1340,A0250,Industrial,ECM,Closed Lost,6,0.0,38481579.0,0.00916,352491.26,2025-06-17,2026-07-03,True,False,B0075
OPP01341,TECH-ECM-1341,A0214,Technology & Services,ECM,Closed Won,5,1.0,32678249.0,0.01045,341487.7,2025-02-08,2025-04-29,True,True,B0075
OPP01342,TECH-ECM-1342,A0176,Technology & Services,ECM,Execution,4,0.8,161501949.0,0.01751,2827899.13,2023-10-22,,False,False,B0071
OPP01343,HEAL-DebtAdvisory-1343,A0045,Healthcare,Debt Advisory,Prospecting,0,0.05,22506670.0,0.00488,109832.55,2024-11-09,,False,False,B0070
OPP01344,TECH-DebtAdvisory-1344,A0183,Technology & Services,Debt Advisory,Prospecting,0,0.05,16155279.0,0.01214,196125.09,2025-06-21,,False,False,B0074
OPP01345,TECH-Restructuring-1345,A0038,Technology & Services,Restructuring,Mandate,3,0.55,44320793.0,0.01195,529633.48,2023-12-28,,False,False,B0075
OPP01346,TECH-DebtAdvisory-1346,A0018,Technology & Services,Debt Advisory,Pitch,2,0.3,32801233.0,0.01864,611414.98,2024-07-27,,False,False,B0071
OPP01347,INDU-DebtAdvisory-1347,A0082,Industrial,Debt Advisory,Execution,4,0.8,60359063.0,0.01016,613248.08,2023-03-26,,False,False,B0076
OPP01348,HEAL-Restructuring-1348,A0072,Healthcare,Restructuring,Closed Won,5,1.0,65705385.0,0.00465,305530.04,2024-12-02,2026-03-06,True,True,B0072
OPP01349,CONS-M&A-1349,A0249,Consumer,M&A,Closed Won,5,1.0,61759855.0,0.01282,791761.34,2025-02-01,2026-07-22,True,True,B0075
OPP01350,HEAL-M&A-1350,A0194,Healthcare,M&A,Execution,4,0.8,17528371.0,0.00633,110954.59,2025-09-19,,False,False,B0072
OPP01351,TECH-Restructuring-1351,A0203,Technology & Services,Restructuring,Pitch,2,0.3,48940773.0,0.01987,972453.16,2024-02-28,,False,False,B0071
OPP01352,CONS-Restructuring-1352,A0087,Consumer,Restructuring,Pitch,2,0.3,104648758.0,0.01246,1303923.52,2025-07-25,,False,False,B0071
OPP01353,INDU-Restructuring-1353,A0181,Industrial,Restructuring,Closed Lost,6,0.0,8342862.0,0.01472,122806.93,2024-06-04,2025-11-12,True,False,B0072
OPP01354,INDU-Restructuring-1354,A0268,Industrial,Restructuring,Prospecting,0,0.05,8784541.0,0.01477,129747.67,2024-11-26,,False,False,B0074
OPP01355,HEAL-ECM-1355,A0306,Healthcare,ECM,Prospecting,0,0.05,25421337.0,0.01053,267686.68,2024-01-05,,False,False,B0070
OPP01356,HEAL-M&A-1356,A0102,Healthcare,M&A,Execution,4,0.8,21948643.0,0.00578,126863.16,2023-11-07,,False,False,B0070
OPP01357,INDU-Restructuring-1357,A0011,Industrial,Restructuring,Mandate,3,0.55,104469902.0,0.01428,1491830.2,2023-06-11,,False,False,B0072
OPP01358,TECH-DebtAdvisory-1358,A0149,Technology & Services,Debt Advisory,Qualification,1,0.15,4096116.0,0.01466,60049.06,2024-10-26,,False,False,B0069
OPP01359,HEAL-ECM-1359,A0244,Healthcare,ECM,Pitch,2,0.3,168214419.0,0.00838,1409636.83,2025-02-19,,False,False,B0069
OPP01360,CONS-DebtAdvisory-1360,A0182,Consumer,Debt Advisory,Closed Won,5,1.0,24449648.0,0.00714,174570.49,2025-01-23,2026-03-21,True,True,B0075
OPP01361,HEAL-M&A-1361,A0275,Healthcare,M&A,Pitch,2,0.3,58970051.0,0.00589,347333.6,2025-03-09,,False,False,B0071
OPP01362,HEAL-Restructuring-1362,A0048,Healthcare,Restructuring,Prospecting,0,0.05,30635480.0,0.01101,337296.63,2024-08-24,,False,False,B0071
OPP01363,INDU-M&A-1363,A0082,Industrial,M&A,Closed Won,5,1.0,87039626.0,0.01105,961787.87,2024-06-15,2025-02-02,True,True,B0069
OPP01364,CONS-ECM-1364,A0147,Consumer,ECM,Mandate,3,0.55,86685837.0,0.01857,1609755.99,2025-02-22,,False,False,B0070
OPP01365,TECH-DebtAdvisory-1365,A0183,Technology & Services,Debt Advisory,Mandate,3,0.55,62594141.0,0.00861,538935.55,2024-08-06,,False,False,B0075
OPP01366,HEAL-Restructuring-1366,A0289,Healthcare,Restructuring,Qualification,1,0.15,11848152.0,0.01079,127841.56,2023-07-15,,False,False,B0069
OPP01367,TECH-DebtAdvisory-1367,A0269,Technology & Services,Debt Advisory,Prospecting,0,0.05,4241464.0,0.01305,55351.11,2023-05-02,,False,False,B0071
OPP01368,INDU-Restructuring-1368,A0090,Industrial,Restructuring,Qualification,1,0.15,40144173.0,0.00406,162985.34,2024-11-09,,False,False,B0075
OPP01369,INDU-M&A-1369,A0222,Industrial,M&A,Closed Lost,6,0.0,80224619.0,0.00548,439630.91,2024-01-14,2025-06-07,True,False,B0075
OPP01370,CONS-DebtAdvisory-1370,A0137,Consumer,Debt Advisory,Execution,4,0.8,18342300.0,0.00721,132247.98,2025-08-11,,False,False,B0075
OPP01371,INDU-M&A-1371,A0294,Industrial,M&A,Closed Won,5,1.0,30155924.0,0.01208,364283.56,2023-03-20,2024-05-12,True,True,B0070
OPP01372,HEAL-ECM-1372,A0315,Healthcare,ECM,Closed Lost,6,0.0,101216223.0,0.01265,1280385.22,2024-03-31,2025-04-18,True,False,B0070
OPP01373,HEAL-DebtAdvisory-1373,A0057,Healthcare,Debt Advisory,Mandate,3,0.55,86185170.0,0.01416,1220382.01,2025-05-05,,False,False,B0070
OPP01374,INDU-M&A-1374,A0122,Industrial,M&A,Closed Won,5,1.0,30566199.0,0.00712,217631.34,2023-09-02,2023-10-25,True,True,B0074
OPP01375,TECH-Restructuring-1375,A0167,Technology & Services,Restructuring,Mandate,3,0.55,145268911.0,0.01498,2176128.29,2023-12-22,,False,False,B0075
OPP01376,INDU-ECM-1376,A0221,Industrial,ECM,Closed Lost,6,0.0,37908318.0,0.01342,508729.63,2025-08-30,2025-10-14,True,False,B0074
OPP01377,INDU-ECM-1377,A0102,Industrial,ECM,Mandate,3,0.55,37117968.0,0.01455,540066.43,2024-06-30,,False,False,B0071
OPP01378,TECH-DebtAdvisory-1378,A0139,Technology & Services,Debt Advisory,Execution,4,0.8,28528690.0,0.00908,259040.51,2024-04-01,,False,False,B0071
OPP01379,INDU-Restructuring-1379,A0253,Industrial,Restructuring,Qualification,1,0.15,54608102.0,0.01687,921238.68,2025-07-11,,False,False,B0073
OPP01380,CONS-M&A-1380,A0107,Consumer,M&A,Execution,4,0.8,66327883.0,0.01509,1000887.75,2025-08-26,,False,False,B0073
OPP01381,HEAL-ECM-1381,A0231,Healthcare,ECM,Qualification,1,0.15,2953333.0,0.00924,27288.8,2023-09-14,,False,False,B0076
OPP01382,TECH-ECM-1382,A0001,Technology & Services,ECM,Prospecting,0,0.05,26841548.0,0.00571,153265.24,2023-09-27,,False,False,B0071
OPP01383,CONS-DebtAdvisory-1383,A0069,Consumer,Debt Advisory,Qualification,1,0.15,99066513.0,0.01275,1263098.04,2024-03-30,,False,False,B0074
OPP01384,TECH-M&A-1384,A0101,Technology & Services,M&A,Mandate,3,0.55,39055067.0,0.01667,651047.97,2024-08-05,,False,False,B0070
OPP01385,HEAL-M&A-1385,A0224,Healthcare,M&A,Closed Won,5,1.0,111827734.0,0.00462,516644.13,2023-02-17,2024-03-31,True,True,B0070
OPP01386,TECH-ECM-1386,A0270,Technology & Services,ECM,Closed Won,5,1.0,36599750.0,0.00695,254368.26,2025-01-20,2025-10-13,True,True,B0073
OPP01387,INDU-DebtAdvisory-1387,A0014,Industrial,Debt Advisory,Prospecting,0,0.05,39525527.0,0.00534,211066.31,2025-09-19,,False,False,B0072
OPP01388,INDU-Restructuring-1388,A0171,Industrial,Restructuring,Execution,4,0.8,69232823.0,0.01953,1352117.03,2023-05-05,,False,False,B0076
OPP01389,CONS-ECM-1389,A0106,Consumer,ECM,Prospecting,0,0.05,85817794.0,0.00496,425656.26,2023-04-14,,False,False,B0074
OPP01390,HEAL-Restructuring-1390,A0026,Healthcare,Restructuring,Qualification,1,0.15,28226618.0,0.01455,410697.29,2023-10-27,,False,False,B0073
OPP01391,HEAL-Restructuring-1391,A0048,Healthcare,Restructuring,Prospecting,0,0.05,47773467.0,0.01449,692237.54,2024-11-29,,False,False,B0072
OPP01392,INDU-M&A-1392,A0098,Industrial,M&A,Closed Lost,6,0.0,26498554.0,0.01398,370449.78,2023-03-17,2024-06-28,True,False,B0075
OPP01393,TECH-ECM-1393,A0061,Technology & Services,ECM,Closed Lost,6,0.0,142614657.0,0.01726,2461528.98,2024-10-25,2025-05-23,True,False,B0069
OPP01394,INDU-M&A-1394,A0046,Industrial,M&A,Closed Lost,6,0.0,72160555.0,0.01797,1296725.17,2023-12-30,2024-04-16,True,False,B0076
OPP01395,TECH-Restructuring-1395,A0017,Technology & Services,Restructuring,Closed Lost,6,0.0,78935492.0,0.01085,856450.09,2025-09-08,2026-07-10,True,False,B0073
OPP01396,INDU-DebtAdvisory-1396,A0185,Industrial,Debt Advisory,Closed Won,5,1.0,170815013.0,0.0071,1212786.59,2024-01-31,2025-06-24,True,True,B0071
OPP01397,CONS-DebtAdvisory-1397,A0024,Consumer,Debt Advisory,Prospecting,0,0.05,72977372.0,0.00874,637822.23,2024-03-17,,False,False,B0073
OPP01398,TECH-M&A-1398,A0200,Technology & Services,M&A,Qualification,1,0.15,35885287.0,0.00744,266986.54,2023-09-16,,False,False,B0075
OPP01399,CONS-M&A-1399,A0023,Consumer,M&A,Execution,4,0.8,23681274.0,0.0098,232076.49,2023-08-04,,False,False,B0074
OPP01400,CONS-DebtAdvisory-1400,A0081,Consumer,Debt Advisory,Execution,4,0.8,58251852.0,0.01062,618634.67,2023-05-16,,False,False,B0076
OPP01401,HEAL-ECM-1401,A0011,Healthcare,ECM,Execution,4,0.8,7705382.0,0.01819,140160.9,2025-06-24,,False,False,B0069
OPP01402,INDU-Restructuring-1402,A0116,Industrial,Restructuring,Execution,4,0.8,42531090.0,0.00568,241576.59,2024-01-13,,False,False,B0071
OPP01403,TECH-DebtAdvisory-1403,A0157,Technology & Services,Debt Advisory,Qualification,1,0.15,133059216.0,0.01536,2043789.56,2023-05-23,,False,False,B0070
OPP01404,CONS-Restructuring-1404,A0272,Consumer,Restructuring,Mandate,3,0.55,437448676.0,0.00469,2051634.29,2024-08-01,,False,False,B0072
OPP01405,INDU-M&A-1405,A0219,Industrial,M&A,Mandate,3,0.55,37103827.0,0.01648,611471.07,2023-06-01,,False,False,B0076
OPP01406,TECH-Restructuring-1406,A0048,Technology & Services,Restructuring,Closed Lost,6,0.0,75318617.0,0.01037,781054.06,2024-02-21,2025-06-25,True,False,B0076
OPP01407,HEAL-Restructuring-1407,A0212,Healthcare,Restructuring,Closed Lost,6,0.0,30513907.0,0.01912,583425.9,2024-08-26,2025-10-21,True,False,B0076
OPP01408,TECH-DebtAdvisory-1408,A0107,Technology & Services,Debt Advisory,Closed Won,5,1.0,19607125.0,0.0055,107839.19,2023-07-06,2024-05-17,True,True,B0075
OPP01409,INDU-M&A-1409,A0044,Industrial,M&A,Pitch,2,0.3,12747811.0,0.00772,98413.1,2023-12-10,,False,False,B0074
OPP01410,TECH-Restructuring-1410,A0089,Technology & Services,Restructuring,Closed Lost,6,0.0,61800328.0,0.01641,1014143.38,2024-07-14,2025-12-10,True,False,B0069
OPP01411,INDU-ECM-1411,A0269,Industrial,ECM,Closed Won,5,1.0,3703787.0,0.01945,72038.66,2024-06-30,2025-02-21,True,True,B0073
OPP01412,INDU-M&A-1412,A0165,Industrial,M&A,Pitch,2,0.3,44682220.0,0.00786,351202.25,2024-11-08,,False,False,B0075
OPP01413,CONS-DebtAdvisory-1413,A0201,Consumer,Debt Advisory,Pitch,2,0.3,80667429.0,0.00822,663086.27,2024-07-31,,False,False,B0071
OPP01414,TECH-M&A-1414,A0287,Technology & Services,M&A,Qualification,1,0.15,297218392.0,0.01019,3028655.41,2024-02-19,,False,False,B0074
OPP01415,HEAL-Restructuring-1415,A0190,Healthcare,Restructuring,Execution,4,0.8,136355639.0,0.01303,1776713.98,2023-01-18,,False,False,B0075
OPP01416,HEAL-ECM-1416,A0138,Healthcare,ECM,Closed Won,5,1.0,22348236.0,0.00534,119339.58,2023-01-03,2024-03-03,True,True,B0070
OPP01417,TECH-DebtAdvisory-1417,A0136,Technology & Services,Debt Advisory,Pitch,2,0.3,11437271.0,0.01132,129469.91,2023-06-21,,False,False,B0076
OPP01418,TECH-M&A-1418,A0289,Technology & Services,M&A,Closed Won,5,1.0,31027078.0,0.01507,467578.07,2023-08-23,2025-02-01,True,True,B0072
OPP01419,HEAL-Restructuring-1419,A0011,Healthcare,Restructuring,Closed Lost,6,0.0,16333474.0,0.01342,219195.22,2025-01-23,2026-02-15,True,False,B0073
OPP01420,HEAL-ECM-1420,A0060,Healthcare,ECM,Closed Won,5,1.0,37922639.0,0.00773,293142.0,2024-07-22,2025-11-13,True,True,B0073
OPP01421,INDU-Restructuring-1421,A0274,Industrial,Restructuring,Closed Lost,6,0.0,43065148.0,0.01061,456921.22,2024-01-10,2024-04-28,True,False,B0070
OPP01422,HEAL-Restructuring-1422,A0171,Healthcare,Restructuring,Pitch,2,0.3,21179149.0,0.01119,236994.68,2023-07-19,,False,False,B0075
OPP01423,TECH-M&A-1423,A0204,Technology & Services,M&A,Prospecting,0,0.05,173009724.0,0.01966,3401371.17,2024-05-04,,False,False,B0076
OPP01424,INDU-M&A-1424,A0025,Industrial,M&A,Execution,4,0.8,77006137.0,0.00601,462806.88,2023-11-08,,False,False,B0073
OPP01425,TECH-Restructuring-1425,A0046,Technology & Services,Restructuring,Qualification,1,0.15,194381300.0,0.00563,1094366.72,2025-07-29,,False,False,B0071
OPP01426,INDU-M&A-1426,A0317,Industrial,M&A,Qualification,1,0.15,27409903.0,0.01774,486251.68,2025-05-24,,False,False,B0072
OPP01427,CONS-Restructuring-1427,A0236,Consumer,Restructuring,Mandate,3,0.55,85774291.0,0.00718,615859.41,2024-06-13,,False,False,B0070
OPP01428,HEAL-DebtAdvisory-1428,A0305,Healthcare,Debt Advisory,Closed Won,5,1.0,34773130.0,0.00816,283748.74,2023-08-15,2024-09-04,True,True,B0075
OPP01429,CONS-DebtAdvisory-1429,A0095,Consumer,Debt Advisory,Execution,4,0.8,48937399.0,0.01914,936661.82,2024-07-12,,False,False,B0070
OPP01430,INDU-Restructuring-1430,A0187,Industrial,Restructuring,Closed Lost,6,0.0,9747762.0,0.01035,100889.34,2023-05-08,2023-09-29,True,False,B0071
OPP01431,INDU-ECM-1431,A0301,Industrial,ECM,Mandate,3,0.55,7581001.0,0.00713,54052.54,2024-01-13,,False,False,B0076
OPP01432,CONS-ECM-1432,A0224,Consumer,ECM,Pitch,2,0.3,117406101.0,0.01104,1296163.36,2025-02-18,,False,False,B0076
OPP01433,INDU-Restructuring-1433,A0264,Industrial,Restructuring,Closed Won,5,1.0,40598147.0,0.01071,434806.15,2025-06-22,2025-10-26,True,True,B0071
OPP01434,INDU-M&A-1434,A0104,Industrial,M&A,Closed Won,5,1.0,75470827.0,0.00815,615087.24,2023-02-15,2023-08-24,True,True,B0071
OPP01435,HEAL-DebtAdvisory-1435,A0315,Healthcare,Debt Advisory,Execution,4,0.8,193276562.0,0.00809,1563607.39,2023-12-06,,False,False,B0070
OPP01436,CONS-Restructuring-1436,A0165,Consumer,Restructuring,Prospecting,0,0.05,59487122.0,0.01319,784635.14,2024-08-23,,False,False,B0073
OPP01437,TECH-M&A-1437,A0279,Technology & Services,M&A,Closed Lost,6,0.0,16464508.0,0.00786,129411.03,2024-09-16,2025-02-21,True,False,B0071
OPP01438,HEAL-DebtAdvisory-1438,A0294,Healthcare,Debt Advisory,Mandate,3,0.55,21037666.0,0.00756,159044.75,2024-01-28,,False,False,B0072
OPP01439,HEAL-DebtAdvisory-1439,A0313,Healthcare,Debt Advisory,Execution,4,0.8,182254290.0,0.01029,1875396.64,2024-07-06,,False,False,B0075
OPP01440,TECH-DebtAdvisory-1440,A0310,Technology & Services,Debt Advisory,Execution,4,0.8,68353471.0,0.00521,356121.58,2024-11-22,,False,False,B0076
OPP01441,INDU-DebtAdvisory-1441,A0173,Industrial,Debt Advisory,Mandate,3,0.55,50206778.0,0.00807,405168.7,2025-01-19,,False,False,B0076
OPP01442,TECH-Restructuring-1442,A0311,Technology & Services,Restructuring,Prospecting,0,0.05,49915927.0,0.01886,941414.38,2024-05-25,,False,False,B0071
OPP01443,INDU-ECM-1443,A0257,Industrial,ECM,Execution,4,0.8,27919393.0,0.0176,491381.32,2024-02-22,,False,False,B0069
OPP01444,CONS-DebtAdvisory-1444,A0167,Consumer,Debt Advisory,Closed Lost,6,0.0,133914065.0,0.01117,1495820.11,2025-07-14,2025-10-28,True,False,B0076
OPP01445,CONS-ECM-1445,A0083,Consumer,ECM,Closed Lost,6,0.0,21539726.0,0.0088,189549.59,2023-01-23,2024-04-29,True,False,B0076
OPP01446,HEAL-DebtAdvisory-1446,A0227,Healthcare,Debt Advisory,Pitch,2,0.3,50297008.0,0.01937,974253.04,2024-02-03,,False,False,B0072
OPP01447,CONS-Restructuring-1447,A0195,Consumer,Restructuring,Execution,4,0.8,179153658.0,0.00501,897559.83,2025-04-14,,False,False,B0074
OPP01448,TECH-M&A-1448,A0304,Technology & Services,M&A,Pitch,2,0.3,28232830.0,0.00897,253248.49,2024-07-28,,False,False,B0075
OPP01449,HEAL-ECM-1449,A0051,Healthcare,ECM,Closed Lost,6,0.0,49563318.0,0.01517,751875.53,2023-07-24,2024-01-06,True,False,B0070
OPP01450,CONS-Restructuring-1450,A0074,Consumer,Restructuring,Execution,4,0.8,10175699.0,0.01878,191099.63,2023-05-31,,False,False,B0071
OPP01451,INDU-Restructuring-1451,A0184,Industrial,Restructuring,Prospecting,0,0.05,28726302.0,0.01232,353908.04,2025-06-13,,False,False,B0074
OPP01452,TECH-ECM-1452,A0307,Technology & Services,ECM,Prospecting,0,0.05,3245256.0,0.00983,31900.87,2023-02-03,,False,False,B0069
OPP01453,TECH-ECM-1453,A0012,Technology & Services,ECM,Prospecting,0,0.05,97365050.0,0.01026,998965.41,2023-06-18,,False,False,B0069
OPP01454,INDU-ECM-1454,A0234,Industrial,ECM,Prospecting,0,0.05,137225348.0,0.01501,2059752.47,2025-03-16,,False,False,B0075
OPP01455,CONS-DebtAdvisory-1455,A0162,Consumer,Debt Advisory,Qualification,1,0.15,52386394.0,0.01308,685214.03,2025-02-06,,False,False,B0071
OPP01456,CONS-M&A-1456,A0196,Consumer,M&A,Closed Won,5,1.0,64559474.0,0.01943,1254390.58,2024-02-25,2025-07-18,True,True,B0076
OPP01457,TECH-M&A-1457,A0103,Technology & Services,M&A,Closed Won,5,1.0,12688170.0,0.00651,82599.99,2025-04-01,2025-10-26,True,True,B0076
OPP01458,INDU-DebtAdvisory-1458,A0119,Industrial,Debt Advisory,Qualification,1,0.15,76700634.0,0.01596,1224142.12,2024-10-24,,False,False,B0075
OPP01459,TECH-Restructuring-1459,A0036,Technology & Services,Restructuring,Mandate,3,0.55,15002227.0,0.01029,154372.92,2023-11-19,,False,False,B0073
OPP01460,INDU-M&A-1460,A0129,Industrial,M&A,Qualification,1,0.15,30639856.0,0.00959,293836.22,2023-05-27,,False,False,B0074
OPP01461,CONS-Restructuring-1461,A0147,Consumer,Restructuring,Closed Lost,6,0.0,48143899.0,0.01501,722639.92,2025-01-13,2025-04-08,True,False,B0075
OPP01462,HEAL-Restructuring-1462,A0319,Healthcare,Restructuring,Qualification,1,0.15,43380906.0,0.00951,412552.42,2024-11-05,,False,False,B0074
OPP01463,CONS-ECM-1463,A0149,Consumer,ECM,Qualification,1,0.15,42112331.0,0.00591,248883.88,2024-07-30,,False,False,B0072
OPP01464,INDU-ECM-1464,A0096,Industrial,ECM,Pitch,2,0.3,20955272.0,0.01832,383900.58,2024-10-30,,False,False,B0071
OPP01465,HEAL-M&A-1465,A0066,Healthcare,M&A,Qualification,1,0.15,28875668.0,0.0187,539974.99,2025-09-15,,False,False,B0069
OPP01466,TECH-DebtAdvisory-1466,A0299,Technology & Services,Debt Advisory,Pitch,2,0.3,55243869.0,0.01271,702149.57,2023-11-03,,False,False,B0069
OPP01467,TECH-Restructuring-1467,A0210,Technology & Services,Restructuring,Closed Won,5,1.0,135748523.0,0.01309,1776948.17,2025-01-27,2025-06-15,True,True,B0075
OPP01468,TECH-ECM-1468,A0205,Technology & Services,ECM,Qualification,1,0.15,13721360.0,0.01335,183180.16,2023-04-01,,False,False,B0070
OPP01469,CONS-ECM-1469,A0036,Consumer,ECM,Closed Won,5,1.0,66245161.0,0.01574,1042698.83,2024-11-16,2025-06-22,True,True,B0072
OPP01470,CONS-M&A-1470,A0068,Consumer,M&A,Execution,4,0.8,106317047.0,0.01731,1840348.08,2024-07-21,,False,False,B0073
OPP01471,HEAL-DebtAdvisory-1471,A0008,Healthcare,Debt Advisory,Prospecting,0,0.05,77900403.0,0.01846,1438041.44,2023-07-08,,False,False,B0072
OPP01472,TECH-DebtAdvisory-1472,A0037,Technology & Services,Debt Advisory,Qualification,1,0.15,60294988.0,0.01674,1009338.1,2025-03-19,,False,False,B0074
OPP01473,TECH-M&A-1473,A0160,Technology & Services,M&A,Closed Lost,6,0.0,36816551.0,0.01842,678160.87,2023-01-26,2023-05-17,True,False,B0072
OPP01474,HEAL-ECM-1474,A0315,Healthcare,ECM,Mandate,3,0.55,116051094.0,0.01611,1869583.12,2025-06-15,,False,False,B0073
OPP01475,HEAL-ECM-1475,A0285,Healthcare,ECM,Pitch,2,0.3,23716922.0,0.0073,173133.53,2023-04-29,,False,False,B0072
OPP01476,HEAL-DebtAdvisory-1476,A0232,Healthcare,Debt Advisory,Mandate,3,0.55,23818677.0,0.01055,251287.04,2023-08-11,,False,False,B0072
OPP01477,HEAL-DebtAdvisory-1477,A0191,Healthcare,Debt Advisory,Mandate,3,0.55,10301182.0,0.009,92710.64,2024-05-12,,False,False,B0070
OPP01478,HEAL-ECM-1478,A0026,Healthcare,ECM,Closed Lost,6,0.0,16803613.0,0.01305,219287.15,2023-11-09,2024-10-01,True,False,B0074
OPP01479,CONS-ECM-1479,A0225,Consumer,ECM,Pitch,2,0.3,26620767.0,0.01264,336486.49,2023-03-14,,False,False,B0074
OPP01480,INDU-DebtAdvisory-1480,A0255,Industrial,Debt Advisory,Closed Lost,6,0.0,46096519.0,0.00671,309307.64,2025-01-27,2026-05-23,True,False,B0074
OPP01481,INDU-DebtAdvisory-1481,A0265,Industrial,Debt Advisory,Closed Lost,6,0.0,32063601.0,0.0154,493779.46,2025-04-15,2026-09-25,True,False,B0075
OPP01482,TECH-DebtAdvisory-1482,A0204,Technology & Services,Debt Advisory,Execution,4,0.8,44034201.0,0.01419,624845.31,2024-11-13,,False,False,B0071
OPP01483,HEAL-M&A-1483,A0019,Healthcare,M&A,Closed Won,5,1.0,16359124.0,0.00934,152794.22,2024-10-18,2026-03-13,True,True,B0069
OPP01484,CONS-ECM-1484,A0099,Consumer,ECM,Closed Won,5,1.0,19513978.0,0.00948,184992.51,2024-06-12,2025-06-11,True,True,B0073
OPP01485,INDU-Restructuring-1485,A0309,Industrial,Restructuring,Qualification,1,0.15,24025311.0,0.00413,99224.53,2024-07-19,,False,False,B0070
OPP01486,CONS-ECM-1486,A0090,Consumer,ECM,Execution,4,0.8,47228251.0,0.01654,781155.27,2025-06-02,,False,False,B0072
OPP01487,HEAL-Restructuring-1487,A0003,Healthcare,Restructuring,Closed Lost,6,0.0,52615602.0,0.00892,469331.17,2023-07-07,2023-11-01,True,False,B0071
OPP01488,HEAL-ECM-1488,A0095,Healthcare,ECM,Closed Won,5,1.0,30386179.0,0.01488,452146.34,2025-02-15,2025-03-28,True,True,B0069
OPP01489,HEAL-Restructuring-1489,A0162,Healthcare,Restructuring,Closed Lost,6,0.0,52061420.0,0.01959,1019883.22,2024-08-17,2024-11-01,True,False,B0070
OPP01490,INDU-M&A-1490,A0011,Industrial,M&A,Closed Lost,6,0.0,50618575.0,0.01282,648930.13,2023-10-27,2025-02-23,True,False,B0076
OPP01491,HEAL-DebtAdvisory-1491,A0270,Healthcare,Debt Advisory,Execution,4,0.8,55252649.0,0.01206,666346.95,2023-12-22,,False,False,B0069
OPP01492,HEAL-M&A-1492,A0074,Healthcare,M&A,Mandate,3,0.55,146657267.0,0.01117,1638161.67,2024-05-19,,False,False,B0075
OPP01493,TECH-ECM-1493,A0091,Technology & Services,ECM,Prospecting,0,0.05,524638228.0,0.0167,8761458.41,2023-06-05,,False,False,B0072
OPP01494,HEAL-M&A-1494,A0007,Healthcare,M&A,Closed Won,5,1.0,83533988.0,0.01723,1439290.61,2023-10-09,2023-12-31,True,True,B0075
OPP01495,INDU-ECM-1495,A0302,Industrial,ECM,Closed Won,5,1.0,84480214.0,0.01679,1418422.79,2025-02-13,2025-12-02,True,True,B0069
OPP01496,INDU-ECM-1496,A0130,Industrial,ECM,Closed Lost,6,0.0,37029699.0,0.01368,506566.28,2023-07-28,2024-11-26,True,False,B0074
OPP01497,INDU-M&A-1497,A0179,Industrial,M&A,Closed Lost,6,0.0,41219774.0,0.00429,176832.83,2023-06-10,2023-08-04,True,False,B0075
OPP01498,TECH-Restructuring-1498,A0093,Technology & Services,Restructuring,Execution,4,0.8,25682088.0,0.00847,217527.29,2023-06-12,,False,False,B0073
OPP01499,INDU-M&A-1499,A0250,Industrial,M&A,Closed Lost,6,0.0,77460807.0,0.01246,965161.66,2024-05-30,2025-09-10,True,False,B0073
OPP01500,HEAL-Restructuring-1500,A0180,Healthcare,Restructuring,Pitch,2,0.3,21289640.0,0.0066,140511.62,2023-01-11,,False,False,B0076
OPP01501,INDU-M&A-1501,A0158,Industrial,M&A,Execution,4,0.8,269981967.0,0.01948,5259248.72,2023-04-17,,False,False,B0072
OPP01502,HEAL-M&A-1502,A0234,Healthcare,M&A,Closed Won,5,1.0,26464924.0,0.01598,422909.49,2023-02-08,2024-05-01,True,True,B0071
OPP01503,INDU-DebtAdvisory-1503,A0064,Industrial,Debt Advisory,Prospecting,0,0.05,95816939.0,0.01583,1516782.14,2025-07-02,,False,False,B0074
OPP01504,CONS-Restructuring-1504,A0036,Consumer,Restructuring,Closed Lost,6,0.0,40788326.0,0.00692,282255.22,2023-04-23,2024-06-04,True,False,B0073
OPP01505,CONS-ECM-1505,A0110,Consumer,ECM,Closed Lost,6,0.0,42789136.0,0.01593,681630.94,2023-11-12,2025-02-15,True,False,B0076
OPP01506,INDU-Restructuring-1506,A0082,Industrial,Restructuring,Execution,4,0.8,10396938.0,0.01439,149611.94,2025-01-14,,False,False,B0075
OPP01507,INDU-DebtAdvisory-1507,A0151,Industrial,Debt Advisory,Closed Won,5,1.0,93584019.0,0.01579,1477691.66,2025-03-14,2025-06-26,True,True,B0071
OPP01508,TECH-Restructuring-1508,A0079,Technology & Services,Restructuring,Qualification,1,0.15,222041125.0,0.00795,1765226.94,2024-03-13,,False,False,B0073
OPP01509,HEAL-ECM-1509,A0146,Healthcare,ECM,Closed Lost,6,0.0,27702962.0,0.0167,462639.47,2024-01-04,2025-05-15,True,False,B0071
OPP01510,INDU-DebtAdvisory-1510,A0129,Industrial,Debt Advisory,Closed Won,5,1.0,18270544.0,0.01239,226372.04,2025-08-02,2026-05-17,True,True,B0074
OPP01511,CONS-DebtAdvisory-1511,A0035,Consumer,Debt Advisory,Execution,4,0.8,37830536.0,0.01335,505037.66,2023-09-19,,False,False,B0071
OPP01512,HEAL-DebtAdvisory-1512,A0272,Healthcare,Debt Advisory,Prospecting,0,0.05,7542341.0,0.00624,47064.21,2024-06-15,,False,False,B0070
OPP01513,HEAL-DebtAdvisory-1513,A0124,Healthcare,Debt Advisory,Execution,4,0.8,59326408.0,0.0047,278834.12,2024-05-02,,False,False,B0075
OPP01514,HEAL-ECM-1514,A0248,Healthcare,ECM,Prospecting,0,0.05,22601507.0,0.01439,325235.69,2023-11-16,,False,False,B0074
OPP01515,HEAL-M&A-1515,A0115,Healthcare,M&A,Mandate,3,0.55,24043854.0,0.00878,211105.04,2024-02-16,,False,False,B0076
OPP01516,HEAL-DebtAdvisory-1516,A0072,Healthcare,Debt Advisory,Pitch,2,0.3,30908327.0,0.0066,203994.96,2025-08-25,,False,False,B0071
OPP01517,CONS-M&A-1517,A0306,Consumer,M&A,Execution,4,0.8,9849609.0,0.00584,57521.72,2024-12-31,,False,False,B0074
OPP01518,TECH-DebtAdvisory-1518,A0057,Technology & Services,Debt Advisory,Execution,4,0.8,19320633.0,0.01898,366705.61,2025-04-16,,False,False,B0070
OPP01519,INDU-M&A-1519,A0274,Industrial,M&A,Execution,4,0.8,110559987.0,0.00479,529582.34,2023-07-17,,False,False,B0071
OPP01520,INDU-Restructuring-1520,A0277,Industrial,Restructuring,Pitch,2,0.3,41917170.0,0.01227,514323.68,2025-04-09,,False,False,B0072
OPP01521,CONS-Restructuring-1521,A0239,Consumer,Restructuring,Prospecting,0,0.05,129806706.0,0.00817,1060520.79,2024-09-30,,False,False,B0072
OPP01522,CONS-DebtAdvisory-1522,A0092,Consumer,Debt Advisory,Prospecting,0,0.05,94636352.0,0.00492,465610.85,2023-05-12,,False,False,B0070
OPP01523,HEAL-M&A-1523,A0134,Healthcare,M&A,Pitch,2,0.3,18105164.0,0.00796,144117.11,2023-11-19,,False,False,B0072
OPP01524,CONS-DebtAdvisory-1524,A0304,Consumer,Debt Advisory,Pitch,2,0.3,154575767.0,0.00591,913542.78,2024-08-27,,False,False,B0070
OPP01525,HEAL-ECM-1525,A0270,Healthcare,ECM,Qualification,1,0.15,27824520.0,0.01302,362275.25,2023-07-28,,False,False,B0072
OPP01526,HEAL-ECM-1526,A0318,Healthcare,ECM,Qualification,1,0.15,26435075.0,0.00521,137726.74,2025-07-14,,False,False,B0072
OPP01527,INDU-ECM-1527,A0028,Industrial,ECM,Execution,4,0.8,13137827.0,0.01823,239502.59,2024-04-02,,False,False,B0069
OPP01528,CONS-ECM-1528,A0012,Consumer,ECM,Closed Lost,6,0.0,44642073.0,0.01566,699094.86,2024-03-31,2024-07-31,True,False,B0075
OPP01529,CONS-DebtAdvisory-1529,A0198,Consumer,Debt Advisory,Closed Won,5,1.0,52937907.0,0.01373,726837.46,2024-11-01,2025-11-19,True,True,B0075
OPP01530,HEAL-Restructuring-1530,A0041,Healthcare,Restructuring,Qualification,1,0.15,35901804.0,0.0081,290804.61,2025-01-06,,False,False,B0070
OPP01531,CONS-M&A-1531,A0216,Consumer,M&A,Mandate,3,0.55,138937340.0,0.00418,580758.08,2025-04-06,,False,False,B0069
OPP01532,CONS-Restructuring-1532,A0048,Consumer,Restructuring,Mandate,3,0.55,279524432.0,0.00664,1856042.23,2023-08-08,,False,False,B0070
OPP01533,CONS-ECM-1533,A0110,Consumer,ECM,Mandate,3,0.55,106768910.0,0.0095,1014304.65,2023-10-05,,False,False,B0072
OPP01534,CONS-ECM-1534,A0013,Consumer,ECM,Prospecting,0,0.05,22338974.0,0.0096,214454.15,2024-07-19,,False,False,B0073
OPP01535,INDU-ECM-1535,A0230,Industrial,ECM,Closed Won,5,1.0,42559300.0,0.00443,188537.7,2023-05-13,2023-07-28,True,True,B0071
OPP01536,CONS-DebtAdvisory-1536,A0094,Consumer,Debt Advisory,Mandate,3,0.55,25267425.0,0.01684,425503.44,2023-02-27,,False,False,B0072
OPP01537,TECH-DebtAdvisory-1537,A0217,Technology & Services,Debt Advisory,Closed Won,5,1.0,63325182.0,0.01984,1256371.61,2024-11-07,2025-08-22,True,True,B0071
OPP01538,CONS-M&A-1538,A0072,Consumer,M&A,Pitch,2,0.3,32874094.0,0.01005,330384.64,2023-04-22,,False,False,B0074
OPP01539,HEAL-Restructuring-1539,A0013,Healthcare,Restructuring,Qualification,1,0.15,78741311.0,0.00936,737018.67,2025-02-03,,False,False,B0075
OPP01540,TECH-DebtAdvisory-1540,A0212,Technology & Services,Debt Advisory,Prospecting,0,0.05,58995217.0,0.01559,919735.43,2024-12-29,,False,False,B0075
OPP01541,INDU-DebtAdvisory-1541,A0254,Industrial,Debt Advisory,Execution,4,0.8,20130400.0,0.01646,331346.38,2024-02-07,,False,False,B0073
OPP01542,INDU-DebtAdvisory-1542,A0253,Industrial,Debt Advisory,Pitch,2,0.3,313477522.0,0.0062,1943560.64,2025-03-15,,False,False,B0076
OPP01543,CONS-M&A-1543,A0292,Consumer,M&A,Qualification,1,0.15,33433141.0,0.00709,237040.97,2023-09-28,,False,False,B0073
OPP01544,CONS-M&A-1544,A0213,Consumer,M&A,Qualification,1,0.15,39169394.0,0.01074,420679.29,2023-06-03,,False,False,B0069
OPP01545,TECH-Restructuring-1545,A0086,Technology & Services,Restructuring,Mandate,3,0.55,53283106.0,0.00565,301049.55,2025-09-12,,False,False,B0076
OPP01546,INDU-DebtAdvisory-1546,A0049,Industrial,Debt Advisory,Closed Won,5,1.0,23106476.0,0.01117,258099.34,2023-03-24,2024-04-01,True,True,B0075
OPP01547,HEAL-Restructuring-1547,A0191,Healthcare,Restructuring,Qualification,1,0.15,64174632.0,0.01933,1240495.64,2023-10-25,,False,False,B0070
OPP01548,HEAL-ECM-1548,A0137,Healthcare,ECM,Qualification,1,0.15,8663966.0,0.01455,126060.71,2024-12-28,,False,False,B0071
OPP01549,TECH-Restructuring-1549,A0185,Technology & Services,Restructuring,Closed Lost,6,0.0,75503758.0,0.01591,1201264.79,2023-08-23,2024-12-01,True,False,B0073
OPP01550,HEAL-DebtAdvisory-1550,A0193,Healthcare,Debt Advisory,Mandate,3,0.55,47227581.0,0.01054,497778.7,2024-08-09,,False,False,B0070
OPP01551,CONS-Restructuring-1551,A0065,Consumer,Restructuring,Prospecting,0,0.05,71565085.0,0.01651,1181539.55,2023-10-09,,False,False,B0073
OPP01552,TECH-M&A-1552,A0123,Technology & Services,M&A,Closed Won,5,1.0,41721934.0,0.01717,716365.61,2023-09-21,2025-01-26,True,True,B0076
OPP01553,HEAL-DebtAdvisory-1553,A0176,Healthcare,Debt Advisory,Closed Lost,6,0.0,18714871.0,0.01781,333311.85,2024-08-15,2026-01-10,True,False,B0075
OPP01554,CONS-Restructuring-1554,A0241,Consumer,Restructuring,Closed Lost,6,0.0,32749636.0,0.01424,466354.82,2023-02-28,2023-10-11,True,False,B0074
OPP01555,TECH-Restructuring-1555,A0232,Technology & Services,Restructuring,Closed Won,5,1.0,142971355.0,0.00686,980783.5,2023-02-18,2024-03-21,True,True,B0076
OPP01556,CONS-M&A-1556,A0029,Consumer,M&A,Mandate,3,0.55,15153958.0,0.01024,155176.53,2024-07-03,,False,False,B0071
OPP01557,CONS-DebtAdvisory-1557,A0056,Consumer,Debt Advisory,Closed Won,5,1.0,113018942.0,0.00686,775309.94,2024-10-11,2026-03-03,True,True,B0072
OPP01558,CONS-ECM-1558,A0219,Consumer,ECM,Execution,4,0.8,55155474.0,0.01355,747356.67,2023-05-29,,False,False,B0075
OPP01559,CONS-DebtAdvisory-1559,A0082,Consumer,Debt Advisory,Closed Won,5,1.0,68984170.0,0.0064,441498.69,2023-06-26,2024-12-05,True,True,B0070
OPP01560,INDU-DebtAdvisory-1560,A0059,Industrial,Debt Advisory,Mandate,3,0.55,40220704.0,0.01931,776661.79,2024-08-28,,False,False,B0076
OPP01561,HEAL-ECM-1561,A0129,Healthcare,ECM,Qualification,1,0.15,49888792.0,0.01765,880537.18,2023-07-27,,False,False,B0073
OPP01562,CONS-M&A-1562,A0029,Consumer,M&A,Mandate,3,0.55,57327636.0,0.01046,599647.07,2024-02-04,,False,False,B0072
OPP01563,INDU-Restructuring-1563,A0006,Industrial,Restructuring,Closed Won,5,1.0,35447062.0,0.00436,154549.19,2024-07-04,2024-12-26,True,True,B0075
OPP01564,HEAL-Restructuring-1564,A0089,Healthcare,Restructuring,Execution,4,0.8,47338416.0,0.01555,736112.37,2025-05-30,,False,False,B0076
OPP01565,TECH-DebtAdvisory-1565,A0160,Technology & Services,Debt Advisory,Prospecting,0,0.05,78818276.0,0.00476,375174.99,2023-05-27,,False,False,B0071
OPP01566,INDU-Restructuring-1566,A0226,Industrial,Restructuring,Prospecting,0,0.05,82331981.0,0.0153,1259679.31,2025-02-16,,False,False,B0075
OPP01567,CONS-M&A-1567,A0039,Consumer,M&A,Pitch,2,0.3,26539250.0,0.00884,234606.97,2024-06-08,,False,False,B0076
OPP01568,HEAL-Restructuring-1568,A0224,Healthcare,Restructuring,Qualification,1,0.15,38074821.0,0.01654,629757.54,2023-06-26,,False,False,B0071
OPP01569,HEAL-Restructuring-1569,A0131,Healthcare,Restructuring,Qualification,1,0.15,129899913.0,0.01109,1440590.04,2025-07-01,,False,False,B0074
OPP01570,CONS-Restructuring-1570,A0251,Consumer,Restructuring,Mandate,3,0.55,129882442.0,0.01049,1362466.82,2024-01-05,,False,False,B0072
OPP01571,TECH-ECM-1571,A0071,Technology & Services,ECM,Mandate,3,0.55,27232584.0,0.01596,434632.04,2025-08-02,,False,False,B0072
OPP01572,HEAL-DebtAdvisory-1572,A0198,Healthcare,Debt Advisory,Prospecting,0,0.05,22615158.0,0.01104,249671.34,2025-01-18,,False,False,B0072
OPP01573,HEAL-DebtAdvisory-1573,A0268,Healthcare,Debt Advisory,Closed Lost,6,0.0,11424896.0,0.01377,157320.82,2025-04-06,2025-11-15,True,False,B0071
OPP01574,CONS-M&A-1574,A0276,Consumer,M&A,Closed Lost,6,0.0,143213132.0,0.00749,1072666.36,2024-09-20,2025-12-06,True,False,B0069
OPP01575,INDU-ECM-1575,A0085,Industrial,ECM,Closed Lost,6,0.0,104009394.0,0.0051,530447.91,2024-10-25,2025-02-02,True,False,B0075
OPP01576,TECH-Restructuring-1576,A0018,Technology & Services,Restructuring,Execution,4,0.8,168211661.0,0.01118,1880606.37,2025-08-02,,False,False,B0072
OPP01577,CONS-M&A-1577,A0218,Consumer,M&A,Mandate,3,0.55,11140123.0,0.01952,217455.2,2023-10-24,,False,False,B0072
OPP01578,INDU-ECM-1578,A0209,Industrial,ECM,Execution,4,0.8,42842239.0,0.0139,595507.12,2025-02-10,,False,False,B0072
OPP01579,CONS-Restructuring-1579,A0179,Consumer,Restructuring,Closed Won,5,1.0,95765994.0,0.00668,639716.84,2024-01-12,2024-10-13,True,True,B0076
OPP01580,INDU-ECM-1580,A0171,Industrial,ECM,Closed Lost,6,0.0,157709217.0,0.01024,1614942.38,2023-11-17,2025-01-12,True,False,B0076
OPP01581,TECH-Restructuring-1581,A0062,Technology & Services,Restructuring,Qualification,1,0.15,56303347.0,0.00451,253928.09,2023-02-27,,False,False,B0076
OPP01582,INDU-DebtAdvisory-1582,A0171,Industrial,Debt Advisory,Execution,4,0.8,104384469.0,0.01422,1484347.15,2025-02-18,,False,False,B0076
OPP01583,TECH-ECM-1583,A0090,Technology & Services,ECM,Closed Won,5,1.0,15613494.0,0.00451,70416.86,2024-08-20,2025-06-02,True,True,B0069
OPP01584,HEAL-M&A-1584,A0013,Healthcare,M&A,Qualification,1,0.15,50752589.0,0.00985,499913.0,2025-06-02,,False,False,B0072
OPP01585,TECH-Restructuring-1585,A0233,Technology & Services,Restructuring,Closed Won,5,1.0,12905505.0,0.01428,184290.61,2023-10-22,2024-07-14,True,True,B0075
OPP01586,CONS-M&A-1586,A0010,Consumer,M&A,Mandate,3,0.55,51109726.0,0.01529,781467.71,2024-05-10,,False,False,B0075
OPP01587,CONS-Restructuring-1587,A0272,Consumer,Restructuring,Execution,4,0.8,32142655.0,0.01118,359354.88,2024-07-02,,False,False,B0074
OPP01588,CONS-Restructuring-1588,A0312,Consumer,Restructuring,Qualification,1,0.15,196801172.0,0.01441,2835904.89,2023-08-06,,False,False,B0069
OPP01589,HEAL-DebtAdvisory-1589,A0098,Healthcare,Debt Advisory,Closed Won,5,1.0,239764696.0,0.01854,4445237.46,2024-12-13,2025-10-03,True,True,B0072
OPP01590,HEAL-Restructuring-1590,A0298,Healthcare,Restructuring,Mandate,3,0.55,40646013.0,0.01723,700330.8,2024-12-24,,False,False,B0069
OPP01591,INDU-M&A-1591,A0294,Industrial,M&A,Pitch,2,0.3,34299373.0,0.0182,624248.59,2024-06-04,,False,False,B0071
OPP01592,HEAL-M&A-1592,A0180,Healthcare,M&A,Closed Lost,6,0.0,8850224.0,0.00471,41684.56,2023-10-17,2024-05-01,True,False,B0076
OPP01593,CONS-M&A-1593,A0002,Consumer,M&A,Pitch,2,0.3,159590533.0,0.00892,1423547.55,2023-05-21,,False,False,B0069
OPP01594,HEAL-ECM-1594,A0318,Healthcare,ECM,Pitch,2,0.3,70648941.0,0.00543,383623.75,2024-03-28,,False,False,B0072
OPP01595,INDU-M&A-1595,A0268,Industrial,M&A,Closed Won,5,1.0,118746796.0,0.01418,1683829.57,2025-07-09,2025-12-26,True,True,B0070
OPP01596,TECH-M&A-1596,A0275,Technology & Services,M&A,Closed Won,5,1.0,66762634.0,0.01165,777784.69,2023-02-04,2024-06-17,True,True,B0070
OPP01597,TECH-ECM-1597,A0229,Technology & Services,ECM,Execution,4,0.8,15665053.0,0.01354,212104.82,2023-07-16,,False,False,B0074
OPP01598,CONS-ECM-1598,A0103,Consumer,ECM,Qualification,1,0.15,31214053.0,0.01483,462904.41,2023-03-12,,False,False,B0070
OPP01599,INDU-DebtAdvisory-1599,A0221,Industrial,Debt Advisory,Closed Won,5,1.0,27541062.0,0.00937,258059.75,2023-05-08,2024-01-13,True,True,B0075
OPP01600,HEAL-DebtAdvisory-1600,A0005,Healthcare,Debt Advisory,Prospecting,0,0.05,72189289.0,0.00439,316910.98,2023-12-28,,False,False,B0069
OPP01601,INDU-ECM-1601,A0012,Industrial,ECM,Closed Won,5,1.0,21452970.0,0.01459,312998.83,2023-01-29,2023-11-23,True,True,B0073
OPP01602,HEAL-M&A-1602,A0072,Healthcare,M&A,Qualification,1,0.15,68610415.0,0.01139,781472.63,2023-03-26,,False,False,B0069
OPP01603,HEAL-M&A-1603,A0101,Healthcare,M&A,Closed Lost,6,0.0,37488215.0,0.01169,438237.23,2024-07-11,2025-02-18,True,False,B0071
OPP01604,INDU-DebtAdvisory-1604,A0065,Industrial,Debt Advisory,Closed Won,5,1.0,98055093.0,0.01698,1664975.48,2025-01-01,2025-07-23,True,True,B0076
OPP01605,HEAL-DebtAdvisory-1605,A0021,Healthcare,Debt Advisory,Pitch,2,0.3,11139122.0,0.01159,129102.42,2025-09-12,,False,False,B0072
OPP01606,HEAL-Restructuring-1606,A0182,Healthcare,Restructuring,Prospecting,0,0.05,7302867.0,0.01762,128676.52,2023-05-23,,False,False,B0073
OPP01607,INDU-M&A-1607,A0112,Industrial,M&A,Closed Won,5,1.0,69903249.0,0.01934,1351928.84,2025-08-19,2027-02-01,True,True,B0074
OPP01608,HEAL-ECM-1608,A0014,Healthcare,ECM,Qualification,1,0.15,36256014.0,0.0055,199408.08,2024-09-03,,False,False,B0074
OPP01609,CONS-ECM-1609,A0009,Consumer,ECM,Execution,4,0.8,15376487.0,0.01194,183595.25,2023-02-05,,False,False,B0075
OPP01610,INDU-Restructuring-1610,A0225,Industrial,Restructuring,Prospecting,0,0.05,23647514.0,0.0191,451667.52,2023-11-13,,False,False,B0070
OPP01611,CONS-DebtAdvisory-1611,A0230,Consumer,Debt Advisory,Prospecting,0,0.05,113674822.0,0.01122,1275431.5,2025-09-14,,False,False,B0069
OPP01612,HEAL-M&A-1612,A0062,Healthcare,M&A,Pitch,2,0.3,4550226.0,0.01235,56195.29,2023-04-24,,False,False,B0076
OPP01613,INDU-ECM-1613,A0067,Industrial,ECM,Closed Lost,6,0.0,5926005.0,0.00768,45511.72,2025-01-15,2025-10-07,True,False,B0072
OPP01614,CONS-ECM-1614,A0069,Consumer,ECM,Closed Won,5,1.0,13052692.0,0.01186,154804.93,2023-01-10,2024-01-21,True,True,B0072
OPP01615,TECH-DebtAdvisory-1615,A0053,Technology & Services,Debt Advisory,Prospecting,0,0.05,112020266.0,0.00674,755016.59,2025-06-26,,False,False,B0072
OPP01616,INDU-ECM-1616,A0037,Industrial,ECM,Qualification,1,0.15,40850678.0,0.01996,815379.53,2023-01-26,,False,False,B0072
OPP01617,CONS-ECM-1617,A0197,Consumer,ECM,Closed Won,5,1.0,60826655.0,0.0056,340629.27,2023-12-04,2024-01-21,True,True,B0072
OPP01618,INDU-Restructuring-1618,A0124,Industrial,Restructuring,Closed Won,5,1.0,16090256.0,0.01373,220919.21,2023-05-09,2024-10-22,True,True,B0075
OPP01619,HEAL-DebtAdvisory-1619,A0094,Healthcare,Debt Advisory,Mandate,3,0.55,66658352.0,0.00814,542598.99,2023-04-29,,False,False,B0074
OPP01620,HEAL-M&A-1620,A0237,Healthcare,M&A,Mandate,3,0.55,139752813.0,0.0087,1215849.47,2023-05-28,,False,False,B0072
OPP01621,HEAL-M&A-1621,A0249,Healthcare,M&A,Closed Lost,6,0.0,3816854.0,0.00447,17061.34,2025-01-16,2025-09-30,True,False,B0075
OPP01622,TECH-DebtAdvisory-1622,A0079,Technology & Services,Debt Advisory,Pitch,2,0.3,10409292.0,0.01913,199129.76,2023-09-13,,False,False,B0075
OPP01623,HEAL-DebtAdvisory-1623,A0286,Healthcare,Debt Advisory,Prospecting,0,0.05,48191998.0,0.0159,766252.77,2023-05-16,,False,False,B0076
OPP01624,TECH-Restructuring-1624,A0024,Technology & Services,Restructuring,Closed Won,5,1.0,4500538.0,0.00925,41629.98,2024-12-25,2025-04-16,True,True,B0071
OPP01625,CONS-DebtAdvisory-1625,A0265,Consumer,Debt Advisory,Prospecting,0,0.05,167092953.0,0.0164,2740324.43,2025-09-07,,False,False,B0075
OPP01626,TECH-ECM-1626,A0246,Technology & Services,ECM,Prospecting,0,0.05,26260139.0,0.01355,355824.88,2024-01-27,,False,False,B0076
OPP01627,TECH-M&A-1627,A0116,Technology & Services,M&A,Qualification,1,0.15,16782435.0,0.0166,278588.42,2023-12-11,,False,False,B0074
OPP01628,TECH-M&A-1628,A0061,Technology & Services,M&A,Mandate,3,0.55,46033592.0,0.00998,459415.25,2023-10-24,,False,False,B0073
OPP01629,HEAL-ECM-1629,A0200,Healthcare,ECM,Pitch,2,0.3,12075965.0,0.00787,95037.84,2024-02-03,,False,False,B0069
OPP01630,HEAL-DebtAdvisory-1630,A0265,Healthcare,Debt Advisory,Closed Won,5,1.0,15584401.0,0.01263,196830.98,2024-12-06,2025-06-17,True,True,B0070
OPP01631,TECH-ECM-1631,A0234,Technology & Services,ECM,Pitch,2,0.3,969542486.0,0.00581,5633041.84,2024-01-28,,False,False,B0074
OPP01632,CONS-Restructuring-1632,A0229,Consumer,Restructuring,Prospecting,0,0.05,67039651.0,0.01765,1183249.84,2023-06-23,,False,False,B0072
OPP01633,TECH-ECM-1633,A0033,Technology & Services,ECM,Prospecting,0,0.05,39527692.0,0.01874,740748.95,2025-05-23,,False,False,B0073
OPP01634,INDU-DebtAdvisory-1634,A0274,Industrial,Debt Advisory,Prospecting,0,0.05,24188857.0,0.00902,218183.49,2024-11-02,,False,False,B0076
OPP01635,TECH-DebtAdvisory-1635,A0153,Technology & Services,Debt Advisory,Closed Lost,6,0.0,92325125.0,0.01181,1090359.73,2025-08-08,2026-04-22,True,False,B0070
OPP01636,CONS-DebtAdvisory-1636,A0300,Consumer,Debt Advisory,Mandate,3,0.55,29883857.0,0.00527,157487.93,2025-05-23,,False,False,B0072
OPP01637,CONS-Restructuring-1637,A0245,Consumer,Restructuring,Closed Won,5,1.0,34487093.0,0.01028,354527.32,2023-03-27,2023-06-07,True,True,B0069
OPP01638,INDU-Restructuring-1638,A0031,Industrial,Restructuring,Execution,4,0.8,25889908.0,0.00989,256051.19,2024-05-25,,False,False,B0069
OPP01639,CONS-Restructuring-1639,A0180,Consumer,Restructuring,Prospecting,0,0.05,115936860.0,0.0175,2028895.05,2024-07-24,,False,False,B0076
OPP01640,INDU-ECM-1640,A0073,Industrial,ECM,Execution,4,0.8,29438263.0,0.00806,237272.4,2025-01-31,,False,False,B0076
OPP01641,INDU-Restructuring-1641,A0284,Industrial,Restructuring,Closed Lost,6,0.0,20898875.0,0.01643,343368.52,2023-06-22,2024-02-21,True,False,B0070
OPP01642,CONS-M&A-1642,A0312,Consumer,M&A,Qualification,1,0.15,39593838.0,0.01485,587968.49,2025-01-11,,False,False,B0072
OPP01643,INDU-DebtAdvisory-1643,A0020,Industrial,Debt Advisory,Mandate,3,0.55,20060104.0,0.01362,273218.62,2025-08-17,,False,False,B0069
OPP01644,INDU-ECM-1644,A0052,Industrial,ECM,Pitch,2,0.3,21012083.0,0.01451,304885.32,2023-02-18,,False,False,B0075
OPP01645,HEAL-ECM-1645,A0186,Healthcare,ECM,Mandate,3,0.55,63613169.0,0.00486,309160.0,2023-01-03,,False,False,B0075
OPP01646,CONS-DebtAdvisory-1646,A0001,Consumer,Debt Advisory,Qualification,1,0.15,47833805.0,0.01323,632841.24,2025-04-17,,False,False,B0072
OPP01647,HEAL-Restructuring-1647,A0008,Healthcare,Restructuring,Execution,4,0.8,31099563.0,0.01211,376615.71,2025-01-05,,False,False,B0074
OPP01648,HEAL-DebtAdvisory-1648,A0021,Healthcare,Debt Advisory,Execution,4,0.8,104816135.0,0.01973,2068022.34,2024-12-28,,False,False,B0074
OPP01649,INDU-DebtAdvisory-1649,A0090,Industrial,Debt Advisory,Prospecting,0,0.05,18827955.0,0.01409,265285.89,2025-01-10,,False,False,B0073
OPP01650,INDU-M&A-1650,A0300,Industrial,M&A,Qualification,1,0.15,16611627.0,0.01707,283560.47,2025-02-03,,False,False,B0075
OPP01651,CONS-Restructuring-1651,A0173,Consumer,Restructuring,Closed Lost,6,0.0,25091987.0,0.0195,489293.75,2025-09-06,2025-11-17,True,False,B0073
OPP01652,TECH-M&A-1652,A0273,Technology & Services,M&A,Closed Lost,6,0.0,196243491.0,0.00675,1324643.56,2023-01-24,2023-05-23,True,False,B0072
OPP01653,HEAL-ECM-1653,A0297,Healthcare,ECM,Mandate,3,0.55,16983683.0,0.01223,207710.44,2024-04-14,,False,False,B0075
OPP01654,TECH-ECM-1654,A0133,Technology & Services,ECM,Qualification,1,0.15,54314260.0,0.01407,764201.64,2025-03-29,,False,False,B0075
OPP01655,HEAL-DebtAdvisory-1655,A0238,Healthcare,Debt Advisory,Qualification,1,0.15,29259397.0,0.01304,381542.54,2023-06-24,,False,False,B0075
OPP01656,TECH-M&A-1656,A0138,Technology & Services,M&A,Execution,4,0.8,73346239.0,0.0146,1070855.09,2025-02-24,,False,False,B0073
OPP01657,INDU-ECM-1657,A0124,Industrial,ECM,Closed Won,5,1.0,13646914.0,0.00603,82290.89,2023-11-01,2024-10-07,True,True,B0074
OPP01658,TECH-DebtAdvisory-1658,A0115,Technology & Services,Debt Advisory,Pitch,2,0.3,308930946.0,0.01939,5990171.04,2024-12-02,,False,False,B0072
OPP01659,TECH-Restructuring-1659,A0139,Technology & Services,Restructuring,Pitch,2,0.3,18543625.0,0.01244,230682.7,2024-07-16,,False,False,B0076
OPP01660,CONS-M&A-1660,A0182,Consumer,M&A,Prospecting,0,0.05,123477615.0,0.01367,1687939.0,2023-12-08,,False,False,B0076
OPP01661,TECH-DebtAdvisory-1661,A0087,Technology & Services,Debt Advisory,Pitch,2,0.3,95744233.0,0.01734,1660205.0,2023-05-20,,False,False,B0072
OPP01662,INDU-M&A-1662,A0146,Industrial,M&A,Execution,4,0.8,50366908.0,0.01289,649229.44,2024-10-10,,False,False,B0076
OPP01663,HEAL-DebtAdvisory-1663,A0058,Healthcare,Debt Advisory,Mandate,3,0.55,19227673.0,0.01301,250152.03,2025-01-25,,False,False,B0076
OPP01664,INDU-DebtAdvisory-1664,A0228,Industrial,Debt Advisory,Qualification,1,0.15,30154978.0,0.01268,382365.12,2024-05-02,,False,False,B0074
OPP01665,INDU-ECM-1665,A0195,Industrial,ECM,Pitch,2,0.3,67147810.0,0.00801,537853.96,2023-09-06,,False,False,B0075
OPP01666,HEAL-DebtAdvisory-1666,A0045,Healthcare,Debt Advisory,Mandate,3,0.55,22529536.0,0.00686,154552.62,2023-03-09,,False,False,B0075
OPP01667,INDU-ECM-1667,A0009,Industrial,ECM,Closed Won,5,1.0,35702102.0,0.00652,232777.71,2025-09-01,2026-03-25,True,True,B0072
OPP01668,TECH-M&A-1668,A0190,Technology & Services,M&A,Qualification,1,0.15,26461643.0,0.0129,341355.19,2023-08-25,,False,False,B0070
OPP01669,INDU-DebtAdvisory-1669,A0007,Industrial,Debt Advisory,Prospecting,0,0.05,91051591.0,0.00984,895947.66,2023-06-07,,False,False,B0071
OPP01670,TECH-DebtAdvisory-1670,A0103,Technology & Services,Debt Advisory,Closed Won,5,1.0,12357445.0,0.01946,240475.88,2024-07-02,2025-06-22,True,True,B0073
OPP01671,HEAL-Restructuring-1671,A0313,Healthcare,Restructuring,Execution,4,0.8,15854865.0,0.00803,127314.57,2025-09-27,,False,False,B0074
OPP01672,CONS-DebtAdvisory-1672,A0049,Consumer,Debt Advisory,Closed Lost,6,0.0,33078583.0,0.01915,633454.86,2025-02-03,2026-06-09,True,False,B0076
OPP01673,HEAL-DebtAdvisory-1673,A0052,Healthcare,Debt Advisory,Prospecting,0,0.05,14044141.0,0.00573,80472.93,2023-05-30,,False,False,B0075
OPP01674,TECH-ECM-1674,A0070,Technology & Services,ECM,Execution,4,0.8,50817165.0,0.0141,716522.03,2023-08-02,,False,False,B0070
OPP01675,TECH-DebtAdvisory-1675,A0183,Technology & Services,Debt Advisory,Execution,4,0.8,52685047.0,0.01557,820306.18,2024-04-01,,False,False,B0069
OPP01676,CONS-M&A-1676,A0150,Consumer,M&A,Pitch,2,0.3,43884314.0,0.01692,742522.59,2024-08-15,,False,False,B0070
OPP01677,INDU-Restructuring-1677,A0273,Industrial,Restructuring,Closed Lost,6,0.0,62256712.0,0.0062,385991.61,2024-02-12,2024-09-12,True,False,B0076
OPP01678,TECH-DebtAdvisory-1678,A0164,Technology & Services,Debt Advisory,Prospecting,0,0.05,30360900.0,0.01318,400156.66,2025-03-29,,False,False,B0069
OPP01679,INDU-M&A-1679,A0084,Industrial,M&A,Closed Won,5,1.0,85209534.0,0.01422,1211679.57,2023-03-25,2023-06-18,True,True,B0072
OPP01680,TECH-ECM-1680,A0114,Technology & Services,ECM,Closed Lost,6,0.0,90207984.0,0.00777,700916.04,2024-05-09,2025-08-07,True,False,B0070
OPP01681,INDU-M&A-1681,A0306,Industrial,M&A,Closed Lost,6,0.0,83123581.0,0.01238,1029069.93,2023-03-31,2024-07-18,True,False,B0069
OPP01682,INDU-M&A-1682,A0164,Industrial,M&A,Execution,4,0.8,21104516.0,0.0124,261696.0,2023-10-04,,False,False,B0070
OPP01683,TECH-Restructuring-1683,A0202,Technology & Services,Restructuring,Prospecting,0,0.05,19951452.0,0.00634,126492.21,2023-06-16,,False,False,B0069
OPP01684,CONS-DebtAdvisory-1684,A0200,Consumer,Debt Advisory,Execution,4,0.8,36356938.0,0.01479,537719.11,2023-12-31,,False,False,B0074
OPP01685,CONS-M&A-1685,A0201,Consumer,M&A,Prospecting,0,0.05,34265208.0,0.01291,442363.84,2024-03-31,,False,False,B0072
OPP01686,CONS-DebtAdvisory-1686,A0008,Consumer,Debt Advisory,Prospecting,0,0.05,50187391.0,0.00593,297611.23,2025-03-22,,False,False,B0074
OPP01687,HEAL-ECM-1687,A0051,Healthcare,ECM,Closed Won,5,1.0,27922645.0,0.00632,176471.12,2025-01-15,2025-03-12,True,True,B0074
OPP01688,HEAL-M&A-1688,A0229,Healthcare,M&A,Prospecting,0,0.05,10428586.0,0.00759,79152.97,2023-08-20,,False,False,B0073
OPP01689,TECH-Restructuring-1689,A0105,Technology & Services,Restructuring,Closed Won,5,1.0,37112629.0,0.01637,607533.74,2025-03-21,2025-04-26,True,True,B0076
OPP01690,CONS-Restructuring-1690,A0303,Consumer,Restructuring,Prospecting,0,0.05,23935482.0,0.0142,339883.84,2024-12-26,,False,False,B0072
OPP01691,CONS-ECM-1691,A0111,Consumer,ECM,Qualification,1,0.15,71549243.0,0.01266,905813.42,2025-03-22,,False,False,B0070
OPP01692,INDU-Restructuring-1692,A0183,Industrial,Restructuring,Execution,4,0.8,55812261.0,0.00692,386220.85,2023-07-16,,False,False,B0076
OPP01693,HEAL-DebtAdvisory-1693,A0315,Healthcare,Debt Advisory,Mandate,3,0.55,11015939.0,0.01909,210294.28,2024-08-09,,False,False,B0070
OPP01694,INDU-Restructuring-1694,A0045,Industrial,Restructuring,Qualification,1,0.15,18510856.0,0.011,203619.42,2024-09-26,,False,False,B0069
OPP01695,INDU-M&A-1695,A0232,Industrial,M&A,Execution,4,0.8,27205331.0,0.01572,427667.8,2025-07-11,,False,False,B0072
OPP01696,TECH-Restructuring-1696,A0225,Technology & Services,Restructuring,Closed Won,5,1.0,172592179.0,0.00977,1686225.59,2025-01-14,2025-04-29,True,True,B0071
OPP01697,TECH-ECM-1697,A0310,Technology & Services,ECM,Closed Won,5,1.0,276015545.0,0.00915,2525542.24,2024-10-24,2025-12-10,True,True,B0071
OPP01698,INDU-ECM-1698,A0254,Industrial,ECM,Mandate,3,0.55,114355659.0,0.01377,1574677.42,2023-01-26,,False,False,B0071
OPP01699,TECH-DebtAdvisory-1699,A0287,Technology & Services,Debt Advisory,Prospecting,0,0.05,86362451.0,0.01782,1538978.88,2025-05-30,,False,False,B0075
OPP01700,HEAL-DebtAdvisory-1700,A0016,Healthcare,Debt Advisory,Mandate,3,0.55,15494714.0,0.01132,175400.16,2024-03-05,,False,False,B0075
OPP01701,TECH-Restructuring-1701,A0216,Technology & Services,Restructuring,Qualification,1,0.15,15213118.0,0.01712,260448.58,2024-05-20,,False,False,B0069
OPP01702,HEAL-ECM-1702,A0127,Healthcare,ECM,Closed Lost,6,0.0,107559527.0,0.01615,1737086.36,2023-02-19,2023-12-21,True,False,B0073
OPP01703,HEAL-ECM-1703,A0305,Healthcare,ECM,Prospecting,0,0.05,13928269.0,0.01945,270904.83,2025-04-15,,False,False,B0076
OPP01704,HEAL-Restructuring-1704,A0178,Healthcare,Restructuring,Closed Won,5,1.0,20941405.0,0.01885,394745.48,2024-07-02,2024-12-21,True,True,B0073
OPP01705,CONS-ECM-1705,A0190,Consumer,ECM,Prospecting,0,0.05,143025330.0,0.01046,1496044.95,2023-06-13,,False,False,B0069
OPP01706,HEAL-DebtAdvisory-1706,A0193,Healthcare,Debt Advisory,Prospecting,0,0.05,190897739.0,0.00864,1649356.46,2024-07-28,,False,False,B0070
OPP01707,TECH-M&A-1707,A0019,Technology & Services,M&A,Closed Won,5,1.0,230199998.0,0.00644,1482487.99,2024-12-27,2026-04-11,True,True,B0072
OPP01708,CONS-M&A-1708,A0272,Consumer,M&A,Closed Won,5,1.0,17288228.0,0.01012,174956.87,2024-11-06,2025-01-04,True,True,B0072
OPP01709,CONS-ECM-1709,A0071,Consumer,ECM,Prospecting,0,0.05,31030421.0,0.00584,181217.66,2023-11-12,,False,False,B0070
OPP01710,TECH-M&A-1710,A0189,Technology & Services,M&A,Qualification,1,0.15,42356394.0,0.01608,681090.82,2023-10-08,,False,False,B0076
OPP01711,INDU-Restructuring-1711,A0261,Industrial,Restructuring,Execution,4,0.8,61415691.0,0.01775,1090128.52,2024-08-02,,False,False,B0072
OPP01712,TECH-DebtAdvisory-1712,A0195,Technology & Services,Debt Advisory,Mandate,3,0.55,48571583.0,0.00538,261315.12,2023-01-03,,False,False,B0075
OPP01713,CONS-M&A-1713,A0099,Consumer,M&A,Closed Won,5,1.0,16943193.0,0.00994,168415.34,2025-04-28,2026-10-13,True,True,B0073
OPP01714,TECH-Restructuring-1714,A0081,Technology & Services,Restructuring,Qualification,1,0.15,101958551.0,0.01904,1941290.81,2023-10-03,,False,False,B0074
OPP01715,HEAL-M&A-1715,A0057,Healthcare,M&A,Closed Lost,6,0.0,16994487.0,0.01344,228405.91,2024-01-13,2024-08-30,True,False,B0074
OPP01716,CONS-ECM-1716,A0147,Consumer,ECM,Execution,4,0.8,77901801.0,0.01217,948064.92,2023-07-01,,False,False,B0072
OPP01717,CONS-DebtAdvisory-1717,A0258,Consumer,Debt Advisory,Execution,4,0.8,66775365.0,0.01464,977591.34,2025-01-16,,False,False,B0076
OPP01718,TECH-ECM-1718,A0123,Technology & Services,ECM,Prospecting,0,0.05,27957505.0,0.01827,510783.62,2025-04-19,,False,False,B0071
OPP01719,TECH-M&A-1719,A0141,Technology & Services,M&A,Execution,4,0.8,7153968.0,0.00522,37343.71,2024-09-25,,False,False,B0074
OPP01720,CONS-DebtAdvisory-1720,A0300,Consumer,Debt Advisory,Prospecting,0,0.05,365611740.0,0.00867,3169853.79,2025-06-02,,False,False,B0072
OPP01721,CONS-DebtAdvisory-1721,A0209,Consumer,Debt Advisory,Qualification,1,0.15,26634601.0,0.00536,142761.46,2025-08-19,,False,False,B0075
OPP01722,HEAL-DebtAdvisory-1722,A0175,Healthcare,Debt Advisory,Closed Won,5,1.0,75465039.0,0.00572,431660.02,2025-01-15,2025-08-19,True,True,B0072
OPP01723,CONS-M&A-1723,A0242,Consumer,M&A,Execution,4,0.8,74753980.0,0.0069,515802.46,2024-10-20,,False,False,B0073
OPP01724,HEAL-DebtAdvisory-1724,A0166,Healthcare,Debt Advisory,Qualification,1,0.15,37351183.0,0.00743,277519.29,2023-04-29,,False,False,B0073
OPP01725,HEAL-ECM-1725,A0076,Healthcare,ECM,Closed Lost,6,0.0,14800536.0,0.00456,67490.44,2023-08-06,2024-07-16,True,False,B0075
OPP01726,CONS-DebtAdvisory-1726,A0302,Consumer,Debt Advisory,Execution,4,0.8,35384511.0,0.00859,303952.95,2023-07-12,,False,False,B0069
OPP01727,CONS-ECM-1727,A0195,Consumer,ECM,Prospecting,0,0.05,31601704.0,0.0157,496146.75,2024-06-25,,False,False,B0071
OPP01728,CONS-M&A-1728,A0105,Consumer,M&A,Execution,4,0.8,11361413.0,0.01105,125543.61,2025-05-19,,False,False,B0075
OPP01729,TECH-ECM-1729,A0202,Technology & Services,ECM,Pitch,2,0.3,69604411.0,0.01947,1355197.88,2024-11-07,,False,False,B0071
OPP01730,CONS-M&A-1730,A0238,Consumer,M&A,Prospecting,0,0.05,30505498.0,0.01815,553674.79,2023-01-28,,False,False,B0075
OPP01731,TECH-Restructuring-1731,A0144,Technology & Services,Restructuring,Mandate,3,0.55,42367086.0,0.00474,200819.99,2024-11-28,,False,False,B0075
OPP01732,TECH-ECM-1732,A0062,Technology & Services,ECM,Mandate,3,0.55,48515595.0,0.01671,810695.59,2024-05-12,,False,False,B0070
OPP01733,INDU-DebtAdvisory-1733,A0134,Industrial,Debt Advisory,Closed Won,5,1.0,37779461.0,0.00673,254255.77,2023-01-26,2024-05-03,True,True,B0072
OPP01734,CONS-Restructuring-1734,A0319,Consumer,Restructuring,Closed Lost,6,0.0,253512886.0,0.00695,1761914.56,2024-04-10,2025-03-09,True,False,B0074
OPP01735,INDU-M&A-1735,A0268,Industrial,M&A,Mandate,3,0.55,53242048.0,0.01006,535615.0,2025-09-11,,False,False,B0069
OPP01736,CONS-Restructuring-1736,A0152,Consumer,Restructuring,Execution,4,0.8,3794872.0,0.00653,24780.51,2023-09-13,,False,False,B0069
OPP01737,INDU-M&A-1737,A0197,Industrial,M&A,Execution,4,0.8,51240582.0,0.01201,615399.39,2023-09-04,,False,False,B0069
OPP01738,CONS-DebtAdvisory-1738,A0301,Consumer,Debt Advisory,Prospecting,0,0.05,27681746.0,0.00493,136471.01,2024-05-16,,False,False,B0072
OPP01739,INDU-M&A-1739,A0297,Industrial,M&A,Closed Won,5,1.0,26600833.0,0.0047,125023.92,2023-11-28,2024-03-21,True,True,B0075
OPP01740,HEAL-DebtAdvisory-1740,A0065,Healthcare,Debt Advisory,Qualification,1,0.15,13812490.0,0.01725,238265.45,2024-12-16,,False,False,B0074
OPP01741,TECH-DebtAdvisory-1741,A0306,Technology & Services,Debt Advisory,Pitch,2,0.3,189010159.0,0.00596,1126500.55,2023-06-26,,False,False,B0074
OPP01742,HEAL-ECM-1742,A0278,Healthcare,ECM,Qualification,1,0.15,5384548.0,0.01638,88198.9,2024-08-23,,False,False,B0075
OPP01743,CONS-M&A-1743,A0215,Consumer,M&A,Mandate,3,0.55,42481589.0,0.00417,177148.23,2025-07-05,,False,False,B0076
OPP01744,HEAL-DebtAdvisory-1744,A0106,Healthcare,Debt Advisory,Closed Won,5,1.0,21919595.0,0.01509,330766.69,2024-06-25,2025-06-24,True,True,B0076
OPP01745,CONS-M&A-1745,A0229,Consumer,M&A,Qualification,1,0.15,43847700.0,0.01359,595890.24,2024-08-19,,False,False,B0069
OPP01746,INDU-M&A-1746,A0103,Industrial,M&A,Closed Won,5,1.0,12844812.0,0.00572,73472.32,2024-07-02,2025-04-16,True,True,B0073
OPP01747,INDU-Restructuring-1747,A0126,Industrial,Restructuring,Qualification,1,0.15,123294471.0,0.00889,1096087.85,2025-06-10,,False,False,B0073
OPP01748,HEAL-ECM-1748,A0286,Healthcare,ECM,Prospecting,0,0.05,128082720.0,0.01255,1607438.14,2025-02-26,,False,False,B0073
OPP01749,INDU-DebtAdvisory-1749,A0224,Industrial,Debt Advisory,Prospecting,0,0.05,25921527.0,0.01463,379231.94,2023-02-11,,False,False,B0069
OPP01750,CONS-Restructuring-1750,A0025,Consumer,Restructuring,Mandate,3,0.55,27296407.0,0.01199,327283.92,2025-01-21,,False,False,B0069
OPP01751,CONS-M&A-1751,A0232,Consumer,M&A,Qualification,1,0.15,55680355.0,0.00836,465487.77,2025-05-28,,False,False,B0075
OPP01752,HEAL-DebtAdvisory-1752,A0129,Healthcare,Debt Advisory,Closed Lost,6,0.0,93901179.0,0.01317,1236678.53,2025-03-16,2025-08-09,True,False,B0071
OPP01753,CONS-M&A-1753,A0311,Consumer,M&A,Closed Won,5,1.0,40521236.0,0.01278,517861.4,2024-10-14,2025-03-15,True,True,B0069
OPP01754,INDU-Restructuring-1754,A0062,Industrial,Restructuring,Closed Won,5,1.0,91266414.0,0.01163,1061428.39,2025-04-09,2026-01-12,True,True,B0074
OPP01755,CONS-M&A-1755,A0108,Consumer,M&A,Pitch,2,0.3,360281547.0,0.01121,4038756.14,2023-05-02,,False,False,B0073
OPP01756,CONS-M&A-1756,A0211,Consumer,M&A,Prospecting,0,0.05,39021641.0,0.00998,389435.98,2025-09-04,,False,False,B0073
OPP01757,TECH-M&A-1757,A0232,Technology & Services,M&A,Mandate,3,0.55,225274315.0,0.01975,4449167.72,2025-05-19,,False,False,B0073
OPP01758,HEAL-DebtAdvisory-1758,A0021,Healthcare,Debt Advisory,Prospecting,0,0.05,99089553.0,0.01745,1729112.7,2024-10-05,,False,False,B0069
OPP01759,TECH-M&A-1759,A0004,Technology & Services,M&A,Qualification,1,0.15,172718785.0,0.01357,2343793.91,2024-11-20,,False,False,B0076
OPP01760,INDU-Restructuring-1760,A0261,Industrial,Restructuring,Closed Won,5,1.0,210245865.0,0.00936,1967901.3,2025-08-17,2026-06-02,True,True,B0072
OPP01761,HEAL-ECM-1761,A0308,Healthcare,ECM,Pitch,2,0.3,36928635.0,0.0097,358207.76,2023-12-14,,False,False,B0072
OPP01762,CONS-ECM-1762,A0120,Consumer,ECM,Qualification,1,0.15,63827428.0,0.01553,991239.96,2023-06-13,,False,False,B0070
OPP01763,INDU-DebtAdvisory-1763,A0117,Industrial,Debt Advisory,Prospecting,0,0.05,70360905.0,0.00651,458049.49,2023-07-23,,False,False,B0072
OPP01764,CONS-Restructuring-1764,A0103,Consumer,Restructuring,Qualification,1,0.15,8478659.0,0.01215,103015.71,2024-07-03,,False,False,B0069
OPP01765,CONS-M&A-1765,A0034,Consumer,M&A,Closed Lost,6,0.0,50857822.0,0.01668,848308.47,2023-06-12,2024-10-16,True,False,B0072
OPP01766,HEAL-DebtAdvisory-1766,A0021,Healthcare,Debt Advisory,Qualification,1,0.15,65516731.0,0.00899,588995.41,2024-12-27,,False,False,B0076
OPP01767,INDU-M&A-1767,A0297,Industrial,M&A,Prospecting,0,0.05,74166925.0,0.01807,1340196.33,2023-06-20,,False,False,B0070
OPP01768,INDU-DebtAdvisory-1768,A0233,Industrial,Debt Advisory,Closed Won,5,1.0,62343635.0,0.01999,1246249.26,2024-07-31,2025-11-22,True,True,B0073
OPP01769,TECH-ECM-1769,A0308,Technology & Services,ECM,Execution,4,0.8,31165585.0,0.01258,392063.06,2025-06-16,,False,False,B0069
OPP01770,CONS-ECM-1770,A0211,Consumer,ECM,Execution,4,0.8,11395844.0,0.01154,131508.04,2023-12-28,,False,False,B0074
OPP01771,INDU-ECM-1771,A0226,Industrial,ECM,Closed Lost,6,0.0,43543902.0,0.00437,190286.85,2024-03-05,2024-04-22,True,False,B0071
OPP01772,INDU-Restructuring-1772,A0056,Industrial,Restructuring,Closed Won,5,1.0,47680553.0,0.01021,486818.45,2024-02-18,2024-11-02,True,True,B0075
OPP01773,INDU-ECM-1773,A0155,Industrial,ECM,Closed Lost,6,0.0,31046378.0,0.00513,159267.92,2025-08-30,2025-11-15,True,False,B0071
OPP01774,INDU-DebtAdvisory-1774,A0096,Industrial,Debt Advisory,Pitch,2,0.3,29880416.0,0.00753,224999.53,2025-07-14,,False,False,B0069
OPP01775,INDU-DebtAdvisory-1775,A0221,Industrial,Debt Advisory,Closed Lost,6,0.0,35635865.0,0.00671,239116.65,2024-03-10,2024-09-14,True,False,B0074
OPP01776,CONS-DebtAdvisory-1776,A0230,Consumer,Debt Advisory,Qualification,1,0.15,143924002.0,0.01225,1763069.02,2023-01-11,,False,False,B0076
OPP01777,CONS-DebtAdvisory-1777,A0210,Consumer,Debt Advisory,Closed Lost,6,0.0,26492320.0,0.01515,401358.65,2023-05-14,2023-08-18,True,False,B0076
OPP01778,TECH-DebtAdvisory-1778,A0056,Technology & Services,Debt Advisory,Mandate,3,0.55,66368982.0,0.00565,374984.75,2023-06-13,,False,False,B0070
OPP01779,INDU-DebtAdvisory-1779,A0307,Industrial,Debt Advisory,Closed Won,5,1.0,69935173.0,0.01953,1365833.93,2023-11-01,2024-11-01,True,True,B0070
OPP01780,HEAL-M&A-1780,A0261,Healthcare,M&A,Closed Lost,6,0.0,14902099.0,0.01691,251994.49,2025-02-03,2026-04-02,True,False,B0074
OPP01781,CONS-ECM-1781,A0304,Consumer,ECM,Pitch,2,0.3,8767041.0,0.00975,85478.65,2023-06-23,,False,False,B0071
OPP01782,HEAL-ECM-1782,A0001,Healthcare,ECM,Pitch,2,0.3,280482533.0,0.00417,1169612.16,2023-10-26,,False,False,B0072
OPP01783,INDU-Restructuring-1783,A0145,Industrial,Restructuring,Mandate,3,0.55,26291355.0,0.00518,136189.22,2023-10-17,,False,False,B0073
OPP01784,CONS-ECM-1784,A0094,Consumer,ECM,Prospecting,0,0.05,56787571.0,0.00883,501434.25,2023-04-02,,False,False,B0069
OPP01785,CONS-Restructuring-1785,A0123,Consumer,Restructuring,Prospecting,0,0.05,42407357.0,0.00571,242146.01,2023-10-12,,False,False,B0072
OPP01786,HEAL-DebtAdvisory-1786,A0141,Healthcare,Debt Advisory,Mandate,3,0.55,115937003.0,0.01577,1828326.54,2025-04-25,,False,False,B0074
OPP01787,INDU-ECM-1787,A0003,Industrial,ECM,Prospecting,0,0.05,133530361.0,0.00914,1220467.5,2025-06-16,,False,False,B0076
OPP01788,CONS-DebtAdvisory-1788,A0003,Consumer,Debt Advisory,Closed Lost,6,0.0,65592684.0,0.01067,699873.94,2024-06-03,2025-07-28,True,False,B0074
OPP01789,INDU-M&A-1789,A0015,Industrial,M&A,Closed Lost,6,0.0,230205085.0,0.00962,2214572.92,2024-04-22,2024-10-18,True,False,B0069
OPP01790,HEAL-ECM-1790,A0102,Healthcare,ECM,Closed Won,5,1.0,87095764.0,0.00634,552187.14,2024-05-03,2024-12-31,True,True,B0069
OPP01791,INDU-ECM-1791,A0268,Industrial,ECM,Mandate,3,0.55,11028020.0,0.01926,212399.67,2024-01-12,,False,False,B0076
OPP01792,HEAL-Restructuring-1792,A0267,Healthcare,Restructuring,Closed Lost,6,0.0,42239138.0,0.00909,383953.76,2023-05-31,2023-09-12,True,False,B0076
OPP01793,TECH-M&A-1793,A0220,Technology & Services,M&A,Qualification,1,0.15,13365193.0,0.01572,210100.83,2025-01-06,,False,False,B0072
OPP01794,HEAL-DebtAdvisory-1794,A0196,Healthcare,Debt Advisory,Closed Won,5,1.0,126064987.0,0.00479,603851.29,2024-10-23,2025-05-01,True,True,B0071
OPP01795,CONS-DebtAdvisory-1795,A0172,Consumer,Debt Advisory,Mandate,3,0.55,110395064.0,0.00789,871017.05,2023-03-31,,False,False,B0070
OPP01796,CONS-Restructuring-1796,A0098,Consumer,Restructuring,Prospecting,0,0.05,9001434.0,0.00401,36095.75,2024-09-11,,False,False,B0071
OPP01797,TECH-ECM-1797,A0250,Technology & Services,ECM,Execution,4,0.8,40687654.0,0.01695,689655.74,2023-04-11,,False,False,B0074
OPP01798,TECH-Restructuring-1798,A0157,Technology & Services,Restructuring,Pitch,2,0.3,136768472.0,0.01309,1790299.3,2024-05-23,,False,False,B0069
OPP01799,INDU-ECM-1799,A0158,Industrial,ECM,Qualification,1,0.15,22249231.0,0.00415,92334.31,2023-07-26,,False,False,B0072
OPP01800,TECH-M&A-1800,A0226,Technology & Services,M&A,Mandate,3,0.55,132278795.0,0.0151,1997409.8,2023-06-30,,False,False,B0073
OPP01801,CONS-ECM-1801,A0197,Consumer,ECM,Execution,4,0.8,90003884.0,0.01548,1393260.12,2023-03-02,,False,False,B0074
OPP01802,TECH-DebtAdvisory-1802,A0140,Technology & Services,Debt Advisory,Closed Won,5,1.0,27352544.0,0.00518,141686.18,2024-03-24,2025-04-27,True,True,B0069
OPP01803,CONS-ECM-1803,A0245,Consumer,ECM,Mandate,3,0.55,121117267.0,0.0084,1017385.04,2025-06-20,,False,False,B0076
OPP01804,TECH-DebtAdvisory-1804,A0057,Technology & Services,Debt Advisory,Closed Won,5,1.0,11698328.0,0.01042,121896.58,2023-09-08,2023-11-13,True,True,B0076
OPP01805,HEAL-ECM-1805,A0181,Healthcare,ECM,Qualification,1,0.15,10656376.0,0.00902,96120.51,2023-01-05,,False,False,B0075
OPP01806,TECH-M&A-1806,A0013,Technology & Services,M&A,Pitch,2,0.3,86071274.0,0.01664,1432226.0,2025-03-20,,False,False,B0069
OPP01807,TECH-DebtAdvisory-1807,A0032,Technology & Services,Debt Advisory,Pitch,2,0.3,15411719.0,0.0089,137164.3,2025-06-30,,False,False,B0076
OPP01808,CONS-ECM-1808,A0293,Consumer,ECM,Pitch,2,0.3,135395300.0,0.01946,2634792.54,2025-02-17,,False,False,B0069
OPP01809,CONS-M&A-1809,A0075,Consumer,M&A,Qualification,1,0.15,70032394.0,0.01157,810274.8,2023-09-02,,False,False,B0071
OPP01810,INDU-Restructuring-1810,A0223,Industrial,Restructuring,Qualification,1,0.15,10247237.0,0.01366,139977.26,2024-12-19,,False,False,B0071
OPP01811,HEAL-ECM-1811,A0138,Healthcare,ECM,Prospecting,0,0.05,135894501.0,0.01151,1564145.71,2023-07-08,,False,False,B0069
OPP01812,TECH-Restructuring-1812,A0271,Technology & Services,Restructuring,Execution,4,0.8,113562086.0,0.01929,2190612.64,2023-08-22,,False,False,B0073
OPP01813,CONS-ECM-1813,A0286,Consumer,ECM,Closed Lost,6,0.0,15207343.0,0.00601,91396.13,2023-07-06,2023-11-09,True,False,B0070
OPP01814,HEAL-M&A-1814,A0112,Healthcare,M&A,Closed Won,5,1.0,21239323.0,0.01465,311156.08,2025-01-25,2026-05-10,True,True,B0072
OPP01815,INDU-Restructuring-1815,A0066,Industrial,Restructuring,Execution,4,0.8,6018307.0,0.00792,47664.99,2024-03-01,,False,False,B0073
OPP01816,HEAL-DebtAdvisory-1816,A0279,Healthcare,Debt Advisory,Mandate,3,0.55,18090357.0,0.01213,219436.03,2023-12-23,,False,False,B0072
OPP01817,CONS-M&A-1817,A0200,Consumer,M&A,Prospecting,0,0.05,60791856.0,0.01182,718559.74,2024-12-05,,False,False,B0073
OPP01818,INDU-Restructuring-1818,A0128,Industrial,Restructuring,Closed Won,5,1.0,62678978.0,0.01214,760922.79,2023-03-22,2024-06-26,True,True,B0076
OPP01819,CONS-ECM-1819,A0112,Consumer,ECM,Closed Won,5,1.0,26477826.0,0.01329,351890.31,2025-02-04,2025-11-29,True,True,B0070
OPP01820,INDU-M&A-1820,A0062,Industrial,M&A,Qualification,1,0.15,13939203.0,0.01822,253972.28,2024-01-26,,False,False,B0075
OPP01821,HEAL-M&A-1821,A0209,Healthcare,M&A,Mandate,3,0.55,47248054.0,0.00702,331681.34,2025-04-26,,False,False,B0076
OPP01822,INDU-DebtAdvisory-1822,A0152,Industrial,Debt Advisory,Closed Lost,6,0.0,17475833.0,0.01635,285729.87,2023-02-09,2023-08-16,True,False,B0076
OPP01823,TECH-M&A-1823,A0010,Technology & Services,M&A,Closed Lost,6,0.0,13044452.0,0.01272,165925.43,2023-02-14,2023-10-01,True,False,B0073
OPP01824,INDU-ECM-1824,A0276,Industrial,ECM,Closed Won,5,1.0,22945151.0,0.01296,297369.16,2024-03-25,2024-09-05,True,True,B0074
OPP01825,CONS-ECM-1825,A0156,Consumer,ECM,Execution,4,0.8,63999212.0,0.01479,946548.35,2025-01-27,,False,False,B0076
OPP01826,INDU-ECM-1826,A0170,Industrial,ECM,Mandate,3,0.55,21387939.0,0.01487,318038.65,2025-04-04,,False,False,B0069
OPP01827,TECH-M&A-1827,A0205,Technology & Services,M&A,Closed Won,5,1.0,133518987.0,0.0198,2643675.94,2023-12-31,2024-09-07,True,True,B0070
OPP01828,TECH-M&A-1828,A0079,Technology & Services,M&A,Prospecting,0,0.05,8367021.0,0.01641,137302.81,2023-02-25,,False,False,B0074
OPP01829,INDU-ECM-1829,A0159,Industrial,ECM,Mandate,3,0.55,55025518.0,0.01491,820430.47,2023-09-14,,False,False,B0073
OPP01830,TECH-M&A-1830,A0274,Technology & Services,M&A,Closed Won,5,1.0,25736239.0,0.01417,364682.51,2024-02-25,2025-04-19,True,True,B0073
OPP01831,INDU-M&A-1831,A0219,Industrial,M&A,Qualification,1,0.15,110228504.0,0.01322,1457220.82,2024-06-11,,False,False,B0072
OPP01832,INDU-DebtAdvisory-1832,A0195,Industrial,Debt Advisory,Pitch,2,0.3,138242048.0,0.01034,1429422.78,2024-10-09,,False,False,B0076
OPP01833,INDU-Restructuring-1833,A0006,Industrial,Restructuring,Closed Lost,6,0.0,41951707.0,0.01336,560474.81,2025-07-29,2025-11-13,True,False,B0070
OPP01834,CONS-M&A-1834,A0242,Consumer,M&A,Closed Won,5,1.0,28793438.0,0.00827,238121.73,2024-05-10,2025-05-17,True,True,B0073
OPP01835,TECH-M&A-1835,A0166,Technology & Services,M&A,Prospecting,0,0.05,29434327.0,0.01945,572497.66,2024-11-13,,False,False,B0076
OPP01836,HEAL-DebtAdvisory-1836,A0212,Healthcare,Debt Advisory,Prospecting,0,0.05,28860674.0,0.00674,194520.94,2023-03-26,,False,False,B0070
OPP01837,CONS-ECM-1837,A0198,Consumer,ECM,Qualification,1,0.15,59350225.0,0.00578,343044.3,2025-09-01,,False,False,B0073
OPP01838,TECH-ECM-1838,A0201,Technology & Services,ECM,Execution,4,0.8,41005639.0,0.01402,574899.06,2024-03-02,,False,False,B0071
OPP01839,CONS-ECM-1839,A0319,Consumer,ECM,Qualification,1,0.15,7171742.0,0.01861,133466.12,2024-06-12,,False,False,B0073
OPP01840,TECH-Restructuring-1840,A0098,Technology & Services,Restructuring,Qualification,1,0.15,41898826.0,0.01983,830853.72,2024-02-27,,False,False,B0073
OPP01841,TECH-DebtAdvisory-1841,A0272,Technology & Services,Debt Advisory,Prospecting,0,0.05,215575238.0,0.00475,1023982.38,2024-11-28,,False,False,B0076
OPP01842,HEAL-DebtAdvisory-1842,A0253,Healthcare,Debt Advisory,Closed Lost,6,0.0,14572464.0,0.00995,144996.02,2024-04-21,2024-11-02,True,False,B0073
OPP01843,TECH-Restructuring-1843,A0299,Technology & Services,Restructuring,Qualification,1,0.15,28541366.0,0.01401,399864.54,2024-06-12,,False,False,B0076
OPP01844,INDU-DebtAdvisory-1844,A0226,Industrial,Debt Advisory,Prospecting,0,0.05,44310476.0,0.01779,788283.37,2024-07-01,,False,False,B0069
OPP01845,HEAL-Restructuring-1845,A0118,Healthcare,Restructuring,Mandate,3,0.55,45091434.0,0.00777,350360.44,2023-07-20,,False,False,B0073
OPP01846,CONS-Restructuring-1846,A0144,Consumer,Restructuring,Closed Won,5,1.0,91510806.0,0.01174,1074336.86,2023-10-03,2024-05-22,True,True,B0072
OPP01847,INDU-M&A-1847,A0271,Industrial,M&A,Closed Lost,6,0.0,70908544.0,0.01673,1186299.94,2023-06-30,2024-12-07,True,False,B0074
OPP01848,TECH-ECM-1848,A0042,Technology & Services,ECM,Execution,4,0.8,125920647.0,0.0199,2505820.88,2023-05-15,,False,False,B0070
OPP01849,INDU-Restructuring-1849,A0260,Industrial,Restructuring,Mandate,3,0.55,80566259.0,0.01102,887840.17,2023-09-12,,False,False,B0076
OPP01850,TECH-Restructuring-1850,A0223,Technology & Services,Restructuring,Pitch,2,0.3,62003367.0,0.01634,1013135.02,2023-08-22,,False,False,B0070
OPP01851,HEAL-DebtAdvisory-1851,A0166,Healthcare,Debt Advisory,Qualification,1,0.15,12483370.0,0.0164,204727.27,2023-02-23,,False,False,B0075
OPP01852,HEAL-DebtAdvisory-1852,A0006,Healthcare,Debt Advisory,Prospecting,0,0.05,70957980.0,0.01279,907552.56,2023-12-23,,False,False,B0072
OPP01853,TECH-M&A-1853,A0224,Technology & Services,M&A,Pitch,2,0.3,29811546.0,0.00675,201227.94,2023-06-13,,False,False,B0069
OPP01854,HEAL-DebtAdvisory-1854,A0305,Healthcare,Debt Advisory,Execution,4,0.8,22638279.0,0.01599,361986.08,2024-03-30,,False,False,B0070
OPP01855,CONS-DebtAdvisory-1855,A0139,Consumer,Debt Advisory,Closed Lost,6,0.0,25910367.0,0.01444,374145.7,2024-04-26,2024-11-08,True,False,B0069
OPP01856,CONS-DebtAdvisory-1856,A0128,Consumer,Debt Advisory,Execution,4,0.8,68668292.0,0.00951,653035.46,2024-05-25,,False,False,B0074
OPP01857,CONS-M&A-1857,A0221,Consumer,M&A,Pitch,2,0.3,34782166.0,0.0123,427820.64,2023-06-20,,False,False,B0072
OPP01858,TECH-DebtAdvisory-1858,A0217,Technology & Services,Debt Advisory,Mandate,3,0.55,21302948.0,0.01637,348729.26,2025-07-15,,False,False,B0070
OPP01859,TECH-Restructuring-1859,A0127,Technology & Services,Restructuring,Execution,4,0.8,31893850.0,0.01252,399311.0,2023-03-03,,False,False,B0074
OPP01860,TECH-M&A-1860,A0011,Technology & Services,M&A,Closed Lost,6,0.0,38062528.0,0.01871,712149.9,2023-08-04,2023-10-20,True,False,B0070
OPP01861,HEAL-DebtAdvisory-1861,A0270,Healthcare,Debt Advisory,Closed Won,5,1.0,135845287.0,0.0123,1670897.03,2023-03-16,2023-06-27,True,True,B0070
OPP01862,TECH-DebtAdvisory-1862,A0232,Technology & Services,Debt Advisory,Execution,4,0.8,32169546.0,0.00679,218431.22,2023-07-13,,False,False,B0075
OPP01863,TECH-ECM-1863,A0126,Technology & Services,ECM,Closed Lost,6,0.0,31891761.0,0.01077,343474.27,2024-04-08,2025-02-22,True,False,B0072
OPP01864,INDU-Restructuring-1864,A0248,Industrial,Restructuring,Execution,4,0.8,93539960.0,0.00818,765156.87,2024-02-19,,False,False,B0074
OPP01865,CONS-M&A-1865,A0056,Consumer,M&A,Pitch,2,0.3,40862938.0,0.01151,470332.42,2025-02-16,,False,False,B0072
OPP01866,HEAL-DebtAdvisory-1866,A0312,Healthcare,Debt Advisory,Execution,4,0.8,37406770.0,0.01318,493021.23,2023-05-11,,False,False,B0073
OPP01867,CONS-M&A-1867,A0022,Consumer,M&A,Execution,4,0.8,50075036.0,0.01684,843263.61,2025-03-19,,False,False,B0072
OPP01868,TECH-M&A-1868,A0023,Technology & Services,M&A,Mandate,3,0.55,35975703.0,0.0157,564818.54,2023-03-17,,False,False,B0072
OPP01869,TECH-ECM-1869,A0139,Technology & Services,ECM,Closed Won,5,1.0,189624645.0,0.00997,1890557.71,2025-05-25,2026-08-22,True,True,B0076
OPP01870,TECH-Restructuring-1870,A0066,Technology & Services,Restructuring,Closed Won,5,1.0,200041804.0,0.01808,3616755.82,2025-08-08,2026-07-06,True,True,B0069
OPP01871,CONS-DebtAdvisory-1871,A0152,Consumer,Debt Advisory,Pitch,2,0.3,63102634.0,0.01484,936443.09,2024-08-08,,False,False,B0076
OPP01872,CONS-Restructuring-1872,A0142,Consumer,Restructuring,Mandate,3,0.55,56349355.0,0.01325,746628.95,2024-12-01,,False,False,B0076
OPP01873,HEAL-M&A-1873,A0198,Healthcare,M&A,Qualification,1,0.15,26615428.0,0.01768,470560.77,2024-11-14,,False,False,B0073
OPP01874,INDU-M&A-1874,A0317,Industrial,M&A,Qualification,1,0.15,47215258.0,0.01418,669512.36,2025-02-26,,False,False,B0072
OPP01875,CONS-DebtAdvisory-1875,A0176,Consumer,Debt Advisory,Closed Lost,6,0.0,23427592.0,0.01517,355396.57,2025-08-27,2026-11-30,True,False,B0073
OPP01876,TECH-Restructuring-1876,A0204,Technology & Services,Restructuring,Closed Lost,6,0.0,89978899.0,0.01197,1077047.42,2025-02-26,2026-01-05,True,False,B0073
OPP01877,TECH-ECM-1877,A0071,Technology & Services,ECM,Qualification,1,0.15,30517838.0,0.01111,339053.18,2023-09-24,,False,False,B0075
OPP01878,INDU-M&A-1878,A0086,Industrial,M&A,Pitch,2,0.3,27177486.0,0.01615,438916.4,2025-05-16,,False,False,B0074
OPP01879,HEAL-M&A-1879,A0070,Healthcare,M&A,Prospecting,0,0.05,9991451.0,0.01988,198630.05,2024-04-24,,False,False,B0075
OPP01880,HEAL-M&A-1880,A0095,Healthcare,M&A,Execution,4,0.8,24838358.0,0.00688,170887.9,2024-06-20,,False,False,B0074
OPP01881,CONS-Restructuring-1881,A0094,Consumer,Restructuring,Closed Won,5,1.0,48772572.0,0.01918,935457.93,2023-07-16,2024-11-05,True,True,B0070
OPP01882,INDU-M&A-1882,A0032,Industrial,M&A,Closed Won,5,1.0,24060940.0,0.01198,288250.06,2024-05-01,2025-04-04,True,True,B0072
OPP01883,TECH-DebtAdvisory-1883,A0224,Technology & Services,Debt Advisory,Closed Won,5,1.0,29063725.0,0.01725,501349.26,2025-03-26,2026-08-25,True,True,B0074
OPP01884,TECH-DebtAdvisory-1884,A0280,Technology & Services,Debt Advisory,Closed Lost,6,0.0,52785464.0,0.00511,269733.72,2024-04-26,2025-06-04,True,False,B0074
OPP01885,CONS-M&A-1885,A0127,Consumer,M&A,Prospecting,0,0.05,83893585.0,0.01368,1147664.24,2025-02-16,,False,False,B0076
OPP01886,CONS-Restructuring-1886,A0232,Consumer,Restructuring,Closed Won,5,1.0,35430659.0,0.01471,521184.99,2025-02-22,2025-10-17,True,True,B0070
OPP01887,CONS-DebtAdvisory-1887,A0063,Consumer,Debt Advisory,Closed Lost,6,0.0,66524622.0,0.01484,987225.39,2025-02-01,2025-12-08,True,False,B0075
OPP01888,TECH-ECM-1888,A0057,Technology & Services,ECM,Mandate,3,0.55,82467863.0,0.00873,719944.44,2025-03-29,,False,False,B0069
OPP01889,INDU-DebtAdvisory-1889,A0135,Industrial,Debt Advisory,Prospecting,0,0.05,70354561.0,0.00678,477003.92,2025-02-06,,False,False,B0071
OPP01890,INDU-M&A-1890,A0316,Industrial,M&A,Qualification,1,0.15,196287791.0,0.01552,3046386.52,2024-03-17,,False,False,B0069
OPP01891,INDU-ECM-1891,A0167,Industrial,ECM,Closed Lost,6,0.0,21660069.0,0.01535,332482.06,2025-02-17,2025-11-19,True,False,B0076
OPP01892,TECH-DebtAdvisory-1892,A0010,Technology & Services,Debt Advisory,Mandate,3,0.55,153071585.0,0.01025,1568983.75,2023-09-17,,False,False,B0074
OPP01893,INDU-ECM-1893,A0271,Industrial,ECM,Closed Lost,6,0.0,74682469.0,0.0171,1277070.22,2025-07-14,2026-09-19,True,False,B0075
OPP01894,TECH-DebtAdvisory-1894,A0268,Technology & Services,Debt Advisory,Mandate,3,0.55,69128591.0,0.00655,452792.27,2023-11-16,,False,False,B0069
OPP01895,HEAL-M&A-1895,A0165,Healthcare,M&A,Execution,4,0.8,84483874.0,0.01432,1209809.08,2023-09-24,,False,False,B0072
OPP01896,INDU-Restructuring-1896,A0298,Industrial,Restructuring,Mandate,3,0.55,68681978.0,0.00696,478026.57,2024-10-30,,False,False,B0076
OPP01897,INDU-ECM-1897,A0204,Industrial,ECM,Closed Won,5,1.0,57554089.0,0.00799,459857.17,2023-08-04,2023-09-25,True,True,B0073
OPP01898,HEAL-DebtAdvisory-1898,A0011,Healthcare,Debt Advisory,Closed Won,5,1.0,16857392.0,0.01077,181554.11,2025-03-12,2025-08-02,True,True,B0075
OPP01899,INDU-DebtAdvisory-1899,A0127,Industrial,Debt Advisory,Pitch,2,0.3,48170938.0,0.01162,559746.3,2023-05-31,,False,False,B0074
OPP01900,CONS-ECM-1900,A0200,Consumer,ECM,Mandate,3,0.55,49690088.0,0.008,397520.7,2025-02-21,,False,False,B0076
OPP01901,TECH-DebtAdvisory-1901,A0044,Technology & Services,Debt Advisory,Closed Won,5,1.0,30623182.0,0.00681,208543.87,2025-05-19,2025-07-22,True,True,B0069
OPP01902,TECH-ECM-1902,A0119,Technology & Services,ECM,Mandate,3,0.55,70027236.0,0.00635,444672.95,2025-03-28,,False,False,B0073
OPP01903,TECH-M&A-1903,A0301,Technology & Services,M&A,Qualification,1,0.15,13732876.0,0.00563,77316.09,2023-09-30,,False,False,B0075
OPP01904,CONS-M&A-1904,A0008,Consumer,M&A,Prospecting,0,0.05,56402024.0,0.01335,752967.02,2024-08-18,,False,False,B0071
OPP01905,HEAL-ECM-1905,A0300,Healthcare,ECM,Qualification,1,0.15,52059260.0,0.01336,695511.71,2024-09-24,,False,False,B0074
OPP01906,HEAL-M&A-1906,A0005,Healthcare,M&A,Prospecting,0,0.05,91610224.0,0.01591,1457518.66,2024-12-04,,False,False,B0074
OPP01907,CONS-ECM-1907,A0307,Consumer,ECM,Pitch,2,0.3,80510162.0,0.00693,557935.42,2025-09-05,,False,False,B0073
OPP01908,HEAL-DebtAdvisory-1908,A0298,Healthcare,Debt Advisory,Execution,4,0.8,11601715.0,0.01242,144093.3,2023-10-11,,False,False,B0073
OPP01909,TECH-ECM-1909,A0196,Technology & Services,ECM,Closed Won,5,1.0,74240088.0,0.01495,1109889.32,2024-04-06,2024-05-27,True,True,B0071
OPP01910,CONS-M&A-1910,A0228,Consumer,M&A,Pitch,2,0.3,20611013.0,0.01559,321325.69,2023-04-19,,False,False,B0071
OPP01911,TECH-ECM-1911,A0195,Technology & Services,ECM,Qualification,1,0.15,68697531.0,0.00743,510422.66,2024-09-28,,False,False,B0076
OPP01912,INDU-DebtAdvisory-1912,A0256,Industrial,Debt Advisory,Prospecting,0,0.05,38340857.0,0.01124,430951.23,2025-02-05,,False,False,B0070
OPP01913,HEAL-M&A-1913,A0287,Healthcare,M&A,Closed Won,5,1.0,31733152.0,0.01409,447120.11,2024-08-30,2025-06-20,True,True,B0069
OPP01914,INDU-Restructuring-1914,A0268,Industrial,Restructuring,Mandate,3,0.55,64555200.0,0.0162,1045794.24,2024-11-06,,False,False,B0071
OPP01915,HEAL-M&A-1915,A0086,Healthcare,M&A,Mandate,3,0.55,69393749.0,0.00483,335171.81,2024-12-15,,False,False,B0070
OPP01916,INDU-Restructuring-1916,A0161,Industrial,Restructuring,Mandate,3,0.55,57161546.0,0.01709,976890.82,2025-09-01,,False,False,B0071
OPP01917,INDU-Restructuring-1917,A0075,Industrial,Restructuring,Mandate,3,0.55,191587553.0,0.00937,1795175.37,2023-02-21,,False,False,B0069
OPP01918,TECH-Restructuring-1918,A0246,Technology & Services,Restructuring,Closed Won,5,1.0,113647007.0,0.01832,2082013.17,2023-04-17,2024-08-07,True,True,B0076
OPP01919,CONS-M&A-1919,A0121,Consumer,M&A,Closed Won,5,1.0,22572129.0,0.00867,195700.36,2024-06-06,2024-09-16,True,True,B0069
OPP01920,CONS-DebtAdvisory-1920,A0114,Consumer,Debt Advisory,Mandate,3,0.55,55028773.0,0.01939,1067007.91,2025-05-21,,False,False,B0071
OPP01921,HEAL-Restructuring-1921,A0034,Healthcare,Restructuring,Prospecting,0,0.05,58641825.0,0.009,527776.42,2025-08-06,,False,False,B0074
OPP01922,HEAL-ECM-1922,A0195,Healthcare,ECM,Qualification,1,0.15,93009038.0,0.01484,1380254.12,2024-04-23,,False,False,B0069
OPP01923,TECH-Restructuring-1923,A0305,Technology & Services,Restructuring,Closed Lost,6,0.0,249573881.0,0.01451,3621317.01,2023-09-22,2024-10-18,True,False,B0074
OPP01924,TECH-Restructuring-1924,A0033,Technology & Services,Restructuring,Closed Lost,6,0.0,4872319.0,0.01684,82049.85,2025-03-30,2025-12-02,True,False,B0069
OPP01925,CONS-DebtAdvisory-1925,A0230,Consumer,Debt Advisory,Execution,4,0.8,118879567.0,0.00873,1037818.62,2023-05-17,,False,False,B0073
OPP01926,CONS-ECM-1926,A0287,Consumer,ECM,Closed Lost,6,0.0,7498250.0,0.00813,60960.77,2024-07-12,2025-01-06,True,False,B0074
OPP01927,TECH-DebtAdvisory-1927,A0314,Technology & Services,Debt Advisory,Mandate,3,0.55,31471595.0,0.00598,188200.14,2024-12-26,,False,False,B0075
OPP01928,INDU-DebtAdvisory-1928,A0295,Industrial,Debt Advisory,Pitch,2,0.3,27082933.0,0.01887,511054.95,2023-06-15,,False,False,B0076
OPP01929,HEAL-DebtAdvisory-1929,A0308,Healthcare,Debt Advisory,Closed Lost,6,0.0,135627544.0,0.0171,2319231.0,2024-03-31,2024-09-23,True,False,B0072
OPP01930,HEAL-ECM-1930,A0167,Healthcare,ECM,Pitch,2,0.3,107649420.0,0.00982,1057117.3,2023-07-31,,False,False,B0075
OPP01931,CONS-Restructuring-1931,A0117,Consumer,Restructuring,Closed Lost,6,0.0,18563711.0,0.01187,220351.25,2023-04-06,2024-08-31,True,False,B0076
OPP01932,HEAL-M&A-1932,A0309,Healthcare,M&A,Qualification,1,0.15,23979718.0,0.01258,301664.85,2025-06-24,,False,False,B0074
OPP01933,CONS-DebtAdvisory-1933,A0193,Consumer,Debt Advisory,Closed Lost,6,0.0,59941079.0,0.01282,768444.63,2024-05-29,2025-08-22,True,False,B0071
OPP01934,TECH-Restructuring-1934,A0227,Technology & Services,Restructuring,Pitch,2,0.3,19091100.0,0.00847,161701.62,2025-07-02,,False,False,B0072
OPP01935,TECH-M&A-1935,A0186,Technology & Services,M&A,Mandate,3,0.55,21206417.0,0.00835,177073.58,2025-06-27,,False,False,B0071
OPP01936,CONS-DebtAdvisory-1936,A0071,Consumer,Debt Advisory,Closed Won,5,1.0,6658005.0,0.01998,133026.94,2023-05-21,2024-09-18,True,True,B0071
OPP01937,HEAL-ECM-1937,A0171,Healthcare,ECM,Execution,4,0.8,221758957.0,0.01297,2876213.67,2025-06-16,,False,False,B0070
OPP01938,HEAL-Restructuring-1938,A0052,Healthcare,Restructuring,Closed Won,5,1.0,35928851.0,0.01269,455937.12,2024-07-20,2025-02-13,True,True,B0076
OPP01939,CONS-Restructuring-1939,A0282,Consumer,Restructuring,Prospecting,0,0.05,16445604.0,0.01587,260991.74,2024-12-22,,False,False,B0071
OPP01940,CONS-ECM-1940,A0197,Consumer,ECM,Execution,4,0.8,8170100.0,0.01814,148205.61,2025-03-19,,False,False,B0073
OPP01941,INDU-Restructuring-1941,A0093,Industrial,Restructuring,Execution,4,0.8,117279053.0,0.01314,1541046.76,2025-02-22,,False,False,B0074
OPP01942,INDU-Restructuring-1942,A0132,Industrial,Restructuring,Prospecting,0,0.05,60915041.0,0.01089,663364.8,2024-02-09,,False,False,B0076
OPP01943,INDU-Restructuring-1943,A0308,Industrial,Restructuring,Closed Won,5,1.0,80352009.0,0.00433,347924.2,2024-07-08,2024-12-08,True,True,B0075
OPP01944,HEAL-ECM-1944,A0274,Healthcare,ECM,Closed Lost,6,0.0,51011482.0,0.01992,1016148.72,2023-08-20,2024-03-29,True,False,B0073
OPP01945,CONS-Restructuring-1945,A0129,Consumer,Restructuring,Closed Lost,6,0.0,14845767.0,0.01285,190768.11,2024-02-01,2024-11-21,True,False,B0075
OPP01946,HEAL-Restructuring-1946,A0237,Healthcare,Restructuring,Pitch,2,0.3,30699043.0,0.01378,423032.81,2023-02-07,,False,False,B0073
OPP01947,TECH-Restructuring-1947,A0215,Technology & Services,Restructuring,Pitch,2,0.3,9390169.0,0.00806,75684.76,2025-06-06,,False,False,B0070
OPP01948,CONS-ECM-1948,A0051,Consumer,ECM,Closed Won,5,1.0,19086270.0,0.01583,302135.65,2024-01-15,2024-09-14,True,True,B0070
OPP01949,CONS-ECM-1949,A0038,Consumer,ECM,Closed Lost,6,0.0,26511672.0,0.01323,350749.42,2024-04-27,2024-07-07,True,False,B0070
OPP01950,INDU-ECM-1950,A0111,Industrial,ECM,Qualification,1,0.15,50604023.0,0.01091,552089.89,2023-02-22,,False,False,B0071
OPP01951,HEAL-DebtAdvisory-1951,A0038,Healthcare,Debt Advisory,Closed Lost,6,0.0,17044171.0,0.00923,157317.7,2024-01-23,2024-09-14,True,False,B0073
OPP01952,TECH-ECM-1952,A0218,Technology & Services,ECM,Prospecting,0,0.05,54608867.0,0.00765,417757.83,2023-11-13,,False,False,B0075
OPP01953,CONS-DebtAdvisory-1953,A0062,Consumer,Debt Advisory,Execution,4,0.8,114175302.0,0.00898,1025294.21,2024-12-04,,False,False,B0076
OPP01954,TECH-M&A-1954,A0215,Technology & Services,M&A,Execution,4,0.8,16524604.0,0.01343,221925.43,2025-01-02,,False,False,B0073
OPP01955,TECH-M&A-1955,A0120,Technology & Services,M&A,Execution,4,0.8,79419055.0,0.01706,1354889.08,2025-08-19,,False,False,B0071
OPP01956,CONS-DebtAdvisory-1956,A0176,Consumer,Debt Advisory,Prospecting,0,0.05,35635175.0,0.01775,632524.36,2024-11-04,,False,False,B0069
OPP01957,TECH-DebtAdvisory-1957,A0278,Technology & Services,Debt Advisory,Execution,4,0.8,58020286.0,0.0168,974740.8,2025-06-27,,False,False,B0070
OPP01958,HEAL-Restructuring-1958,A0216,Healthcare,Restructuring,Pitch,2,0.3,41182111.0,0.01232,507363.61,2024-03-05,,False,False,B0069
OPP01959,TECH-ECM-1959,A0160,Technology & Services,ECM,Execution,4,0.8,54854886.0,0.00981,538126.43,2023-05-16,,False,False,B0069
OPP01960,HEAL-Restructuring-1960,A0177,Healthcare,Restructuring,Closed Lost,6,0.0,128365495.0,0.00524,672635.19,2024-10-31,2025-01-11,True,False,B0070
OPP01961,TECH-ECM-1961,A0311,Technology & Services,ECM,Pitch,2,0.3,80337652.0,0.00535,429806.44,2023-11-13,,False,False,B0075
OPP01962,TECH-M&A-1962,A0059,Technology & Services,M&A,Qualification,1,0.15,8272258.0,0.0165,136492.26,2024-07-13,,False,False,B0070
OPP01963,TECH-DebtAdvisory-1963,A0154,Technology & Services,Debt Advisory,Closed Lost,6,0.0,28798535.0,0.00923,265810.48,2025-05-12,2025-12-12,True,False,B0069
OPP01964,HEAL-ECM-1964,A0165,Healthcare,ECM,Prospecting,0,0.05,35619428.0,0.01493,531798.06,2024-12-19,,False,False,B0069
OPP01965,INDU-M&A-1965,A0222,Industrial,M&A,Prospecting,0,0.05,40107413.0,0.00634,254281.0,2024-05-28,,False,False,B0071
OPP01966,CONS-DebtAdvisory-1966,A0068,Consumer,Debt Advisory,Qualification,1,0.15,25690654.0,0.01849,475020.19,2025-01-21,,False,False,B0076
OPP01967,INDU-M&A-1967,A0061,Industrial,M&A,Qualification,1,0.15,21416493.0,0.008,171331.94,2025-02-03,,False,False,B0075
OPP01968,TECH-DebtAdvisory-1968,A0045,Technology & Services,Debt Advisory,Execution,4,0.8,46997038.0,0.01814,852526.27,2025-04-08,,False,False,B0074
OPP01969,HEAL-Restructuring-1969,A0227,Healthcare,Restructuring,Prospecting,0,0.05,73375470.0,0.01931,1416880.33,2023-12-04,,False,False,B0076
OPP01970,INDU-ECM-1970,A0271,Industrial,ECM,Pitch,2,0.3,19796977.0,0.01873,370797.38,2024-05-24,,False,False,B0073
OPP01971,CONS-M&A-1971,A0199,Consumer,M&A,Prospecting,0,0.05,217528702.0,0.00506,1100695.23,2024-04-29,,False,False,B0071
OPP01972,HEAL-M&A-1972,A0187,Healthcare,M&A,Mandate,3,0.55,51046398.0,0.01053,537518.57,2025-07-30,,False,False,B0069
OPP01973,TECH-DebtAdvisory-1973,A0208,Technology & Services,Debt Advisory,Execution,4,0.8,9133910.0,0.00427,39001.8,2023-11-01,,False,False,B0071
OPP01974,CONS-ECM-1974,A0273,Consumer,ECM,Prospecting,0,0.05,7647340.0,0.00592,45272.25,2023-06-16,,False,False,B0074
OPP01975,TECH-M&A-1975,A0053,Technology & Services,M&A,Prospecting,0,0.05,45687043.0,0.01433,654695.33,2024-02-29,,False,False,B0075
OPP01976,TECH-Restructuring-1976,A0117,Technology & Services,Restructuring,Execution,4,0.8,35581957.0,0.009,320237.61,2023-05-10,,False,False,B0069
OPP01977,HEAL-M&A-1977,A0284,Healthcare,M&A,Prospecting,0,0.05,46028472.0,0.01237,569372.2,2023-12-31,,False,False,B0075
OPP01978,TECH-DebtAdvisory-1978,A0047,Technology & Services,Debt Advisory,Execution,4,0.8,12896263.0,0.01169,150757.31,2024-01-08,,False,False,B0069
OPP01979,HEAL-M&A-1979,A0230,Healthcare,M&A,Qualification,1,0.15,24353280.0,0.01595,388434.82,2025-04-14,,False,False,B0070
OPP01980,CONS-ECM-1980,A0060,Consumer,ECM,Prospecting,0,0.05,169854510.0,0.01584,2690495.44,2025-09-21,,False,False,B0073
OPP01981,TECH-ECM-1981,A0274,Technology & Services,ECM,Closed Won,5,1.0,45131587.0,0.01668,752794.87,2025-01-01,2026-02-12,True,True,B0069
OPP01982,INDU-DebtAdvisory-1982,A0263,Industrial,Debt Advisory,Execution,4,0.8,17866449.0,0.00779,139179.64,2025-07-04,,False,False,B0075
OPP01983,HEAL-DebtAdvisory-1983,A0106,Healthcare,Debt Advisory,Mandate,3,0.55,18205381.0,0.01649,300206.73,2023-09-09,,False,False,B0070
OPP01984,TECH-M&A-1984,A0017,Technology & Services,M&A,Mandate,3,0.55,70762932.0,0.00966,683569.92,2025-03-11,,False,False,B0069
OPP01985,HEAL-M&A-1985,A0019,Healthcare,M&A,Mandate,3,0.55,47479583.0,0.0127,602990.7,2023-09-28,,False,False,B0071
OPP01986,INDU-M&A-1986,A0180,Industrial,M&A,Prospecting,0,0.05,28999682.0,0.00479,138908.48,2025-05-08,,False,False,B0072
OPP01987,CONS-ECM-1987,A0112,Consumer,ECM,Pitch,2,0.3,106277679.0,0.00726,771575.95,2023-11-17,,False,False,B0069
OPP01988,TECH-ECM-1988,A0041,Technology & Services,ECM,Prospecting,0,0.05,37595941.0,0.0089,334603.87,2024-06-06,,False,False,B0075
OPP01989,CONS-ECM-1989,A0246,Consumer,ECM,Mandate,3,0.55,20071423.0,0.0178,357271.33,2024-08-28,,False,False,B0071
OPP01990,HEAL-Restructuring-1990,A0089,Healthcare,Restructuring,Closed Lost,6,0.0,156666995.0,0.01736,2719739.03,2025-07-03,2026-03-11,True,False,B0071
OPP01991,TECH-M&A-1991,A0157,Technology & Services,M&A,Mandate,3,0.55,22565415.0,0.01567,353600.05,2025-09-12,,False,False,B0074
OPP01992,TECH-Restructuring-1992,A0178,Technology & Services,Restructuring,Execution,4,0.8,44110936.0,0.0198,873396.53,2025-01-05,,False,False,B0076
OPP01993,TECH-Restructuring-1993,A0184,Technology & Services,Restructuring,Closed Won,5,1.0,38507945.0,0.01801,693528.09,2023-09-10,2024-07-30,True,True,B0069
OPP01994,CONS-M&A-1994,A0188,Consumer,M&A,Pitch,2,0.3,26533298.0,0.00681,180691.76,2023-02-17,,False,False,B0076
OPP01995,CONS-Restructuring-1995,A0261,Consumer,Restructuring,Pitch,2,0.3,49503452.0,0.01508,746512.06,2023-08-12,,False,False,B0070
OPP01996,INDU-ECM-1996,A0164,Industrial,ECM,Pitch,2,0.3,672729954.0,0.00639,4298744.41,2025-06-11,,False,False,B0070
OPP01997,HEAL-M&A-1997,A0296,Healthcare,M&A,Prospecting,0,0.05,18537946.0,0.01939,359450.77,2024-11-24,,False,False,B0073
OPP01998,TECH-Restructuring-1998,A0133,Technology & Services,Restructuring,Pitch,2,0.3,176394528.0,0.00457,806122.99,2025-08-25,,False,False,B0069
OPP01999,CONS-DebtAdvisory-1999,A0088,Consumer,Debt Advisory,Mandate,3,0.55,59950639.0,0.0138,827318.82,2024-04-24,,False,False,B0070
OPP02000,CONS-ECM-2000,A0223,Consumer,ECM,Qualification,1,0.15,56639065.0,0.01578,893764.45,2023-09-30,,False,False,B0070
OPP02001,CONS-DebtAdvisory-2001,A0018,Consumer,Debt Advisory,Closed Lost,6,0.0,30416509.0,0.00465,141436.77,2024-03-02,2024-05-17,True,False,B0072
OPP02002,CONS-M&A-2002,A0106,Consumer,M&A,Prospecting,0,0.05,54153395.0,0.01876,1015917.69,2024-04-08,,False,False,B0070
OPP02003,TECH-M&A-2003,A0151,Technology & Services,M&A,Closed Won,5,1.0,38498848.0,0.0089,342639.75,2025-09-04,2026-05-26,True,True,B0074
OPP02004,INDU-Restructuring-2004,A0257,Industrial,Restructuring,Qualification,1,0.15,39465683.0,0.01701,671311.27,2023-07-10,,False,False,B0070
OPP02005,CONS-DebtAdvisory-2005,A0262,Consumer,Debt Advisory,Prospecting,0,0.05,20780720.0,0.005,103903.6,2024-03-11,,False,False,B0069
OPP02006,CONS-Restructuring-2006,A0192,Consumer,Restructuring,Qualification,1,0.15,27963325.0,0.01438,402112.61,2023-05-17,,False,False,B0072
OPP02007,CONS-ECM-2007,A0106,Consumer,ECM,Mandate,3,0.55,22952140.0,0.00803,184305.68,2024-04-04,,False,False,B0070
OPP02008,INDU-DebtAdvisory-2008,A0094,Industrial,Debt Advisory,Qualification,1,0.15,22167079.0,0.01127,249822.98,2024-03-28,,False,False,B0075
OPP02009,INDU-Restructuring-2009,A0218,Industrial,Restructuring,Closed Won,5,1.0,196947660.0,0.01546,3044810.82,2024-03-04,2024-12-26,True,True,B0072
OPP02010,CONS-ECM-2010,A0184,Consumer,ECM,Closed Won,5,1.0,38217559.0,0.00676,258350.7,2025-09-05,2027-02-22,True,True,B0076
OPP02011,INDU-Restructuring-2011,A0025,Industrial,Restructuring,Execution,4,0.8,12724911.0,0.01221,155371.16,2024-02-22,,False,False,B0070
OPP02012,CONS-M&A-2012,A0263,Consumer,M&A,Prospecting,0,0.05,27852778.0,0.01915,533380.7,2023-02-26,,False,False,B0070
OPP02013,INDU-DebtAdvisory-2013,A0316,Industrial,Debt Advisory,Mandate,3,0.55,14904232.0,0.01907,284223.7,2025-02-08,,False,False,B0074
OPP02014,TECH-M&A-2014,A0039,Technology & Services,M&A,Execution,4,0.8,19314039.0,0.01509,291448.85,2025-07-17,,False,False,B0071
OPP02015,TECH-Restructuring-2015,A0056,Technology & Services,Restructuring,Prospecting,0,0.05,55480842.0,0.00612,339542.75,2023-06-09,,False,False,B0069
OPP02016,HEAL-DebtAdvisory-2016,A0138,Healthcare,Debt Advisory,Closed Won,5,1.0,92110495.0,0.00939,864917.55,2023-09-11,2024-06-29,True,True,B0070
OPP02017,HEAL-Restructuring-2017,A0235,Healthcare,Restructuring,Closed Won,5,1.0,36241237.0,0.00828,300077.44,2023-11-28,2024-06-08,True,True,B0069
OPP02018,HEAL-ECM-2018,A0253,Healthcare,ECM,Prospecting,0,0.05,40446891.0,0.01504,608321.24,2024-02-24,,False,False,B0072
OPP02019,INDU-ECM-2019,A0118,Industrial,ECM,Closed Lost,6,0.0,25563846.0,0.01599,408765.9,2025-04-18,2026-06-19,True,False,B0071
OPP02020,CONS-Restructuring-2020,A0033,Consumer,Restructuring,Prospecting,0,0.05,26571652.0,0.00408,108412.34,2023-08-12,,False,False,B0072
OPP02021,INDU-ECM-2021,A0093,Industrial,ECM,Execution,4,0.8,29910026.0,0.00973,291024.55,2024-09-07,,False,False,B0070
OPP02022,TECH-ECM-2022,A0004,Technology & Services,ECM,Pitch,2,0.3,12172125.0,0.00462,56235.22,2025-01-28,,False,False,B0069
OPP02023,HEAL-M&A-2023,A0049,Healthcare,M&A,Prospecting,0,0.05,314509003.0,0.01677,5274315.98,2025-01-27,,False,False,B0075
OPP02024,TECH-DebtAdvisory-2024,A0226,Technology & Services,Debt Advisory,Execution,4,0.8,216241962.0,0.01518,3282552.98,2024-09-16,,False,False,B0071
OPP02025,TECH-DebtAdvisory-2025,A0286,Technology & Services,Debt Advisory,Closed Lost,6,0.0,7497217.0,0.01579,118381.06,2025-09-19,2027-01-06,True,False,B0069
OPP02026,INDU-M&A-2026,A0055,Industrial,M&A,Prospecting,0,0.05,11265040.0,0.00981,110510.04,2025-09-03,,False,False,B0076
OPP02027,CONS-ECM-2027,A0229,Consumer,ECM,Mandate,3,0.55,31713470.0,0.0123,390075.68,2025-09-16,,False,False,B0073
OPP02028,TECH-ECM-2028,A0284,Technology & Services,ECM,Execution,4,0.8,33595020.0,0.01179,396085.29,2025-03-13,,False,False,B0072
OPP02029,CONS-Restructuring-2029,A0296,Consumer,Restructuring,Qualification,1,0.15,29065965.0,0.01996,580156.66,2025-05-10,,False,False,B0073
OPP02030,CONS-M&A-2030,A0114,Consumer,M&A,Qualification,1,0.15,31020106.0,0.01089,337808.95,2024-11-13,,False,False,B0072
OPP02031,CONS-DebtAdvisory-2031,A0204,Consumer,Debt Advisory,Pitch,2,0.3,62866829.0,0.01777,1117143.55,2024-07-24,,False,False,B0069
OPP02032,INDU-Restructuring-2032,A0169,Industrial,Restructuring,Closed Won,5,1.0,55860807.0,0.01634,912765.59,2025-04-20,2025-06-27,True,True,B0073
OPP02033,INDU-DebtAdvisory-2033,A0020,Industrial,Debt Advisory,Prospecting,0,0.05,9488787.0,0.00569,53991.2,2023-07-30,,False,False,B0071
OPP02034,CONS-DebtAdvisory-2034,A0293,Consumer,Debt Advisory,Qualification,1,0.15,80704125.0,0.01692,1365513.8,2024-05-14,,False,False,B0075
OPP02035,INDU-M&A-2035,A0272,Industrial,M&A,Pitch,2,0.3,202134791.0,0.01513,3058299.39,2024-12-14,,False,False,B0075
OPP02036,INDU-DebtAdvisory-2036,A0012,Industrial,Debt Advisory,Qualification,1,0.15,30958329.0,0.00614,190084.14,2023-12-15,,False,False,B0075
OPP02037,HEAL-DebtAdvisory-2037,A0226,Healthcare,Debt Advisory,Prospecting,0,0.05,71794516.0,0.00727,521946.13,2025-07-27,,False,False,B0071
OPP02038,TECH-ECM-2038,A0037,Technology & Services,ECM,Execution,4,0.8,14969461.0,0.0127,190112.15,2024-12-21,,False,False,B0072
OPP02039,HEAL-M&A-2039,A0139,Healthcare,M&A,Prospecting,0,0.05,12757863.0,0.01573,200681.18,2024-11-24,,False,False,B0070
OPP02040,HEAL-DebtAdvisory-2040,A0318,Healthcare,Debt Advisory,Closed Won,5,1.0,14358826.0,0.01843,264633.16,2024-08-17,2024-12-26,True,True,B0073
OPP02041,TECH-Restructuring-2041,A0177,Technology & Services,Restructuring,Pitch,2,0.3,103267226.0,0.01463,1510799.52,2023-03-11,,False,False,B0073
OPP02042,HEAL-ECM-2042,A0053,Healthcare,ECM,Closed Won,5,1.0,39159547.0,0.01785,698997.91,2025-09-12,2026-03-30,True,True,B0076
OPP02043,INDU-Restructuring-2043,A0037,Industrial,Restructuring,Qualification,1,0.15,14371785.0,0.01076,154640.41,2025-09-12,,False,False,B0070
OPP02044,CONS-ECM-2044,A0302,Consumer,ECM,Execution,4,0.8,32480700.0,0.00838,272188.27,2025-06-21,,False,False,B0072
OPP02045,HEAL-ECM-2045,A0290,Healthcare,ECM,Closed Won,5,1.0,98050021.0,0.00604,592222.13,2025-02-06,2025-04-22,True,True,B0071
OPP02046,TECH-Restructuring-2046,A0033,Technology & Services,Restructuring,Qualification,1,0.15,36479496.0,0.01029,375374.01,2025-02-28,,False,False,B0075
OPP02047,CONS-ECM-2047,A0268,Consumer,ECM,Prospecting,0,0.05,48153001.0,0.00769,370296.58,2023-01-05,,False,False,B0075
OPP02048,CONS-Restructuring-2048,A0108,Consumer,Restructuring,Prospecting,0,0.05,36386419.0,0.00859,312559.34,2025-06-26,,False,False,B0073
OPP02049,CONS-Restructuring-2049,A0009,Consumer,Restructuring,Pitch,2,0.3,15568924.0,0.01478,230108.7,2025-02-26,,False,False,B0075
OPP02050,CONS-ECM-2050,A0314,Consumer,ECM,Qualification,1,0.15,25302097.0,0.01474,372952.91,2025-08-01,,False,False,B0073
OPP02051,INDU-M&A-2051,A0236,Industrial,M&A,Qualification,1,0.15,35658590.0,0.01179,420414.78,2024-05-30,,False,False,B0073
OPP02052,CONS-Restructuring-2052,A0161,Consumer,Restructuring,Closed Won,5,1.0,18986881.0,0.01565,297144.69,2023-07-23,2024-11-29,True,True,B0069
OPP02053,CONS-ECM-2053,A0189,Consumer,ECM,Execution,4,0.8,100256308.0,0.01333,1336416.59,2023-05-19,,False,False,B0072
OPP02054,HEAL-ECM-2054,A0136,Healthcare,ECM,Closed Won,5,1.0,66000612.0,0.01301,858667.96,2023-12-06,2024-10-25,True,True,B0070
OPP02055,INDU-Restructuring-2055,A0213,Industrial,Restructuring,Execution,4,0.8,105910914.0,0.01448,1533590.03,2023-08-03,,False,False,B0070
OPP02056,HEAL-Restructuring-2056,A0054,Healthcare,Restructuring,Closed Won,5,1.0,53921491.0,0.0102,549999.21,2023-01-26,2023-09-25,True,True,B0074
OPP02057,TECH-DebtAdvisory-2057,A0153,Technology & Services,Debt Advisory,Closed Won,5,1.0,17424189.0,0.01471,256309.82,2024-09-27,2026-01-23,True,True,B0072
OPP02058,CONS-DebtAdvisory-2058,A0249,Consumer,Debt Advisory,Mandate,3,0.55,41089861.0,0.00745,306119.46,2024-02-14,,False,False,B0072
OPP02059,HEAL-M&A-2059,A0303,Healthcare,M&A,Mandate,3,0.55,9689845.0,0.01047,101452.68,2025-08-04,,False,False,B0072
OPP02060,CONS-Restructuring-2060,A0119,Consumer,Restructuring,Closed Lost,6,0.0,7504786.0,0.00718,53884.36,2023-05-05,2024-08-07,True,False,B0071
OPP02061,HEAL-DebtAdvisory-2061,A0065,Healthcare,Debt Advisory,Execution,4,0.8,174322590.0,0.0072,1255122.65,2024-11-06,,False,False,B0073
OPP02062,HEAL-M&A-2062,A0235,Healthcare,M&A,Closed Won,5,1.0,27715403.0,0.01712,474487.7,2023-11-04,2025-04-21,True,True,B0071
OPP02063,TECH-Restructuring-2063,A0066,Technology & Services,Restructuring,Closed Won,5,1.0,42305064.0,0.00589,249176.83,2024-01-26,2025-03-30,True,True,B0074
OPP02064,HEAL-M&A-2064,A0028,Healthcare,M&A,Prospecting,0,0.05,89939935.0,0.01443,1297833.26,2024-06-05,,False,False,B0073
OPP02065,TECH-M&A-2065,A0113,Technology & Services,M&A,Prospecting,0,0.05,97388144.0,0.01792,1745195.54,2024-09-15,,False,False,B0075
OPP02066,HEAL-ECM-2066,A0010,Healthcare,ECM,Mandate,3,0.55,285631632.0,0.00551,1573830.29,2024-12-20,,False,False,B0073
OPP02067,INDU-DebtAdvisory-2067,A0016,Industrial,Debt Advisory,Qualification,1,0.15,25057516.0,0.01126,282147.63,2024-02-22,,False,False,B0076
OPP02068,INDU-ECM-2068,A0091,Industrial,ECM,Qualification,1,0.15,124816219.0,0.01003,1251906.68,2024-12-02,,False,False,B0076
OPP02069,INDU-M&A-2069,A0283,Industrial,M&A,Closed Won,5,1.0,16119901.0,0.01694,273071.12,2025-06-18,2026-10-24,True,True,B0071
OPP02070,CONS-DebtAdvisory-2070,A0136,Consumer,Debt Advisory,Mandate,3,0.55,201967841.0,0.00865,1747021.82,2023-11-29,,False,False,B0075
OPP02071,HEAL-M&A-2071,A0200,Healthcare,M&A,Qualification,1,0.15,63094090.0,0.00896,565323.05,2025-06-22,,False,False,B0075
OPP02072,CONS-Restructuring-2072,A0199,Consumer,Restructuring,Prospecting,0,0.05,61417168.0,0.0147,902832.37,2024-12-26,,False,False,B0075
OPP02073,INDU-ECM-2073,A0234,Industrial,ECM,Pitch,2,0.3,59979705.0,0.0133,797730.08,2025-08-18,,False,False,B0072
OPP02074,TECH-ECM-2074,A0048,Technology & Services,ECM,Prospecting,0,0.05,27970923.0,0.00509,142372.0,2025-06-23,,False,False,B0072
OPP02075,INDU-M&A-2075,A0065,Industrial,M&A,Prospecting,0,0.05,184334985.0,0.01003,1848879.9,2025-01-25,,False,False,B0073
OPP02076,HEAL-ECM-2076,A0073,Healthcare,ECM,Execution,4,0.8,61846683.0,0.00403,249242.13,2024-05-03,,False,False,B0074
OPP02077,HEAL-DebtAdvisory-2077,A0015,Healthcare,Debt Advisory,Closed Lost,6,0.0,58065326.0,0.01325,769365.57,2023-12-29,2025-02-21,True,False,B0069
OPP02078,INDU-ECM-2078,A0027,Industrial,ECM,Prospecting,0,0.05,46391717.0,0.00916,424948.13,2024-10-01,,False,False,B0075
OPP02079,CONS-M&A-2079,A0019,Consumer,M&A,Closed Won,5,1.0,30381500.0,0.00682,207201.83,2025-09-23,2026-09-07,True,True,B0074
OPP02080,TECH-DebtAdvisory-2080,A0109,Technology & Services,Debt Advisory,Mandate,3,0.55,61771996.0,0.00864,533710.05,2023-04-24,,False,False,B0072
OPP02081,TECH-Restructuring-2081,A0237,Technology & Services,Restructuring,Closed Won,5,1.0,74185239.0,0.01478,1096457.83,2024-02-15,2025-06-29,True,True,B0074
OPP02082,INDU-M&A-2082,A0275,Industrial,M&A,Qualification,1,0.15,20848057.0,0.01943,405077.75,2024-06-03,,False,False,B0072
OPP02083,TECH-Restructuring-2083,A0069,Technology & Services,Restructuring,Closed Lost,6,0.0,72654402.0,0.0143,1038957.95,2023-01-06,2023-10-10,True,False,B0070
OPP02084,TECH-M&A-2084,A0252,Technology & Services,M&A,Mandate,3,0.55,163570584.0,0.01655,2707093.17,2023-03-07,,False,False,B0072
OPP02085,INDU-M&A-2085,A0299,Industrial,M&A,Qualification,1,0.15,13455026.0,0.00691,92974.23,2024-11-27,,False,False,B0070
OPP02086,INDU-M&A-2086,A0068,Industrial,M&A,Prospecting,0,0.05,138874240.0,0.01106,1535949.09,2025-08-01,,False,False,B0072
OPP02087,HEAL-DebtAdvisory-2087,A0248,Healthcare,Debt Advisory,Mandate,3,0.55,73525102.0,0.01416,1041115.44,2025-05-12,,False,False,B0069
OPP02088,INDU-Restructuring-2088,A0168,Industrial,Restructuring,Closed Won,5,1.0,65989890.0,0.01125,742386.26,2025-07-23,2026-07-11,True,True,B0072
OPP02089,TECH-Restructuring-2089,A0057,Technology & Services,Restructuring,Mandate,3,0.55,30410197.0,0.00602,183069.39,2023-08-05,,False,False,B0071
OPP02090,HEAL-M&A-2090,A0077,Healthcare,M&A,Closed Lost,6,0.0,213135271.0,0.00757,1613434.0,2024-01-04,2024-05-09,True,False,B0072
OPP02091,INDU-ECM-2091,A0006,Industrial,ECM,Mandate,3,0.55,153684231.0,0.01993,3062926.72,2024-09-10,,False,False,B0075
OPP02092,TECH-Restructuring-2092,A0186,Technology & Services,Restructuring,Pitch,2,0.3,70595489.0,0.01655,1168355.34,2024-12-27,,False,False,B0075
OPP02093,CONS-Restructuring-2093,A0130,Consumer,Restructuring,Prospecting,0,0.05,13989584.0,0.01502,210123.55,2023-08-06,,False,False,B0069
OPP02094,INDU-DebtAdvisory-2094,A0254,Industrial,Debt Advisory,Pitch,2,0.3,24066760.0,0.00478,115039.11,2025-06-10,,False,False,B0074
OPP02095,INDU-ECM-2095,A0190,Industrial,ECM,Closed Won,5,1.0,79787225.0,0.00903,720478.64,2024-08-15,2025-04-23,True,True,B0076
OPP02096,HEAL-Restructuring-2096,A0083,Healthcare,Restructuring,Prospecting,0,0.05,64616092.0,0.00419,270741.43,2025-09-05,,False,False,B0072
OPP02097,CONS-M&A-2097,A0256,Consumer,M&A,Execution,4,0.8,29854140.0,0.00662,197634.41,2024-06-29,,False,False,B0071
OPP02098,HEAL-DebtAdvisory-2098,A0225,Healthcare,Debt Advisory,Pitch,2,0.3,13427289.0,0.00562,75461.36,2023-09-14,,False,False,B0072
OPP02099,HEAL-ECM-2099,A0090,Healthcare,ECM,Qualification,1,0.15,15543189.0,0.01389,215894.9,2025-09-17,,False,False,B0076
OPP02100,TECH-M&A-2100,A0110,Technology & Services,M&A,Execution,4,0.8,51612786.0,0.01762,909417.29,2024-02-11,,False,False,B0076
OPP02101,CONS-ECM-2101,A0268,Consumer,ECM,Closed Lost,6,0.0,50211415.0,0.01468,737103.57,2025-01-04,2026-03-26,True,False,B0076
OPP02102,INDU-ECM-2102,A0284,Industrial,ECM,Closed Won,5,1.0,68164916.0,0.01602,1092001.95,2025-09-14,2026-10-05,True,True,B0070
OPP02103,TECH-ECM-2103,A0240,Technology & Services,ECM,Pitch,2,0.3,70320230.0,0.01733,1218649.59,2024-04-04,,False,False,B0072
OPP02104,TECH-ECM-2104,A0124,Technology & Services,ECM,Prospecting,0,0.05,45733805.0,0.01819,831897.91,2024-08-20,,False,False,B0074
OPP02105,CONS-Restructuring-2105,A0207,Consumer,Restructuring,Closed Lost,6,0.0,17368738.0,0.01264,219540.85,2024-05-02,2024-12-01,True,False,B0072
OPP02106,HEAL-M&A-2106,A0060,Healthcare,M&A,Qualification,1,0.15,48083053.0,0.00627,301480.74,2023-10-29,,False,False,B0075
OPP02107,HEAL-DebtAdvisory-2107,A0110,Healthcare,Debt Advisory,Pitch,2,0.3,91620505.0,0.01109,1016071.4,2024-06-08,,False,False,B0069
OPP02108,HEAL-Restructuring-2108,A0063,Healthcare,Restructuring,Closed Won,5,1.0,42094902.0,0.00605,254674.16,2025-01-27,2026-01-28,True,True,B0075
OPP02109,HEAL-M&A-2109,A0057,Healthcare,M&A,Mandate,3,0.55,42271744.0,0.00793,335214.93,2024-02-04,,False,False,B0072
OPP02110,HEAL-ECM-2110,A0095,Healthcare,ECM,Closed Won,5,1.0,56984831.0,0.00932,531098.62,2023-04-21,2024-08-22,True,True,B0075
OPP02111,TECH-DebtAdvisory-2111,A0103,Technology & Services,Debt Advisory,Closed Lost,6,0.0,234136449.0,0.00784,1835629.76,2023-08-16,2023-10-09,True,False,B0070
OPP02112,CONS-Restructuring-2112,A0068,Consumer,Restructuring,Qualification,1,0.15,53667515.0,0.01227,658500.41,2024-04-14,,False,False,B0070
OPP02113,INDU-ECM-2113,A0058,Industrial,ECM,Qualification,1,0.15,70548111.0,0.00573,404240.68,2024-03-09,,False,False,B0073
OPP02114,CONS-DebtAdvisory-2114,A0161,Consumer,Debt Advisory,Execution,4,0.8,31631639.0,0.00811,256532.59,2025-07-28,,False,False,B0075
OPP02115,INDU-ECM-2115,A0258,Industrial,ECM,Prospecting,0,0.05,27056479.0,0.01048,283551.9,2024-01-14,,False,False,B0072
OPP02116,TECH-ECM-2116,A0089,Technology & Services,ECM,Mandate,3,0.55,14792731.0,0.0052,76922.2,2024-09-10,,False,False,B0076
OPP02117,HEAL-M&A-2117,A0076,Healthcare,M&A,Qualification,1,0.15,33133664.0,0.01622,537428.03,2024-06-10,,False,False,B0069
OPP02118,HEAL-DebtAdvisory-2118,A0161,Healthcare,Debt Advisory,Prospecting,0,0.05,35543369.0,0.00497,176650.54,2025-08-14,,False,False,B0072
OPP02119,HEAL-M&A-2119,A0316,Healthcare,M&A,Closed Lost,6,0.0,117176791.0,0.00749,877654.16,2023-02-16,2024-06-26,True,False,B0071
OPP02120,HEAL-ECM-2120,A0007,Healthcare,ECM,Pitch,2,0.3,60328002.0,0.01381,833129.71,2025-03-05,,False,False,B0074
OPP02121,TECH-M&A-2121,A0134,Technology & Services,M&A,Pitch,2,0.3,52356718.0,0.00712,372779.83,2024-04-22,,False,False,B0074
OPP02122,HEAL-Restructuring-2122,A0102,Healthcare,Restructuring,Prospecting,0,0.05,98820353.0,0.01209,1194738.07,2023-12-06,,False,False,B0071
OPP02123,INDU-DebtAdvisory-2123,A0177,Industrial,Debt Advisory,Mandate,3,0.55,118161753.0,0.01686,1992207.16,2024-12-24,,False,False,B0076
OPP02124,HEAL-M&A-2124,A0225,Healthcare,M&A,Prospecting,0,0.05,12495001.0,0.01012,126449.41,2023-03-27,,False,False,B0073
OPP02125,INDU-DebtAdvisory-2125,A0064,Industrial,Debt Advisory,Mandate,3,0.55,36090904.0,0.00543,195973.61,2024-12-05,,False,False,B0072
OPP02126,TECH-Restructuring-2126,A0115,Technology & Services,Restructuring,Mandate,3,0.55,70863531.0,0.01022,724225.29,2023-07-23,,False,False,B0072
OPP02127,INDU-M&A-2127,A0225,Industrial,M&A,Closed Won,5,1.0,78849474.0,0.0092,725415.16,2023-04-28,2023-09-19,True,True,B0070
OPP02128,HEAL-DebtAdvisory-2128,A0028,Healthcare,Debt Advisory,Closed Lost,6,0.0,69961083.0,0.01528,1069005.35,2023-06-19,2023-08-10,True,False,B0074
OPP02129,CONS-DebtAdvisory-2129,A0190,Consumer,Debt Advisory,Prospecting,0,0.05,28503608.0,0.01992,567791.87,2024-01-02,,False,False,B0072
OPP02130,HEAL-Restructuring-2130,A0126,Healthcare,Restructuring,Prospecting,0,0.05,65103322.0,0.01803,1173812.9,2024-05-24,,False,False,B0070
OPP02131,HEAL-M&A-2131,A0246,Healthcare,M&A,Closed Lost,6,0.0,44384597.0,0.00644,285836.8,2024-11-10,2025-03-05,True,False,B0069
OPP02132,CONS-DebtAdvisory-2132,A0084,Consumer,Debt Advisory,Mandate,3,0.55,437872421.0,0.00868,3800732.61,2024-09-07,,False,False,B0072
OPP02133,HEAL-ECM-2133,A0124,Healthcare,ECM,Pitch,2,0.3,18106296.0,0.01785,323197.38,2024-09-15,,False,False,B0072
OPP02134,INDU-DebtAdvisory-2134,A0062,Industrial,Debt Advisory,Pitch,2,0.3,37117435.0,0.01361,505168.29,2023-05-28,,False,False,B0073
OPP02135,TECH-DebtAdvisory-2135,A0034,Technology & Services,Debt Advisory,Execution,4,0.8,27959759.0,0.00428,119667.77,2023-02-04,,False,False,B0075
OPP02136,HEAL-M&A-2136,A0054,Healthcare,M&A,Closed Won,5,1.0,40202817.0,0.00891,358207.1,2024-03-06,2024-08-29,True,True,B0069
OPP02137,HEAL-ECM-2137,A0172,Healthcare,ECM,Prospecting,0,0.05,12891101.0,0.01026,132262.7,2024-12-21,,False,False,B0074
OPP02138,HEAL-M&A-2138,A0048,Healthcare,M&A,Closed Lost,6,0.0,162539017.0,0.0088,1430343.35,2024-03-21,2025-09-10,True,False,B0074
OPP02139,TECH-M&A-2139,A0028,Technology & Services,M&A,Closed Won,5,1.0,22667535.0,0.00924,209448.02,2023-02-03,2023-11-23,True,True,B0075
OPP02140,CONS-Restructuring-2140,A0154,Consumer,Restructuring,Mandate,3,0.55,44353181.0,0.01722,763761.78,2024-12-29,,False,False,B0074
OPP02141,TECH-ECM-2141,A0303,Technology & Services,ECM,Execution,4,0.8,9589803.0,0.00643,61662.43,2024-01-21,,False,False,B0072
OPP02142,INDU-M&A-2142,A0248,Industrial,M&A,Pitch,2,0.3,111457466.0,0.01267,1412166.09,2024-12-19,,False,False,B0073
OPP02143,CONS-ECM-2143,A0168,Consumer,ECM,Closed Won,5,1.0,193889012.0,0.00566,1097411.81,2025-06-17,2026-03-02,True,True,B0071
OPP02144,TECH-M&A-2144,A0006,Technology & Services,M&A,Prospecting,0,0.05,12246614.0,0.00436,53395.24,2024-12-17,,False,False,B0074
OPP02145,TECH-M&A-2145,A0262,Technology & Services,M&A,Closed Won,5,1.0,305902937.0,0.01146,3505647.66,2023-08-19,2023-10-23,True,True,B0076
OPP02146,INDU-ECM-2146,A0166,Industrial,ECM,Execution,4,0.8,292808460.0,0.00862,2524008.93,2023-06-24,,False,False,B0071
OPP02147,INDU-M&A-2147,A0250,Industrial,M&A,Pitch,2,0.3,20519544.0,0.01822,373866.09,2025-08-09,,False,False,B0071
OPP02148,INDU-ECM-2148,A0260,Industrial,ECM,Qualification,1,0.15,117353151.0,0.0141,1654679.43,2023-04-19,,False,False,B0073
OPP02149,INDU-Restructuring-2149,A0089,Industrial,Restructuring,Prospecting,0,0.05,73827604.0,0.00636,469543.56,2024-01-27,,False,False,B0069
OPP02150,HEAL-DebtAdvisory-2150,A0028,Healthcare,Debt Advisory,Prospecting,0,0.05,41213166.0,0.00798,328881.06,2024-07-27,,False,False,B0071
OPP02151,CONS-DebtAdvisory-2151,A0180,Consumer,Debt Advisory,Qualification,1,0.15,30402563.0,0.01613,490393.34,2023-05-28,,False,False,B0075
OPP02152,HEAL-Restructuring-2152,A0291,Healthcare,Restructuring,Execution,4,0.8,56003754.0,0.01413,791333.04,2024-05-07,,False,False,B0069
OPP02153,HEAL-M&A-2153,A0146,Healthcare,M&A,Pitch,2,0.3,34360685.0,0.01675,575541.47,2023-11-25,,False,False,B0069
OPP02154,CONS-DebtAdvisory-2154,A0159,Consumer,Debt Advisory,Closed Won,5,1.0,26399263.0,0.01085,286432.0,2024-02-11,2024-11-20,True,True,B0071
OPP02155,HEAL-Restructuring-2155,A0231,Healthcare,Restructuring,Execution,4,0.8,52550324.0,0.01535,806647.47,2024-01-26,,False,False,B0069
OPP02156,INDU-DebtAdvisory-2156,A0116,Industrial,Debt Advisory,Qualification,1,0.15,40328500.0,0.01216,490394.56,2023-03-09,,False,False,B0076
OPP02157,INDU-DebtAdvisory-2157,A0297,Industrial,Debt Advisory,Mandate,3,0.55,74693825.0,0.00519,387660.95,2024-12-02,,False,False,B0071
OPP02158,TECH-Restructuring-2158,A0036,Technology & Services,Restructuring,Execution,4,0.8,73238399.0,0.01952,1429613.55,2025-06-22,,False,False,B0075
OPP02159,HEAL-DebtAdvisory-2159,A0165,Healthcare,Debt Advisory,Qualification,1,0.15,25732032.0,0.01776,457000.89,2023-04-07,,False,False,B0071
OPP02160,INDU-ECM-2160,A0168,Industrial,ECM,Execution,4,0.8,59570396.0,0.01068,636211.83,2024-06-07,,False,False,B0069
OPP02161,TECH-M&A-2161,A0246,Technology & Services,M&A,Closed Won,5,1.0,59575599.0,0.01847,1100361.31,2025-08-06,2025-09-17,True,True,B0074
OPP02162,TECH-M&A-2162,A0245,Technology & Services,M&A,Pitch,2,0.3,86738009.0,0.0115,997487.1,2024-11-22,,False,False,B0074
OPP02163,HEAL-ECM-2163,A0033,Healthcare,ECM,Closed Won,5,1.0,48178014.0,0.00672,323756.25,2023-07-23,2024-11-07,True,True,B0071
OPP02164,CONS-M&A-2164,A0057,Consumer,M&A,Closed Won,5,1.0,33560957.0,0.00621,208413.54,2023-05-25,2024-03-04,True,True,B0071
OPP02165,INDU-ECM-2165,A0213,Industrial,ECM,Closed Lost,6,0.0,56762867.0,0.01451,823629.2,2024-03-22,2025-04-04,True,False,B0075
OPP02166,CONS-Restructuring-2166,A0089,Consumer,Restructuring,Closed Lost,6,0.0,46465123.0,0.00723,335942.84,2025-08-09,2026-06-24,True,False,B0071
OPP02167,INDU-M&A-2167,A0109,Industrial,M&A,Closed Lost,6,0.0,104930330.0,0.01546,1622222.9,2025-02-10,2026-02-19,True,False,B0073
OPP02168,CONS-Restructuring-2168,A0297,Consumer,Restructuring,Execution,4,0.8,36384384.0,0.02,727687.68,2024-09-22,,False,False,B0069
OPP02169,HEAL-M&A-2169,A0050,Healthcare,M&A,Prospecting,0,0.05,8791478.0,0.01806,158774.09,2024-06-20,,False,False,B0073
OPP02170,HEAL-DebtAdvisory-2170,A0299,Healthcare,Debt Advisory,Pitch,2,0.3,85939270.0,0.01735,1491046.33,2024-10-31,,False,False,B0074
OPP02171,INDU-ECM-2171,A0178,Industrial,ECM,Closed Lost,6,0.0,71529675.0,0.01173,839043.09,2025-05-09,2026-02-17,True,False,B0074
OPP02172,TECH-ECM-2172,A0163,Technology & Services,ECM,Closed Won,5,1.0,80824185.0,0.01774,1433821.04,2025-02-02,2025-11-30,True,True,B0072
OPP02173,HEAL-ECM-2173,A0116,Healthcare,ECM,Prospecting,0,0.05,55445530.0,0.00689,382019.7,2025-01-27,,False,False,B0070
OPP02174,INDU-Restructuring-2174,A0093,Industrial,Restructuring,Qualification,1,0.15,16969912.0,0.0083,140850.27,2023-05-25,,False,False,B0074
OPP02175,HEAL-DebtAdvisory-2175,A0028,Healthcare,Debt Advisory,Qualification,1,0.15,8418370.0,0.00549,46216.85,2023-04-13,,False,False,B0076
OPP02176,INDU-DebtAdvisory-2176,A0186,Industrial,Debt Advisory,Execution,4,0.8,3026872.0,0.01808,54725.85,2024-12-28,,False,False,B0075
OPP02177,INDU-ECM-2177,A0050,Industrial,ECM,Prospecting,0,0.05,72345987.0,0.00774,559957.94,2024-03-24,,False,False,B0074
OPP02178,TECH-Restructuring-2178,A0209,Technology & Services,Restructuring,Mandate,3,0.55,121074322.0,0.00744,900792.96,2024-05-19,,False,False,B0072
OPP02179,HEAL-Restructuring-2179,A0295,Healthcare,Restructuring,Qualification,1,0.15,6328231.0,0.00483,30565.36,2025-07-09,,False,False,B0071
OPP02180,INDU-M&A-2180,A0114,Industrial,M&A,Execution,4,0.8,156131290.0,0.01835,2865009.17,2023-06-22,,False,False,B0076
OPP02181,TECH-M&A-2181,A0076,Technology & Services,M&A,Mandate,3,0.55,30238714.0,0.00706,213485.32,2024-05-18,,False,False,B0074
OPP02182,CONS-ECM-2182,A0178,Consumer,ECM,Qualification,1,0.15,31037928.0,0.00524,162638.74,2023-01-14,,False,False,B0075
OPP02183,HEAL-Restructuring-2183,A0251,Healthcare,Restructuring,Qualification,1,0.15,28898180.0,0.01641,474219.13,2023-03-04,,False,False,B0076
OPP02184,HEAL-ECM-2184,A0236,Healthcare,ECM,Pitch,2,0.3,104264695.0,0.01337,1394018.97,2024-07-19,,False,False,B0075
OPP02185,INDU-Restructuring-2185,A0166,Industrial,Restructuring,Pitch,2,0.3,45280644.0,0.00487,220516.74,2023-12-21,,False,False,B0072
OPP02186,CONS-M&A-2186,A0207,Consumer,M&A,Qualification,1,0.15,285499218.0,0.01347,3845674.47,2024-01-13,,False,False,B0074
OPP02187,CONS-Restructuring-2187,A0127,Consumer,Restructuring,Execution,4,0.8,21965969.0,0.01562,343108.44,2023-10-22,,False,False,B0073
OPP02188,INDU-Restructuring-2188,A0031,Industrial,Restructuring,Execution,4,0.8,63252997.0,0.01493,944367.25,2023-07-27,,False,False,B0075
OPP02189,INDU-Restructuring-2189,A0282,Industrial,Restructuring,Closed Lost,6,0.0,211330230.0,0.01858,3926515.67,2023-02-13,2024-01-30,True,False,B0069
OPP02190,TECH-DebtAdvisory-2190,A0095,Technology & Services,Debt Advisory,Qualification,1,0.15,53106542.0,0.01173,622939.74,2025-07-08,,False,False,B0069
OPP02191,CONS-Restructuring-2191,A0096,Consumer,Restructuring,Prospecting,0,0.05,74460210.0,0.01823,1357409.63,2023-08-25,,False,False,B0076
OPP02192,INDU-ECM-2192,A0273,Industrial,ECM,Qualification,1,0.15,88272857.0,0.01959,1729265.27,2023-03-01,,False,False,B0076
OPP02193,INDU-M&A-2193,A0285,Industrial,M&A,Prospecting,0,0.05,51675618.0,0.01271,656797.1,2024-05-19,,False,False,B0072
OPP02194,TECH-Restructuring-2194,A0139,Technology & Services,Restructuring,Execution,4,0.8,8276898.0,0.01169,96756.94,2024-04-06,,False,False,B0075
OPP02195,CONS-ECM-2195,A0139,Consumer,ECM,Execution,4,0.8,88071440.0,0.01119,985519.41,2024-10-30,,False,False,B0071
OPP02196,HEAL-Restructuring-2196,A0227,Healthcare,Restructuring,Execution,4,0.8,25183826.0,0.01802,453812.54,2024-02-24,,False,False,B0070
OPP02197,CONS-Restructuring-2197,A0043,Consumer,Restructuring,Closed Won,5,1.0,97914870.0,0.00964,943899.35,2024-02-07,2025-01-09,True,True,B0075
OPP02198,CONS-Restructuring-2198,A0250,Consumer,Restructuring,Closed Won,5,1.0,26944067.0,0.00586,157892.23,2023-03-22,2024-03-01,True,True,B0071
OPP02199,CONS-Restructuring-2199,A0069,Consumer,Restructuring,Closed Won,5,1.0,75083498.0,0.00452,339377.41,2023-08-02,2024-06-01,True,True,B0073
OPP02200,INDU-ECM-2200,A0116,Industrial,ECM,Execution,4,0.8,17545772.0,0.01946,341440.72,2024-11-20,,False,False,B0072
OPP02201,HEAL-Restructuring-2201,A0027,Healthcare,Restructuring,Execution,4,0.8,90803618.0,0.01335,1212228.3,2025-04-03,,False,False,B0076
OPP02202,INDU-Restructuring-2202,A0158,Industrial,Restructuring,Pitch,2,0.3,47527402.0,0.00745,354079.14,2023-07-01,,False,False,B0069
OPP02203,TECH-ECM-2203,A0263,Technology & Services,ECM,Mandate,3,0.55,34181834.0,0.01871,639542.11,2025-06-24,,False,False,B0069
OPP02204,HEAL-ECM-2204,A0133,Healthcare,ECM,Qualification,1,0.15,19013412.0,0.01578,300031.64,2024-01-27,,False,False,B0069
OPP02205,CONS-M&A-2205,A0308,Consumer,M&A,Closed Lost,6,0.0,28584298.0,0.01527,436482.23,2023-05-01,2024-03-20,True,False,B0073
OPP02206,HEAL-Restructuring-2206,A0002,Healthcare,Restructuring,Execution,4,0.8,115033609.0,0.00813,935223.24,2025-08-02,,False,False,B0070
OPP02207,INDU-ECM-2207,A0165,Industrial,ECM,Closed Won,5,1.0,30697171.0,0.00566,173745.99,2024-05-25,2025-10-29,True,True,B0070
OPP02208,CONS-Restructuring-2208,A0091,Consumer,Restructuring,Mandate,3,0.55,117606443.0,0.00784,922034.51,2024-02-06,,False,False,B0074
OPP02209,CONS-M&A-2209,A0280,Consumer,M&A,Closed Won,5,1.0,47846612.0,0.00661,316266.11,2024-03-18,2024-04-22,True,True,B0070
OPP02210,INDU-DebtAdvisory-2210,A0151,Industrial,Debt Advisory,Pitch,2,0.3,35795179.0,0.01926,689415.15,2023-02-23,,False,False,B0070
OPP02211,HEAL-M&A-2211,A0213,Healthcare,M&A,Closed Won,5,1.0,79688646.0,0.01284,1023202.21,2024-06-27,2024-12-22,True,True,B0069
OPP02212,CONS-DebtAdvisory-2212,A0070,Consumer,Debt Advisory,Pitch,2,0.3,41272275.0,0.01757,725153.87,2024-06-30,,False,False,B0070
OPP02213,HEAL-M&A-2213,A0171,Healthcare,M&A,Pitch,2,0.3,44992060.0,0.01406,632588.36,2024-01-03,,False,False,B0073
OPP02214,INDU-ECM-2214,A0224,Industrial,ECM,Pitch,2,0.3,33940937.0,0.00883,299698.47,2025-07-26,,False,False,B0073
OPP02215,HEAL-ECM-2215,A0109,Healthcare,ECM,Qualification,1,0.15,8431849.0,0.01904,160542.4,2024-05-13,,False,False,B0074
OPP02216,HEAL-DebtAdvisory-2216,A0316,Healthcare,Debt Advisory,Pitch,2,0.3,19178474.0,0.01984,380500.92,2023-07-16,,False,False,B0072
OPP02217,CONS-DebtAdvisory-2217,A0140,Consumer,Debt Advisory,Closed Lost,6,0.0,208918787.0,0.01372,2866365.76,2025-08-07,2026-07-23,True,False,B0072
OPP02218,INDU-ECM-2218,A0079,Industrial,ECM,Closed Lost,6,0.0,232231183.0,0.00656,1523436.56,2023-12-17,2024-06-06,True,False,B0070
OPP02219,CONS-DebtAdvisory-2219,A0135,Consumer,Debt Advisory,Closed Won,5,1.0,9391653.0,0.00495,46488.68,2024-02-06,2025-01-25,True,True,B0072
OPP02220,HEAL-DebtAdvisory-2220,A0257,Healthcare,Debt Advisory,Closed Won,5,1.0,316490426.0,0.01653,5231586.74,2023-01-16,2024-01-07,True,True,B0071
OPP02221,TECH-DebtAdvisory-2221,A0275,Technology & Services,Debt Advisory,Closed Won,5,1.0,51970509.0,0.01437,746816.21,2025-02-21,2026-07-24,True,True,B0072
OPP02222,HEAL-DebtAdvisory-2222,A0298,Healthcare,Debt Advisory,Closed Lost,6,0.0,24077805.0,0.00727,175045.64,2023-05-29,2024-10-08,True,False,B0075
OPP02223,INDU-DebtAdvisory-2223,A0295,Industrial,Debt Advisory,Closed Lost,6,0.0,129447562.0,0.01494,1933946.58,2023-06-07,2023-12-14,True,False,B0070
OPP02224,TECH-M&A-2224,A0262,Technology & Services,M&A,Closed Won,5,1.0,20960552.0,0.01291,270600.73,2025-04-06,2025-07-25,True,True,B0072
OPP02225,HEAL-ECM-2225,A0105,Healthcare,ECM,Closed Lost,6,0.0,58022690.0,0.0163,945769.85,2024-08-31,2025-10-03,True,False,B0073
OPP02226,HEAL-Restructuring-2226,A0167,Healthcare,Restructuring,Execution,4,0.8,37293511.0,0.00851,317367.78,2024-03-28,,False,False,B0070
OPP02227,INDU-DebtAdvisory-2227,A0305,Industrial,Debt Advisory,Closed Won,5,1.0,12257463.0,0.00556,68151.49,2023-12-02,2025-02-05,True,True,B0073
OPP02228,INDU-DebtAdvisory-2228,A0169,Industrial,Debt Advisory,Closed Won,5,1.0,12660969.0,0.01311,165985.3,2023-01-11,2024-02-13,True,True,B0073
OPP02229,INDU-DebtAdvisory-2229,A0203,Industrial,Debt Advisory,Qualification,1,0.15,29028477.0,0.01832,531801.7,2023-11-21,,False,False,B0070
OPP02230,INDU-ECM-2230,A0137,Industrial,ECM,Qualification,1,0.15,51938576.0,0.01617,839846.77,2025-09-27,,False,False,B0071
OPP02231,CONS-ECM-2231,A0037,Consumer,ECM,Qualification,1,0.15,73122303.0,0.0072,526480.58,2024-10-28,,False,False,B0074
OPP02232,HEAL-Restructuring-2232,A0306,Healthcare,Restructuring,Qualification,1,0.15,19081135.0,0.01293,246719.08,2023-07-25,,False,False,B0069
OPP02233,INDU-M&A-2233,A0065,Industrial,M&A,Pitch,2,0.3,103278583.0,0.01515,1564670.53,2023-07-20,,False,False,B0072
OPP02234,HEAL-Restructuring-2234,A0296,Healthcare,Restructuring,Qualification,1,0.15,51184958.0,0.01371,701745.77,2024-05-29,,False,False,B0076
OPP02235,HEAL-M&A-2235,A0168,Healthcare,M&A,Prospecting,0,0.05,62986705.0,0.00773,486887.23,2023-07-02,,False,False,B0073
OPP02236,INDU-Restructuring-2236,A0012,Industrial,Restructuring,Pitch,2,0.3,34403779.0,0.00591,203326.33,2025-09-03,,False,False,B0069
OPP02237,HEAL-DebtAdvisory-2237,A0068,Healthcare,Debt Advisory,Qualification,1,0.15,30857909.0,0.01425,439725.2,2025-01-15,,False,False,B0071
OPP02238,TECH-DebtAdvisory-2238,A0074,Technology & Services,Debt Advisory,Closed Lost,6,0.0,48670285.0,0.01691,823014.52,2023-07-19,2024-01-13,True,False,B0074
OPP02239,HEAL-Restructuring-2239,A0080,Healthcare,Restructuring,Closed Won,5,1.0,37351522.0,0.0155,578948.59,2025-07-11,2026-05-12,True,True,B0074
OPP02240,HEAL-DebtAdvisory-2240,A0266,Healthcare,Debt Advisory,Pitch,2,0.3,9336997.0,0.00649,60597.11,2023-08-04,,False,False,B0076
OPP02241,HEAL-M&A-2241,A0129,Healthcare,M&A,Execution,4,0.8,6471163.0,0.0145,93831.86,2023-09-12,,False,False,B0073
OPP02242,INDU-M&A-2242,A0167,Industrial,M&A,Qualification,1,0.15,16961572.0,0.01037,175891.5,2023-01-31,,False,False,B0073
OPP02243,CONS-Restructuring-2243,A0036,Consumer,Restructuring,Prospecting,0,0.05,37512244.0,0.01957,734114.62,2023-10-24,,False,False,B0069
OPP02244,TECH-M&A-2244,A0103,Technology & Services,M&A,Closed Won,5,1.0,23909513.0,0.01438,343818.8,2023-05-20,2024-05-22,True,True,B0076
OPP02245,INDU-M&A-2245,A0276,Industrial,M&A,Qualification,1,0.15,68123280.0,0.01991,1356334.5,2024-10-05,,False,False,B0074
OPP02246,HEAL-M&A-2246,A0281,Healthcare,M&A,Pitch,2,0.3,22376842.0,0.01812,405468.38,2025-08-03,,False,False,B0070
OPP02247,CONS-M&A-2247,A0271,Consumer,M&A,Execution,4,0.8,37405484.0,0.01761,658710.57,2025-05-08,,False,False,B0076
OPP02248,HEAL-Restructuring-2248,A0186,Healthcare,Restructuring,Pitch,2,0.3,77982119.0,0.00609,474911.1,2024-02-12,,False,False,B0073
OPP02249,INDU-M&A-2249,A0168,Industrial,M&A,Closed Lost,6,0.0,492960174.0,0.00876,4318331.12,2023-04-01,2024-06-10,True,False,B0072
OPP02250,INDU-ECM-2250,A0283,Industrial,ECM,Closed Won,5,1.0,81118269.0,0.01551,1258144.35,2024-07-09,2025-05-22,True,True,B0072
OPP02251,INDU-M&A-2251,A0105,Industrial,M&A,Prospecting,0,0.05,37527243.0,0.0128,480348.71,2024-09-26,,False,False,B0070
OPP02252,HEAL-M&A-2252,A0282,Healthcare,M&A,Prospecting,0,0.05,65382635.0,0.00484,316451.95,2024-11-27,,False,False,B0071
OPP02253,HEAL-M&A-2253,A0246,Healthcare,M&A,Mandate,3,0.55,101777215.0,0.01576,1604008.91,2024-09-19,,False,False,B0074
OPP02254,INDU-DebtAdvisory-2254,A0275,Industrial,Debt Advisory,Execution,4,0.8,24026783.0,0.01537,369291.65,2024-05-20,,False,False,B0075
OPP02255,INDU-Restructuring-2255,A0210,Industrial,Restructuring,Qualification,1,0.15,31895506.0,0.01193,380513.39,2023-09-02,,False,False,B0076
OPP02256,CONS-Restructuring-2256,A0084,Consumer,Restructuring,Execution,4,0.8,117442215.0,0.01294,1519702.26,2023-07-14,,False,False,B0074
OPP02257,HEAL-Restructuring-2257,A0033,Healthcare,Restructuring,Execution,4,0.8,34609162.0,0.01417,490411.83,2024-06-15,,False,False,B0069
OPP02258,CONS-ECM-2258,A0304,Consumer,ECM,Closed Lost,6,0.0,36546761.0,0.01547,565378.39,2025-07-18,2026-05-16,True,False,B0069
OPP02259,INDU-ECM-2259,A0286,Industrial,ECM,Qualification,1,0.15,83913779.0,0.00993,833263.83,2023-02-06,,False,False,B0076
OPP02260,TECH-Restructuring-2260,A0170,Technology & Services,Restructuring,Qualification,1,0.15,39656082.0,0.00504,199866.65,2025-07-10,,False,False,B0074
OPP02261,INDU-DebtAdvisory-2261,A0279,Industrial,Debt Advisory,Closed Won,5,1.0,59330816.0,0.01589,942766.67,2024-10-19,2025-06-30,True,True,B0073
OPP02262,CONS-ECM-2262,A0281,Consumer,ECM,Mandate,3,0.55,26848374.0,0.00651,174782.91,2024-01-10,,False,False,B0071
OPP02263,INDU-M&A-2263,A0301,Industrial,M&A,Closed Lost,6,0.0,43097010.0,0.01994,859354.38,2024-10-06,2025-04-01,True,False,B0073
OPP02264,CONS-ECM-2264,A0164,Consumer,ECM,Closed Lost,6,0.0,32514565.0,0.01257,408708.08,2025-01-03,2025-05-26,True,False,B0072
OPP02265,HEAL-Restructuring-2265,A0198,Healthcare,Restructuring,Prospecting,0,0.05,92111876.0,0.01955,1800787.18,2025-01-11,,False,False,B0076
OPP02266,CONS-M&A-2266,A0202,Consumer,M&A,Closed Lost,6,0.0,64607054.0,0.00524,338540.96,2023-09-05,2024-02-17,True,False,B0075
OPP02267,TECH-M&A-2267,A0062,Technology & Services,M&A,Mandate,3,0.55,46766105.0,0.00786,367581.59,2024-07-22,,False,False,B0070
OPP02268,CONS-DebtAdvisory-2268,A0155,Consumer,Debt Advisory,Closed Lost,6,0.0,34496231.0,0.00644,222155.73,2023-04-02,2023-09-14,True,False,B0070
OPP02269,INDU-Restructuring-2269,A0008,Industrial,Restructuring,Prospecting,0,0.05,63646741.0,0.0098,623738.06,2025-01-08,,False,False,B0072
OPP02270,HEAL-Restructuring-2270,A0155,Healthcare,Restructuring,Qualification,1,0.15,36874657.0,0.00902,332609.41,2025-03-11,,False,False,B0069
OPP02271,HEAL-DebtAdvisory-2271,A0278,Healthcare,Debt Advisory,Pitch,2,0.3,25298235.0,0.01758,444742.97,2024-04-08,,False,False,B0069
OPP02272,HEAL-ECM-2272,A0145,Healthcare,ECM,Closed Lost,6,0.0,158978057.0,0.01723,2739191.92,2023-08-26,2024-07-12,True,False,B0070
OPP02273,HEAL-M&A-2273,A0033,Healthcare,M&A,Execution,4,0.8,106977537.0,0.00832,890053.11,2023-05-01,,False,False,B0073
OPP02274,CONS-Restructuring-2274,A0078,Consumer,Restructuring,Pitch,2,0.3,12049060.0,0.01657,199652.92,2023-01-28,,False,False,B0073
OPP02275,TECH-Restructuring-2275,A0245,Technology & Services,Restructuring,Closed Lost,6,0.0,13099043.0,0.00901,118022.38,2023-05-29,2023-11-12,True,False,B0073
OPP02276,CONS-ECM-2276,A0216,Consumer,ECM,Qualification,1,0.15,21532231.0,0.01883,405451.91,2024-05-23,,False,False,B0070
OPP02277,CONS-Restructuring-2277,A0269,Consumer,Restructuring,Mandate,3,0.55,23529406.0,0.01414,332705.8,2024-08-20,,False,False,B0076
OPP02278,INDU-M&A-2278,A0142,Industrial,M&A,Qualification,1,0.15,249422294.0,0.01918,4783919.6,2025-07-14,,False,False,B0069
OPP02279,TECH-DebtAdvisory-2279,A0025,Technology & Services,Debt Advisory,Prospecting,0,0.05,95238549.0,0.01282,1220958.2,2025-08-29,,False,False,B0072
OPP02280,INDU-ECM-2280,A0318,Industrial,ECM,Closed Won,5,1.0,62278837.0,0.00918,571719.72,2024-04-19,2024-08-05,True,True,B0071
OPP02281,HEAL-ECM-2281,A0071,Healthcare,ECM,Pitch,2,0.3,30288540.0,0.01113,337111.45,2025-02-03,,False,False,B0073
OPP02282,CONS-Restructuring-2282,A0153,Consumer,Restructuring,Mandate,3,0.55,32841367.0,0.01225,402306.75,2024-07-27,,False,False,B0070
OPP02283,HEAL-ECM-2283,A0263,Healthcare,ECM,Pitch,2,0.3,42050912.0,0.00784,329679.15,2025-04-24,,False,False,B0073
OPP02284,CONS-Restructuring-2284,A0085,Consumer,Restructuring,Qualification,1,0.15,80930030.0,0.01948,1576516.98,2023-05-02,,False,False,B0074
OPP02285,TECH-M&A-2285,A0283,Technology & Services,M&A,Execution,4,0.8,50979108.0,0.01629,830449.67,2023-05-31,,False,False,B0072
OPP02286,INDU-DebtAdvisory-2286,A0065,Industrial,Debt Advisory,Execution,4,0.8,27780508.0,0.00991,275304.83,2023-10-22,,False,False,B0074
OPP02287,CONS-ECM-2287,A0271,Consumer,ECM,Closed Won,5,1.0,58630401.0,0.00511,299601.35,2024-02-01,2024-12-31,True,True,B0075
OPP02288,INDU-Restructuring-2288,A0040,Industrial,Restructuring,Prospecting,0,0.05,26169301.0,0.00746,195222.99,2024-05-15,,False,False,B0069
OPP02289,HEAL-DebtAdvisory-2289,A0127,Healthcare,Debt Advisory,Execution,4,0.8,148477290.0,0.01858,2758708.05,2025-09-23,,False,False,B0075
OPP02290,CONS-M&A-2290,A0146,Consumer,M&A,Qualification,1,0.15,10572314.0,0.01078,113969.54,2024-09-20,,False,False,B0072
OPP02291,CONS-M&A-2291,A0132,Consumer,M&A,Closed Won,5,1.0,40134383.0,0.00967,388099.48,2024-02-29,2024-10-09,True,True,B0075
OPP02292,INDU-DebtAdvisory-2292,A0226,Industrial,Debt Advisory,Pitch,2,0.3,32701575.0,0.01172,383262.46,2023-01-30,,False,False,B0076
OPP02293,HEAL-Restructuring-2293,A0264,Healthcare,Restructuring,Execution,4,0.8,40701286.0,0.0104,423293.37,2024-08-01,,False,False,B0072
OPP02294,TECH-DebtAdvisory-2294,A0279,Technology & Services,Debt Advisory,Closed Lost,6,0.0,453097210.0,0.00683,3094653.94,2023-11-24,2024-05-04,True,False,B0074
OPP02295,INDU-ECM-2295,A0066,Industrial,ECM,Pitch,2,0.3,34173354.0,0.01109,378982.5,2024-02-03,,False,False,B0075
OPP02296,INDU-DebtAdvisory-2296,A0042,Industrial,Debt Advisory,Prospecting,0,0.05,28433245.0,0.00988,280920.46,2023-04-24,,False,False,B0072
OPP02297,CONS-M&A-2297,A0003,Consumer,M&A,Pitch,2,0.3,236616171.0,0.00591,1398401.57,2024-02-09,,False,False,B0076
OPP02298,CONS-DebtAdvisory-2298,A0269,Consumer,Debt Advisory,Execution,4,0.8,34067590.0,0.01394,474902.2,2023-01-06,,False,False,B0069
OPP02299,INDU-Restructuring-2299,A0129,Industrial,Restructuring,Closed Lost,6,0.0,254539368.0,0.01553,3952996.39,2024-05-22,2025-02-14,True,False,B0076
OPP02300,CONS-Restructuring-2300,A0196,Consumer,Restructuring,Execution,4,0.8,155425809.0,0.00517,803551.43,2023-02-08,,False,False,B0069
OPP02301,CONS-ECM-2301,A0159,Consumer,ECM,Prospecting,0,0.05,48498636.0,0.0085,412238.41,2025-04-11,,False,False,B0070
OPP02302,TECH-M&A-2302,A0129,Technology & Services,M&A,Mandate,3,0.55,32779158.0,0.00887,290751.13,2025-04-23,,False,False,B0076
OPP02303,TECH-ECM-2303,A0113,Technology & Services,ECM,Closed Lost,6,0.0,45917171.0,0.0165,757633.32,2024-08-15,2026-01-09,True,False,B0074
OPP02304,TECH-M&A-2304,A0237,Technology & Services,M&A,Execution,4,0.8,27546877.0,0.00633,174371.73,2023-03-01,,False,False,B0073
OPP02305,TECH-M&A-2305,A0278,Technology & Services,M&A,Prospecting,0,0.05,125362133.0,0.01651,2069728.82,2024-12-07,,False,False,B0076
OPP02306,INDU-Restructuring-2306,A0241,Industrial,Restructuring,Pitch,2,0.3,84284834.0,0.00851,717263.94,2025-09-21,,False,False,B0074
OPP02307,CONS-ECM-2307,A0094,Consumer,ECM,Closed Won,5,1.0,47086207.0,0.0178,838134.48,2024-03-24,2024-10-21,True,True,B0075
OPP02308,INDU-ECM-2308,A0158,Industrial,ECM,Execution,4,0.8,41079196.0,0.01024,420650.97,2025-06-29,,False,False,B0072
OPP02309,INDU-M&A-2309,A0314,Industrial,M&A,Qualification,1,0.15,67257274.0,0.01011,679971.04,2023-02-28,,False,False,B0069
OPP02310,TECH-M&A-2310,A0230,Technology & Services,M&A,Pitch,2,0.3,10949237.0,0.01592,174311.85,2023-01-08,,False,False,B0072
OPP02311,TECH-ECM-2311,A0041,Technology & Services,ECM,Closed Won,5,1.0,21129347.0,0.00556,117479.17,2023-12-09,2024-12-12,True,True,B0076
OPP02312,CONS-Restructuring-2312,A0039,Consumer,Restructuring,Prospecting,0,0.05,18383366.0,0.0127,233468.75,2023-03-07,,False,False,B0076
OPP02313,HEAL-DebtAdvisory-2313,A0060,Healthcare,Debt Advisory,Execution,4,0.8,62572566.0,0.01016,635737.27,2025-01-05,,False,False,B0075
OPP02314,TECH-Restructuring-2314,A0040,Technology & Services,Restructuring,Qualification,1,0.15,10797196.0,0.01421,153428.16,2025-07-23,,False,False,B0073
OPP02315,TECH-M&A-2315,A0256,Technology & Services,M&A,Execution,4,0.8,8426901.0,0.01223,103061.0,2024-04-10,,False,False,B0070
OPP02316,CONS-DebtAdvisory-2316,A0206,Consumer,Debt Advisory,Prospecting,0,0.05,79598477.0,0.00878,698874.63,2025-07-20,,False,False,B0075
OPP02317,HEAL-DebtAdvisory-2317,A0059,Healthcare,Debt Advisory,Prospecting,0,0.05,44138455.0,0.01046,461688.24,2025-05-03,,False,False,B0074
OPP02318,CONS-ECM-2318,A0055,Consumer,ECM,Prospecting,0,0.05,51534224.0,0.00797,410727.77,2025-08-22,,False,False,B0074
OPP02319,HEAL-Restructuring-2319,A0211,Healthcare,Restructuring,Pitch,2,0.3,59139997.0,0.01704,1007745.55,2023-08-20,,False,False,B0072
OPP02320,HEAL-ECM-2320,A0011,Healthcare,ECM,Closed Lost,6,0.0,63291795.0,0.00729,461397.19,2024-03-18,2025-04-10,True,False,B0072
OPP02321,TECH-M&A-2321,A0168,Technology & Services,M&A,Qualification,1,0.15,42085813.0,0.00695,292496.4,2023-06-04,,False,False,B0071
OPP02322,CONS-ECM-2322,A0318,Consumer,ECM,Qualification,1,0.15,24376979.0,0.0176,429034.83,2025-02-28,,False,False,B0070
OPP02323,HEAL-DebtAdvisory-2323,A0083,Healthcare,Debt Advisory,Prospecting,0,0.05,44198526.0,0.00966,426957.76,2023-05-11,,False,False,B0070
OPP02324,TECH-Restructuring-2324,A0298,Technology & Services,Restructuring,Mandate,3,0.55,20433113.0,0.00694,141805.8,2023-06-10,,False,False,B0069
OPP02325,INDU-M&A-2325,A0235,Industrial,M&A,Qualification,1,0.15,177386131.0,0.00522,925955.6,2023-09-28,,False,False,B0075
OPP02326,TECH-ECM-2326,A0259,Technology & Services,ECM,Closed Lost,6,0.0,23153029.0,0.01,231530.29,2024-12-31,2025-05-03,True,False,B0073
OPP02327,TECH-Restructuring-2327,A0047,Technology & Services,Restructuring,Closed Won,5,1.0,34573681.0,0.01725,596396.0,2024-03-25,2024-04-29,True,True,B0069
OPP02328,INDU-DebtAdvisory-2328,A0133,Industrial,Debt Advisory,Qualification,1,0.15,30560484.0,0.01027,313856.17,2025-03-24,,False,False,B0073
OPP02329,TECH-M&A-2329,A0233,Technology & Services,M&A,Closed Lost,6,0.0,8942606.0,0.0119,106417.01,2024-06-21,2024-08-21,True,False,B0074
OPP02330,HEAL-M&A-2330,A0116,Healthcare,M&A,Qualification,1,0.15,23271657.0,0.01329,309280.32,2025-04-09,,False,False,B0073
OPP02331,INDU-DebtAdvisory-2331,A0214,Industrial,Debt Advisory,Mandate,3,0.55,76068018.0,0.00743,565185.37,2025-05-30,,False,False,B0075
OPP02332,INDU-M&A-2332,A0030,Industrial,M&A,Execution,4,0.8,20868903.0,0.00687,143369.36,2023-12-22,,False,False,B0074
OPP02333,TECH-ECM-2333,A0216,Technology & Services,ECM,Mandate,3,0.55,28974019.0,0.01598,463004.82,2025-01-10,,False,False,B0076
OPP02334,CONS-DebtAdvisory-2334,A0201,Consumer,Debt Advisory,Execution,4,0.8,13691762.0,0.00583,79822.97,2023-04-22,,False,False,B0070
OPP02335,HEAL-ECM-2335,A0053,Healthcare,ECM,Closed Lost,6,0.0,73687793.0,0.01873,1380172.36,2023-03-22,2023-07-10,True,False,B0076
OPP02336,CONS-M&A-2336,A0161,Consumer,M&A,Closed Lost,6,0.0,40690344.0,0.00421,171306.35,2024-07-08,2024-10-16,True,False,B0072
OPP02337,CONS-M&A-2337,A0056,Consumer,M&A,Closed Won,5,1.0,11572466.0,0.01515,175322.86,2023-03-13,2023-04-20,True,True,B0069
OPP02338,INDU-Restructuring-2338,A0053,Industrial,Restructuring,Pitch,2,0.3,21426923.0,0.00942,201841.61,2024-09-19,,False,False,B0074
OPP02339,CONS-M&A-2339,A0316,Consumer,M&A,Execution,4,0.8,82081048.0,0.01083,888937.75,2024-05-26,,False,False,B0075
OPP02340,INDU-ECM-2340,A0286,Industrial,ECM,Execution,4,0.8,22294703.0,0.01392,310342.27,2024-10-17,,False,False,B0075
OPP02341,TECH-DebtAdvisory-2341,A0100,Technology & Services,Debt Advisory,Closed Lost,6,0.0,104603412.0,0.00898,939338.64,2024-06-14,2024-07-28,True,False,B0069
OPP02342,CONS-ECM-2342,A0061,Consumer,ECM,Qualification,1,0.15,128331876.0,0.01445,1854395.61,2025-09-25,,False,False,B0076
OPP02343,CONS-Restructuring-2343,A0320,Consumer,Restructuring,Mandate,3,0.55,38074026.0,0.01238,471356.44,2025-05-19,,False,False,B0071
OPP02344,INDU-ECM-2344,A0109,Industrial,ECM,Prospecting,0,0.05,46401783.0,0.01096,508563.54,2023-07-15,,False,False,B0070
OPP02345,TECH-DebtAdvisory-2345,A0210,Technology & Services,Debt Advisory,Execution,4,0.8,59069109.0,0.01946,1149484.86,2025-03-14,,False,False,B0069
OPP02346,TECH-M&A-2346,A0193,Technology & Services,M&A,Qualification,1,0.15,116793507.0,0.0068,794195.85,2024-09-13,,False,False,B0070
OPP02347,INDU-ECM-2347,A0219,Industrial,ECM,Mandate,3,0.55,49256435.0,0.01645,810268.36,2024-05-14,,False,False,B0072
OPP02348,CONS-M&A-2348,A0197,Consumer,M&A,Pitch,2,0.3,80982749.0,0.01617,1309491.05,2023-10-25,,False,False,B0069
OPP02349,CONS-M&A-2349,A0250,Consumer,M&A,Prospecting,0,0.05,13302146.0,0.01455,193546.22,2023-03-14,,False,False,B0070
OPP02350,INDU-M&A-2350,A0221,Industrial,M&A,Qualification,1,0.15,22801508.0,0.01216,277266.34,2025-06-28,,False,False,B0071
OPP02351,TECH-ECM-2351,A0103,Technology & Services,ECM,Mandate,3,0.55,345042080.0,0.01008,3478024.17,2023-10-25,,False,False,B0076
OPP02352,CONS-Restructuring-2352,A0014,Consumer,Restructuring,Closed Won,5,1.0,123632303.0,0.00554,684922.96,2025-05-17,2025-09-30,True,True,B0070
OPP02353,CONS-Restructuring-2353,A0096,Consumer,Restructuring,Prospecting,0,0.05,79246798.0,0.01725,1367007.27,2023-03-02,,False,False,B0075
OPP02354,CONS-DebtAdvisory-2354,A0252,Consumer,Debt Advisory,Closed Won,5,1.0,34957549.0,0.01572,549532.67,2023-09-28,2024-11-07,True,True,B0074
OPP02355,CONS-Restructuring-2355,A0069,Consumer,Restructuring,Mandate,3,0.55,20879867.0,0.0107,223414.58,2023-12-07,,False,False,B0072
OPP02356,CONS-DebtAdvisory-2356,A0169,Consumer,Debt Advisory,Prospecting,0,0.05,88361606.0,0.01952,1724818.55,2023-06-20,,False,False,B0072
OPP02357,TECH-M&A-2357,A0097,Technology & Services,M&A,Pitch,2,0.3,24786689.0,0.01415,350731.65,2023-11-10,,False,False,B0074
OPP02358,CONS-Restructuring-2358,A0209,Consumer,Restructuring,Prospecting,0,0.05,20140573.0,0.01897,382066.67,2024-05-27,,False,False,B0076
OPP02359,TECH-M&A-2359,A0112,Technology & Services,M&A,Closed Won,5,1.0,237001098.0,0.00815,1931558.95,2023-07-10,2024-09-16,True,True,B0072
OPP02360,INDU-M&A-2360,A0211,Industrial,M&A,Prospecting,0,0.05,25518277.0,0.00797,203380.67,2023-11-29,,False,False,B0076
OPP02361,TECH-Restructuring-2361,A0254,Technology & Services,Restructuring,Closed Lost,6,0.0,155164470.0,0.01637,2540042.37,2024-05-11,2025-06-16,True,False,B0075
OPP02362,CONS-M&A-2362,A0045,Consumer,M&A,Closed Lost,6,0.0,55469205.0,0.01376,763256.26,2023-03-08,2023-04-22,True,False,B0076
OPP02363,CONS-M&A-2363,A0151,Consumer,M&A,Mandate,3,0.55,10079608.0,0.01483,149480.59,2023-08-15,,False,False,B0069
OPP02364,CONS-ECM-2364,A0195,Consumer,ECM,Qualification,1,0.15,269735177.0,0.00716,1931303.87,2023-11-21,,False,False,B0076
OPP02365,TECH-ECM-2365,A0088,Technology & Services,ECM,Closed Won,5,1.0,15710735.0,0.00879,138097.36,2023-08-25,2025-01-04,True,True,B0069
OPP02366,TECH-Restructuring-2366,A0256,Technology & Services,Restructuring,Qualification,1,0.15,36121387.0,0.01017,367354.51,2024-02-03,,False,False,B0075
OPP02367,CONS-Restructuring-2367,A0145,Consumer,Restructuring,Mandate,3,0.55,8569574.0,0.01957,167706.56,2024-02-29,,False,False,B0070
OPP02368,HEAL-M&A-2368,A0308,Healthcare,M&A,Closed Lost,6,0.0,72456961.0,0.00957,693413.12,2023-06-28,2024-03-27,True,False,B0073
OPP02369,INDU-DebtAdvisory-2369,A0097,Industrial,Debt Advisory,Mandate,3,0.55,13906092.0,0.00882,122651.73,2025-04-09,,False,False,B0071
OPP02370,INDU-M&A-2370,A0038,Industrial,M&A,Closed Won,5,1.0,50283040.0,0.01736,872913.57,2023-07-28,2023-10-19,True,True,B0072
OPP02371,CONS-ECM-2371,A0044,Consumer,ECM,Closed Lost,6,0.0,46125851.0,0.00499,230168.0,2025-07-27,2025-10-29,True,False,B0072
OPP02372,INDU-DebtAdvisory-2372,A0172,Industrial,Debt Advisory,Pitch,2,0.3,11999528.0,0.0131,157193.82,2023-09-20,,False,False,B0072
OPP02373,CONS-M&A-2373,A0046,Consumer,M&A,Execution,4,0.8,220567975.0,0.00487,1074166.04,2025-03-08,,False,False,B0072
OPP02374,HEAL-DebtAdvisory-2374,A0217,Healthcare,Debt Advisory,Qualification,1,0.15,116039136.0,0.00734,851727.26,2023-10-15,,False,False,B0069
OPP02375,INDU-DebtAdvisory-2375,A0225,Industrial,Debt Advisory,Qualification,1,0.15,37280225.0,0.01566,583808.32,2023-05-29,,False,False,B0069
OPP02376,TECH-M&A-2376,A0190,Technology & Services,M&A,Pitch,2,0.3,118531067.0,0.01435,1700920.81,2023-10-17,,False,False,B0073
OPP02377,TECH-M&A-2377,A0297,Technology & Services,M&A,Pitch,2,0.3,73683316.0,0.00823,606413.69,2025-08-08,,False,False,B0070
OPP02378,TECH-ECM-2378,A0008,Technology & Services,ECM,Closed Won,5,1.0,50145484.0,0.01236,619798.18,2023-05-11,2023-12-04,True,True,B0076
OPP02379,TECH-M&A-2379,A0204,Technology & Services,M&A,Closed Won,5,1.0,20965299.0,0.01391,291627.31,2024-06-05,2025-08-28,True,True,B0072
OPP02380,HEAL-ECM-2380,A0031,Healthcare,ECM,Pitch,2,0.3,17858973.0,0.01727,308424.46,2024-04-03,,False,False,B0073
OPP02381,HEAL-DebtAdvisory-2381,A0047,Healthcare,Debt Advisory,Qualification,1,0.15,43653176.0,0.01462,638209.43,2024-07-21,,False,False,B0070
OPP02382,HEAL-Restructuring-2382,A0262,Healthcare,Restructuring,Qualification,1,0.15,14019614.0,0.0099,138794.18,2023-10-13,,False,False,B0071
OPP02383,TECH-ECM-2383,A0189,Technology & Services,ECM,Qualification,1,0.15,14576699.0,0.00944,137604.04,2024-05-26,,False,False,B0069
OPP02384,CONS-ECM-2384,A0196,Consumer,ECM,Mandate,3,0.55,19420528.0,0.01266,245863.88,2024-08-02,,False,False,B0073
OPP02385,CONS-Restructuring-2385,A0040,Consumer,Restructuring,Prospecting,0,0.05,135479242.0,0.0057,772231.68,2023-09-20,,False,False,B0073
OPP02386,TECH-DebtAdvisory-2386,A0034,Technology & Services,Debt Advisory,Closed Won,5,1.0,95506782.0,0.01855,1771650.81,2024-04-05,2024-06-12,True,True,B0073
OPP02387,CONS-ECM-2387,A0031,Consumer,ECM,Closed Won,5,1.0,40317059.0,0.01842,742640.23,2023-03-15,2024-07-17,True,True,B0069
OPP02388,TECH-Restructuring-2388,A0086,Technology & Services,Restructuring,Qualification,1,0.15,142397536.0,0.01686,2400822.46,2023-06-03,,False,False,B0070
OPP02389,TECH-Restructuring-2389,A0102,Technology & Services,Restructuring,Pitch,2,0.3,36902951.0,0.00648,239131.12,2023-10-25,,False,False,B0075
OPP02390,CONS-M&A-2390,A0054,Consumer,M&A,Closed Lost,6,0.0,21602582.0,0.01247,269384.2,2025-04-20,2026-09-04,True,False,B0076
OPP02391,INDU-Restructuring-2391,A0160,Industrial,Restructuring,Closed Won,5,1.0,13430156.0,0.0167,224283.61,2023-04-17,2023-05-28,True,True,B0072
OPP02392,HEAL-DebtAdvisory-2392,A0317,Healthcare,Debt Advisory,Closed Won,5,1.0,29016676.0,0.01019,295679.93,2023-12-26,2024-08-27,True,True,B0075
OPP02393,CONS-ECM-2393,A0307,Consumer,ECM,Prospecting,0,0.05,67477910.0,0.01265,853595.56,2024-01-11,,False,False,B0075
OPP02394,TECH-Restructuring-2394,A0275,Technology & Services,Restructuring,Closed Lost,6,0.0,70880381.0,0.00994,704550.99,2024-02-17,2025-08-06,True,False,B0071
OPP02395,HEAL-Restructuring-2395,A0139,Healthcare,Restructuring,Execution,4,0.8,36631563.0,0.01945,712483.9,2024-10-22,,False,False,B0072
OPP02396,CONS-Restructuring-2396,A0166,Consumer,Restructuring,Execution,4,0.8,56156819.0,0.01452,815397.01,2023-07-22,,False,False,B0073
OPP02397,INDU-Restructuring-2397,A0150,Industrial,Restructuring,Closed Won,5,1.0,126671846.0,0.01718,2176222.31,2023-05-06,2024-07-28,True,True,B0072
OPP02398,HEAL-DebtAdvisory-2398,A0065,Healthcare,Debt Advisory,Execution,4,0.8,89338655.0,0.01077,962177.31,2024-09-14,,False,False,B0070
OPP02399,CONS-M&A-2399,A0004,Consumer,M&A,Execution,4,0.8,82016649.0,0.01033,847231.98,2024-08-23,,False,False,B0073
OPP02400,HEAL-Restructuring-2400,A0315,Healthcare,Restructuring,Mandate,3,0.55,6711177.0,0.01513,101540.11,2025-07-09,,False,False,B0075
